timestamp,Driver Square Filtred Current, Wiring Square Filtred Current, Switches Square Filtred Current
8652,0.0471145,0.0472218,0.0489533
8684,0.0471145,0.0472993,0.048539
8795,0.0471294,0.0468493,0.0468224
8843,0.0471294,0.0469089,0.0456035
8874,0.0471294,0.0470817,0.0454336
43903,0.761881,0.0142694,0.0140637
43935,None,0.0142306,0.0139177
43936,0.761881,None,None
43967,0.761881,0.0142217,0.0138164
43998,0.761881,0.0142246,0.0140071
44029,None,0.014168,0.0138491
44030,0.761881,None,None
44108,None,0.0140756,0.0137657
44109,0.762305,None,None
44124,0.762305,0.0141084,0.0142425
44155,None,None,0.0140131
44156,0.762305,0.0140309,None
44187,0.762305,0.014028,0.0140995
44219,0.762305,0.0139505,0.0139058
44282,0.762305,0.0140369,0.0139594
44328,None,None,0.0143617
44329,0.762305,0.0141859,None
44377,0.762305,0.0142246,0.0145495
44424,0.762305,0.0142723,0.0148952
44504,0.762305,0.0143498,0.014475
44552,0.762305,0.0143319,0.0141114
44583,None,None,0.0141114
44584,0.762305,0.0142574,None
44616,0.76268,0.0142336,0.0140786
44647,None,None,0.0135988
44648,0.76268,0.0140876,None
44727,None,0.0142336,0.0144392
44728,0.76268,None,None
44759,0.76268,0.0141799,0.0143349
44791,0.76268,0.0142097,0.0145197
44823,0.76268,0.0141501,0.0140339
44855,0.76268,0.0142157,0.0145137
44933,0.76268,0.014329,0.0144541
44963,0.76268,0.0143498,0.0144452
44996,0.76268,0.0143498,0.0148505
45042,0.76268,0.0143647,0.0148088
45120,0.758618,0.0142545,0.0136703
45150,None,None,0.0138044
45151,0.758618,0.0142872,None
45182,None,0.0142813,0.0135988
45183,0.758618,None,None
45214,None,None,0.0131905
45215,0.758618,0.0142664,None
45246,None,0.0142246,0.0132293
45247,0.758618,None,None
45437,0.758618,0.0143468,0.0152379
45468,None,None,0.0151664
45469,0.758618,0.0143051,None
45532,0.758618,0.0143588,0.0151008
45564,0.758618,0.0143439,0.0147879
45595,0.720084,0.0144064,0.0145882
45735,0.720084,0.0144869,0.0150293
45783,0.720084,0.0145406,0.0152767
45814,None,None,0.015071
45815,0.720084,0.0146121,None
45846,0.720084,0.0145853,0.0150412
45878,None,None,0.0144422
45879,0.720084,0.014466,None
45958,0.720084,0.0144601,0.0142306
46006,0.720084,0.0144541,0.0140786
46038,0.720084,0.0145495,0.0146389
46086,0.720084,0.0146538,0.0148803
46165,0.674701,0.0146598,0.0146687
46197,0.674701,0.0147045,0.0147253
46290,None,None,0.0141025
46291,0.674701,0.0146955,None
46401,0.674701,0.0146121,0.0143051
46448,0.674701,0.0144839,0.0140667
46478,None,None,0.0142634
46479,0.674701,0.0145137,None
46516,0.674701,0.0146002,0.0145674
46574,0.674701,0.014621,0.0146568
46685,0.628364,0.0144571,0.0144571
46748,0.628364,0.014469,0.0147492
46780,0.628364,0.0144958,0.0146866
46906,0.628364,0.0146061,0.0147849
46984,0.628364,0.0144511,0.0139385
47000,0.628364,0.014475,0.0139296
47032,0.628364,0.0143677,0.0140339
47062,None,None,0.0137955
47063,0.628364,0.0143439,None
47094,0.583461,0.0143051,0.0136912
47173,0.583461,0.0144035,0.0144303
47203,None,0.0143677,0.0142753
47204,0.583461,None,None
47235,0.583461,0.0144213,0.0144422
47410,0.583461,0.0143588,0.0142574
47441,None,0.0143886,0.0140876
47442,0.583461,None,None
47473,0.583461,0.0143945,0.0139594
47505,0.583461,0.0143349,0.0138849
47543,0.583461,0.0143588,0.0139296
47601,0.538257,0.0143528,0.0142038
47633,0.538257,0.0143945,0.0145286
47775,0.538257,0.0142694,0.014168
47823,0.538257,0.0142127,0.013864
47854,None,None,0.0135601
47855,0.538257,0.0141412,None
47887,0.538257,0.0140995,0.0134736
47919,0.538257,0.0141233,0.0134587
47998,0.538257,0.0141233,0.0137836
48094,0.492355,0.0142723,0.0146061
48254,0.492355,0.0143707,0.0154018
48300,None,None,0.0152111
48301,0.492355,0.0143528,None
48332,0.492355,0.0144571,0.0156313
48428,0.492355,0.0145584,0.0153035
48459,None,None,0.0149757
48460,0.492355,0.0145614,None
48616,0.444579,0.0147104,0.0151873
48711,0.444579,0.0146359,0.0145912
48790,None,0.0147671,0.0143021
48791,0.444579,None,None
48822,0.444579,0.0147581,0.0144571
48839,0.444579,0.0147879,0.014329
48870,None,None,0.014329
48871,0.444579,0.0148088,None
48901,0.444579,0.0148445,0.0142664
48932,None,None,0.0141859
48933,0.444579,0.0148475,None
49012,0.444579,0.0148743,0.0143141
49043,0.444579,0.0148028,0.0140071
49075,0.444579,0.0147104,0.0136793
49091,0.396779,0.0147313,0.0139922
49123,0.396779,0.0146657,0.0141501
49202,0.396779,0.0146061,0.0135958
49233,0.396779,0.0145584,0.0139832
49264,0.396779,0.0145227,0.0146657
49312,0.396779,0.0145316,0.0146151
49344,0.396779,0.0144958,0.0147194
49504,0.396779,0.0143856,0.0140786
49535,None,None,0.0139475
49536,0.396779,0.0143677,None
49599,0.349933,0.01432,0.0143528
49631,0.349933,0.0143558,0.0141382
49758,None,None,0.014624
49759,0.349933,0.0143558,None
49836,None,None,0.01463
49837,0.349933,0.0143826,None
49867,None,0.0143796,0.0144273
49868,0.349933,None,None
49899,0.349933,0.0143826,0.0142813
49915,None,None,0.014177
49916,0.349933,0.014323,None
49947,0.349933,0.0142992,0.0142306
50026,0.349933,0.0143945,0.0140786
50057,None,None,0.0144213
50058,0.349933,0.014469,None
50073,None,0.0145167,0.0145555
50074,0.349933,None,None
50105,0.304204,0.0145078,0.0148535
50137,0.304204,0.0145406,0.0152647
50169,None,None,0.0152886
50170,0.304204,0.014621,None
50249,0.304204,0.0145763,0.0147998
50297,0.304204,0.0146002,0.0151008
50329,0.304204,0.014621,0.0150412
50376,0.304204,0.0146657,0.0148863
50454,0.304204,0.0146508,0.0151545
50486,0.304204,0.0146866,0.0147283
50518,0.304204,0.0147462,0.0145376
50660,0.256845,0.0145704,0.013864
50676,0.256845,0.0145376,0.0139773
50708,0.256845,0.0145584,0.0138283
50740,0.256845,0.0146925,0.0143141
50772,0.256845,0.0145853,0.0141859
50835,0.256845,0.0145555,0.0145942
50881,None,None,0.0146747
50882,0.256845,0.0145823,None
51184,0.161514,0.0144452,0.0144094
51264,0.161514,0.0145137,0.014478
51310,0.161514,0.0143856,0.0147015
51342,0.161514,0.0144035,0.0147939
51500,0.161514,0.0143915,0.0144064
51532,0.161514,0.0143826,0.0143886
51563,0.161514,0.0144213,0.0143945
51707,0.0357836,0.0143439,0.0136435
51755,0.0357836,0.014323,0.0138402
51786,None,0.0143021,0.0137955
51787,0.0357836,None,None
51848,None,0.0142395,0.0140756
51849,0.0357836,None,None
51880,0.0357836,0.0142455,0.0139803
51912,0.0357836,0.014165,0.0139266
51945,0.0357836,0.014177,0.0133842
51976,0.0357836,0.0142485,0.0136524
52056,0.0357836,0.014329,0.0144988
52103,0.0143886,0.01432,0.0149041
52135,0.0143886,0.0144273,0.0154197
52277,0.0143886,0.0144273,0.0148714
52309,0.0143886,0.0143379,0.0149429
52341,0.0143886,0.0143439,0.0145078
52373,0.0143886,0.0143319,0.0142485
52453,0.0143886,0.0142813,0.0139862
52499,0.0143886,0.0141829,0.0138313
52674,0.0143945,0.0142872,0.0139862
52706,0.0143945,0.0143588,0.0143588
52738,0.0143945,0.0143319,0.0145793
52769,0.0143945,0.0143558,0.0144601
52801,0.0143945,0.0144988,0.0149906
52839,0.0143945,0.014478,0.014776
52897,0.0143945,0.0145674,0.0150055
52929,0.0143945,0.0145674,0.0145108
52961,0.0143945,0.0145495,0.0143766
52993,0.0143945,0.0145912,0.0143647
53025,0.0143945,0.0145823,0.0147581
53104,None,0.0145614,0.0147223
53105,0.0144303,None,None
53152,0.0144303,0.0145227,0.0150472
53184,0.0144303,0.0145286,0.0150591
53216,0.0144303,0.0145376,0.0151336
53294,None,None,0.0150472
53295,0.0144303,0.0145942,None
53342,0.0144303,0.0145942,0.0150263
53435,None,None,0.0140697
53436,0.0144303,0.0146002,None
53578,0.0144303,0.0145763,0.0137419
53594,0.0144422,0.0145823,0.0138283
53626,0.0144422,0.014621,0.0139445
53705,None,0.0147045,0.0148922
53706,0.0144422,None,None
53737,0.0144422,0.0147641,0.0150979
53769,0.0144422,0.0147432,0.0151753
53801,0.0144422,0.0146776,0.0152349
53833,0.0144422,0.0147074,0.0152975
53943,0.0144422,0.0148177,0.0150681
53975,0.0144422,0.0148505,0.014919
54007,0.0144422,0.0148326,0.0153244
54039,0.0144422,0.0148326,0.0153452
54117,None,0.0147909,0.0149041
54118,0.0144899,None,None
54148,0.0144899,0.0147015,0.0145376
54180,0.0144899,0.0147074,0.0144869
54196,0.0144899,0.0146717,0.014475
54227,None,None,0.0143379
54228,0.0144899,0.0146449,None
54307,None,0.0147164,0.0146896
54308,0.0144899,None,None
54355,0.0144899,0.0146955,0.0147611
54403,0.0144899,0.0145525,0.0141442
54435,0.0144899,0.0146389,0.0141233
54515,0.0144899,0.0146925,0.0139028
54546,None,None,0.0137269
54547,0.0144899,0.0146151,None
54578,None,None,0.0135183
54579,0.0144899,0.0146121,None
54610,None,0.0146627,0.0143319
54611,0.0144869,None,None
54641,0.0144869,0.0146449,0.0142336
54816,0.0144869,0.0144929,0.0142962
54848,0.0144869,0.0145495,0.0145644
54926,None,None,0.0148892
54927,0.0144869,0.0144333,None
54974,0.0144869,0.0143528,0.0141442
55007,0.0144869,0.0143141,0.0144213
55022,0.0144869,0.0142694,0.0137389
55054,0.0144869,0.0142366,0.0138789
55134,0.0144929,0.0142843,0.0142545
55150,0.0144929,0.0143617,0.0143379
55182,0.0144929,0.0143409,0.0146031
55214,0.0144929,0.0144124,0.0149131
55246,0.0144929,0.014323,0.014928
55310,0.0144929,0.0143409,0.0150234
55357,None,None,0.0147343
55358,0.0144929,0.0143558,None
55405,0.0144929,0.0143975,0.0142872
55547,0.0144929,0.0144601,0.0141531
55578,0.0144929,0.0145018,0.014472
55609,0.0144899,0.0144303,0.0147641
55657,0.0144899,0.0144541,0.0146657
55832,0.0144899,0.0144631,0.0148505
55880,0.0144899,0.0145197,0.0146359
55959,None,0.0146419,0.0147223
55960,0.0144899,None,None
55975,None,0.0146478,0.0148207
55976,0.0144899,None,None
56007,0.0144899,0.0146598,0.014928
56039,0.0144899,0.0147641,0.0153065
56070,0.0144899,0.0147283,0.0153929
56148,0.0144929,0.0148118,0.0151962
56179,0.0144929,0.0148684,0.0153959
56211,0.0144929,0.0148565,0.0156939
56241,None,0.0148743,0.0155002
56242,0.0144929,None,None
56273,None,0.0147998,0.0153929
56274,0.0144929,None,None
56309,None,None,0.0150055
56310,0.0144929,0.0147521,None
56381,0.0144929,0.0148058,0.0144094
56540,None,None,0.0149965
56541,0.0144929,0.0148922,None
56572,None,0.014928,0.0148833
56573,0.0144929,None,None
56604,0.0145257,0.0149429,0.0154495
56636,0.0145257,0.0149727,0.0152439
56668,0.0145257,0.0148892,0.0149906
56732,0.0145257,0.0148684,0.0145823
56764,0.0145257,0.0148207,0.014478
56796,0.0145257,0.0148445,0.0144035
56828,0.0145257,0.0148714,0.0141591
56860,0.0145257,0.0148654,0.0142634
56892,0.0145257,0.0148445,0.0145316
57035,0.0145257,0.0147492,0.0146091
57083,0.0145257,0.0148058,0.0148684
57161,0.0145435,0.0147194,0.0151515
57192,None,0.0145972,0.014472
57193,0.0145435,None,None
57224,0.0145435,0.0144839,0.0144452
57256,0.0145435,0.014472,0.0142276
57479,0.0145435,0.0144541,0.0143975
57557,None,None,0.0146657
57558,0.0145435,0.0143975,None
57589,None,0.0143319,0.0144571
57590,0.0145435,None,None
57621,None,None,0.0143319
57622,0.0145257,0.0143111,None
57653,None,0.0142872,0.0139326
57654,0.0145257,None,None
57685,None,0.0142992,0.014165
57686,0.0145257,None,None
57717,0.0145257,0.0143766,0.0142634
57796,None,None,0.0138283
57797,0.0145257,0.0142157,None
57813,0.0145257,0.0142485,0.0138462
57845,0.0145257,0.014329,0.0144541
57876,None,None,0.0143319
57877,0.0145257,0.0142515,None
57908,0.0145257,0.0141829,0.0137627
57987,0.0145257,0.0141531,0.0140786
58019,0.0145257,0.0140965,0.013724
58049,0.0145257,0.0141531,0.0139564
58081,0.0145257,0.0141233,0.0143349
58208,None,None,0.0151902
58209,0.0145346,0.0142545,None
58256,0.0145346,0.0142455,0.014773
58288,0.0145346,0.0142634,0.0142962
58320,0.0145346,0.0143021,0.0139683
58382,0.0145346,0.014317,0.014019
58430,0.0145346,0.0143141,0.0145584
58477,0.0145346,0.0144094,0.0150084
58509,0.0145346,0.0143528,0.0149339
58545,0.0145346,0.0144124,0.0152171
58604,None,None,0.0148177
58605,0.0144958,0.0143677,None
58636,0.0144958,0.0144303,0.0146568
58732,0.0144958,0.0143975,0.0143945
59002,None,0.0144869,0.0138551
59003,0.0144958,None,None
59035,0.0144958,0.0145823,0.0140965
59066,0.0144958,0.0145853,0.0147104
59098,None,None,0.0145227
59099,0.0145108,0.0144452,None
59130,None,0.0144362,0.0149369
59131,0.0145108,None,None
59194,0.0145108,0.0144988,0.0152856
59241,0.0145108,0.0145525,0.0146687
59273,0.0145108,0.0145227,0.0143915
59289,0.0145108,0.0145346,0.0143737
59337,0.0145108,0.0144511,0.0139713
59432,0.0145108,0.0144482,0.0137806
59527,0.0145108,0.0143796,0.0146031
59606,None,None,0.0140011
59607,0.0144929,0.0143439,None
59638,None,None,0.014326
59639,0.0144929,0.0143856,None
59670,None,0.0143707,0.0147283
59671,0.0144929,None,None
59702,0.0144929,0.0144392,0.0142485
59734,0.0144929,0.0144303,0.0144392
59797,0.0144929,0.0142962,0.0146091
59829,0.0144929,0.0143111,0.0142902
59861,0.0144929,0.0143617,0.0141561
59893,0.0144929,0.0144005,0.0142127
59925,0.0144929,0.0144184,0.0141948
59956,None,0.014478,0.0140727
59957,0.0144929,None,None
60036,0.0144929,0.0144064,0.0146925
60148,0.0145018,0.0143588,0.0145972
60195,0.0145018,0.0143796,0.0143915
60242,0.0145018,0.0144094,0.0146866
60274,0.0145018,0.014466,0.0148416
60448,None,0.0146031,0.0147849
60449,0.0145018,None,None
60751,0.0145048,0.0146061,0.0144392
60783,0.0145048,0.0147909,0.0149846
60862,None,0.0147372,0.0149101
60863,0.0145048,None,None
60878,0.0145048,0.0147432,0.0151783
60909,None,0.01477,0.0150114
60910,0.0145048,None,None
60941,0.0145048,0.0147223,0.0145614
61052,0.0145048,0.0145793,0.0143379
61100,None,None,0.0140846
61101,0.0145137,0.0146747,None
61200,0.0145137,0.0146657,0.0146955
61243,0.0145137,0.014621,0.0146627
61290,0.0145137,0.014472,0.0144184
61337,0.0145137,0.0145644,0.0142574
61433,0.0145137,0.0146627,0.0147045
61465,0.0145137,0.0145793,0.014925
61513,0.0145137,0.01463,0.0152528
61544,0.0145137,0.0146657,0.0152916
61575,0.0145137,0.0146985,0.0151664
61654,None,0.0147462,0.0151187
61655,0.0145346,None,None
61686,None,0.0146836,0.0149459
61687,0.0145346,None,None
61717,0.0145346,0.0146627,0.0144422
61749,0.0145346,0.014618,0.014323
61796,0.0145346,0.0145197,0.0141174
61876,0.0145346,0.0145316,0.0143856
61892,0.0145346,0.014469,0.0144422
61924,0.0145346,0.0145286,0.0139356
61956,0.0145346,0.0145465,0.0142455
61986,0.0145346,0.0145853,0.0143975
62049,0.0145346,0.0146151,0.0141799
62080,None,None,0.014177
62081,0.0145346,0.0145346,None
62112,0.0145406,0.0145346,0.0140786
62144,0.0145406,0.0144213,0.0139713
62176,0.0145406,0.0144869,0.0140488
62208,0.0145406,0.0143945,0.0136137
62287,None,0.0145078,0.013867
62288,0.0145406,None,None
62319,0.0145406,0.0144184,0.014174
62351,0.0145406,0.0144184,0.0140578
62493,0.0145406,0.0144303,0.0150353
62525,0.0145406,0.0143737,0.0150055
62557,0.0145406,0.014329,0.0149369
62589,0.0145406,0.0143409,0.0148624
62652,None,0.0143707,0.0144005
62653,0.0145435,None,None
62684,0.0145435,0.0144005,0.0147909
62716,0.0145435,0.0144452,0.0147283
62876,0.0145435,0.0147104,0.0159383
62906,None,None,0.0157326
62907,0.0145435,0.0147134,None
62938,None,None,0.0157654
62939,0.0145435,0.01477,None
62970,None,0.0147372,0.015384
62971,0.0145435,None,None
63114,0.0145733,0.0148386,0.0148743
63161,None,None,0.0149459
63162,0.0145733,0.0149339,None
63193,0.0145733,0.0149906,0.01508
63225,None,0.0150025,0.0149488
63226,0.0145733,None,None
63304,0.0145733,0.0149548,0.014472
63335,0.0145733,0.0149548,0.0145465
63367,None,0.015071,0.0146329
63368,0.0145733,None,None
63399,0.0145733,0.0149727,0.0143915
63479,0.0145733,0.0148267,0.0142336
63511,0.0145733,0.0148565,0.0142932
63543,0.0145733,0.0148594,0.0145465
63575,0.0145733,0.0148952,0.0143349
63606,None,None,0.0141263
63607,0.0145704,0.0148445,None
63764,0.0145704,0.0146538,0.0136167
63795,None,None,0.013864
63796,0.0145704,0.0145823,None
63828,0.0145704,0.0145674,0.0141561
63907,0.0145704,0.0144809,0.0147641
63923,0.0145704,0.0144929,0.0147611
64099,0.0145316,0.0144511,0.0149041
64130,None,None,0.0142395
64131,0.0145316,0.0144571,None
64146,0.0145316,0.0144392,0.0144482
64178,0.0145316,0.0143677,0.0141382
64208,0.0145316,0.0143409,0.0138998
64240,0.0145316,0.0142783,0.0136137
64334,0.0145316,0.0142753,0.0137478
64366,0.0145316,0.0142217,0.0139385
64414,0.0145316,0.0142604,0.0140131
64493,0.0145316,0.014317,0.0148714
64540,0.0145316,0.0143945,0.0150532
64572,0.0145316,0.0143498,0.0149161
64587,None,None,0.0147432
64588,0.0145316,0.0143558,None
64619,None,None,0.0147432
64620,0.0145435,0.0143886,None
64651,None,0.0144064,0.0144869
64652,0.0145435,None,None
64827,0.0145435,0.0144869,0.0145525
64906,None,None,0.0143826
64907,0.0145435,0.0144184,None
64953,None,0.0144094,0.0143439
64954,0.0145435,None,None
64985,0.0145435,0.0143498,0.0142634
65128,0.0145614,0.0144899,0.0151455
65175,0.0145614,0.0145137,0.015229
65206,0.0145614,0.0146449,0.0151306
65237,0.0145614,0.0146776,0.0147402
65268,0.0145614,0.0147581,0.0148267
65362,0.0145614,0.0147939,0.0153214
65408,None,None,0.0148654
65409,0.0145614,0.0148028,None
65455,0.0145614,0.0147432,0.0149965
65518,0.0145614,0.0147045,0.0145376
13,0.0145614,0.0146687,0.0145197
29,0.0145614,0.0146866,0.0143677
61,0.0145644,0.0146031,0.0139624
93,0.0145644,0.0146866,0.0141621
125,0.0145644,0.0146627,0.014317
204,0.0145644,0.0145674,0.0138551
332,0.0145644,0.0146508,0.0143856
412,0.0145644,0.0146538,0.0145584
444,0.0145644,0.0147074,0.0146747
475,None,None,0.0145972
476,0.0145644,0.0146508,None
507,None,0.0145376,0.0142455
508,0.0145644,None,None
539,0.0145644,0.0145346,0.0144482
619,0.0145495,0.0146359,0.014922
650,0.0145495,0.0145555,0.0145376
682,0.0145495,0.0146568,0.0151396
698,0.0145495,0.0146687,0.0156283
730,0.0145495,0.0146985,0.015533
809,None,None,0.0156999
810,0.0145495,0.0146955,None
857,0.0145495,0.0147343,0.015682
904,0.0145495,0.0147194,0.0150084
953,0.0145495,0.0146657,0.0141531
1032,0.0145495,0.0147372,0.0140727
1047,0.0145495,0.0147283,0.0141114
1093,0.0145465,0.014782,0.0142515
1125,0.0145465,0.0147492,0.0144929
1251,0.0145465,0.0147998,0.0148565
1282,None,None,0.0148296
1283,0.0145465,0.0148147,None
1298,None,None,0.01477
1299,0.0145465,0.014782,None
1330,0.0145465,0.0148505,0.0148296
1490,0.0145465,0.0148207,0.0142902
1522,0.0145465,0.0147969,0.0142753
1554,0.0145465,0.0147015,0.0143528
1633,0.0145406,0.0147253,0.0147492
1664,0.0145406,0.0147372,0.0148624
1696,0.0145406,0.0146061,0.014469
1728,0.0145406,0.0145614,0.0141352
1759,0.0145406,0.0145465,0.0148535
1854,0.0145406,0.0145346,0.014925
1901,0.0145406,0.0145525,0.0148505
1948,0.0145406,0.014618,0.0147998
2027,0.0145406,0.014627,0.0152141
2059,0.0145793,0.0146806,0.0145853
2091,0.0145793,0.0145674,0.014469
2250,0.0145793,0.0147134,0.0148445
2282,0.0145793,0.0146866,0.0152886
2314,0.0145793,0.0147015,0.0154495
2346,0.0145793,0.0146151,0.0148058
2377,0.0145793,0.0147521,0.0151217
2552,0.0145793,0.0146896,0.0145406
2631,None,0.0146598,0.0144333
2632,0.0145942,None,None
2663,0.0145942,0.0146657,0.0149429
2838,0.0145942,0.0148237,0.0153601
2902,0.0145942,0.0147253,0.0146538
3001,0.0145942,0.0146955,0.0140071
3059,0.0145942,0.0145167,0.0140816
3075,0.0145942,0.0145793,0.0142038
3106,0.0145942,0.0146896,0.0140876
3138,0.0145942,0.0146151,0.0141591
3170,0.0145942,0.0146925,0.0142932
3249,0.0145942,0.0144929,0.0146449
3281,0.0145942,0.0145376,0.0148445
3313,0.0145942,0.0145286,0.0148594
3345,0.0145942,0.0146508,0.0150323
3377,0.0145942,0.0146061,0.0150114
3456,None,None,0.0147223
3457,0.0145942,0.0145912,None
3505,0.0145942,0.0146449,0.0146061
3536,0.0145942,0.0146329,0.0146925
3742,0.0146121,0.0145972,0.0149488
3790,0.0146121,0.0145137,0.0145912
3885,None,None,0.0151545
3886,0.0146121,0.0147313,None
3933,0.0146121,0.0148118,0.0155598
3965,0.0146121,0.0148535,0.015837
3997,0.0146121,0.0148177,0.0158817
4077,0.0146687,0.0149757,0.0155479
4092,None,None,0.015372
4093,0.0146687,0.0149876,None
4124,None,0.0150055,0.0153273
4125,0.0146687,None,None
4156,0.0146687,0.0150412,0.0151873
4188,0.0146687,0.0150055,0.0148386
4266,0.0146687,0.0149339,0.0143856
4298,0.0146687,0.0148475,0.0141263
4329,0.0146687,0.0148594,0.0141799
4361,0.0146687,0.0148833,0.014019
4393,0.0146687,0.0148535,0.014621
4456,0.0146687,0.0150561,0.0152886
4488,0.0146687,0.0150263,0.0154972
4504,0.0146687,0.0150561,0.0155479
4535,None,None,0.0154614
4536,0.0146687,0.0150532,None
4567,None,0.0150472,0.0152856
4568,0.0146717,None,None
4600,0.0146717,0.0149578,0.0149995
4677,0.0146717,0.0148952,0.0141591
4709,None,0.0149012,0.0137359
4710,0.0146717,None,None
4725,None,0.0149071,0.0139952
4726,0.0146717,None,None
4963,0.0146717,0.014779,0.0148892
4994,None,0.0148416,0.0150919
4995,0.0146717,None,None
5184,0.0146717,0.0147611,0.01477
5216,0.0146717,0.0147969,0.0151396
5280,0.0146717,0.0148743,0.0145972
5311,0.0146717,0.0149161,0.0148356
5343,None,0.0149578,0.0151306
5344,0.0146717,None,None
5375,0.0146717,0.0149906,0.0153929
5407,0.0146717,0.0149906,0.0155449
5439,0.0146717,0.0149608,0.0154406
5518,None,0.0148743,0.0156194
5519,0.0146717,None,None
5534,0.0146717,0.014928,0.0154138
5739,0.0147045,0.0150084,0.0144452
5755,0.0147045,0.0150919,0.0148565
5787,0.0147045,0.0150293,0.0148475
5834,0.0147045,0.0151128,0.0150144
6101,0.0147223,0.0152081,0.0150919
6132,0.0147223,0.0151753,0.0147521
6163,0.0147223,0.0151813,0.0146508
6195,0.0147223,0.0151336,0.0149697
6227,0.0147223,0.0151128,0.0143319
6258,None,None,0.0148118
6259,0.0147223,0.0151753,None
6337,None,0.0149965,0.0142753
6338,0.0147223,None,None
6368,None,0.0149161,0.0140727
6369,0.0147223,None,None
6400,0.0147223,0.0148863,0.0142127
6416,0.0147223,0.0148982,0.014168
6448,0.0147223,0.0148922,0.0140697
6527,0.0147223,0.0148624,0.0147849
6558,0.0147432,0.0149846,0.0152707
6588,None,None,0.0150025
6589,0.0147432,0.0149816,None
6620,None,None,0.0150383
6621,0.0147432,0.014928,None
6764,0.0147432,0.0149637,0.0149071
6796,0.0147432,0.014931,0.0149727
6843,0.0147432,0.0150204,0.0151366
6971,0.0147432,0.0147104,0.0148743
7003,0.0147432,0.0147671,0.0148594
7018,0.0147432,0.0147164,0.0147194
7050,0.0147432,0.0147283,0.0145435
7130,0.0147641,0.0146627,0.0141144
7162,0.0147641,0.0146657,0.0143766
7178,0.0147641,0.0146568,0.0145286
7210,0.0147641,0.0147104,0.0145406
7242,0.0147641,0.0148386,0.0148118
7273,0.0147641,0.0148505,0.0152588
7351,None,0.0150234,0.0155389
7352,0.0147641,None,None
7383,None,0.0149399,0.0154942
7384,0.0147641,None,None
7415,0.0147641,0.0149339,0.0153601
7431,0.0147641,0.0149935,0.0153214
7575,0.0147492,0.0149548,0.0148684
7607,0.0147492,0.0150144,0.0154495
7639,0.0147492,0.0150055,0.0152439
7671,0.0147492,0.0150889,0.0153989
7733,0.0147492,0.015074,0.0155389
7828,None,0.0150621,0.0150204
7829,0.0147492,None,None
7971,0.0147492,0.0151366,0.0154167
8002,0.0147492,0.0151634,0.0154823
8018,0.0147492,0.0152111,0.0155419
8129,0.0147969,0.0154048,0.0154585
8161,0.0147969,0.0154465,0.0158846
8208,None,None,0.015986
8209,0.0147969,0.0154763,None
8240,0.0147969,0.0154287,0.0162005
8272,None,0.0153691,0.0157356
8273,0.0147969,None,None
8352,0.0147969,0.0153184,0.0151962
8400,0.0147969,0.0152826,0.0144511
8431,None,None,0.0141323
8432,0.0147969,0.0152171,None
8462,0.0147969,0.015229,0.0141799
8494,0.0147969,0.0152826,0.0147045
8574,0.0148356,0.0152379,0.0146657
8605,0.0148356,0.0151396,0.0147045
8637,0.0148356,0.0151068,0.0149369
8652,0.0148356,0.0151545,0.0150025
8684,0.0148356,0.0150263,0.014466
8764,0.0148356,0.0149667,0.0139832
8796,0.0148356,0.0149965,0.01432
8844,0.0148356,0.0149906,0.0145048
8891,None,None,0.0147909
8892,0.0148356,0.0148982,None
8971,None,0.0148505,0.0146747
8972,0.0148356,None,None
9003,0.0148356,0.0147849,0.0141591
9162,0.0148296,0.0145733,0.014618
9194,0.0148296,0.0145316,0.0148892
9226,0.0148296,0.0145972,0.0152081
9257,None,None,0.0154793
9258,0.0148296,0.0146121,None
9289,0.0148296,0.0146657,0.0155061
9352,0.0148296,0.0147462,0.0160813
9384,0.0148296,0.0149131,0.0162035
9416,0.0148296,0.0149131,0.0162631
9448,0.0148296,0.0149578,0.015974
9479,None,None,0.0159442
9480,0.0148296,0.0149757,None
9511,None,0.014928,0.0153989
9512,0.0148296,None,None
9591,0.0148773,0.014928,0.0150949
9607,0.0148773,0.0149727,0.0147849
9639,0.0148773,0.0149876,0.0151485
9671,0.0148773,0.0150472,0.014925
9703,0.0148773,0.01508,0.0148267
9766,0.0148773,0.0149876,0.0137985
9798,0.0148773,0.0149816,0.0143349
9846,None,0.0148207,0.0133395
9847,0.0148773,None,None
9894,0.0148773,0.0148058,0.0132918
9972,None,0.0147134,0.0133455
9973,0.0148773,None,None
10020,0.0148773,0.0146925,0.0133485
10053,0.0148773,0.0148028,0.0141233
10084,0.0148445,0.0147969,0.0141054
10117,0.0148445,0.014782,0.0143826
10196,0.0148445,0.0146508,0.0144452
10228,0.0148445,0.0145346,0.014165
10260,0.0148445,0.0144988,0.0137985
10276,0.0148445,0.0145048,0.0143021
10308,0.0148445,0.0145078,0.0142157
10387,0.0148445,0.0144213,0.0152469
10419,None,0.0144094,0.0152886
10420,0.0148445,None,None
10435,0.0148445,0.0143707,0.0152081
10467,0.0148445,0.0143945,0.0152558
10499,0.0148445,0.0142992,0.0144601
10639,0.0148356,0.0141919,0.0141561
10670,0.0148356,0.014165,0.0138968
10702,0.0148356,0.0142425,0.014624
10781,0.0148356,0.0143677,0.0149399
10813,None,0.0144273,0.0150502
10814,0.0148356,None,None
10861,0.0148356,0.014478,0.015074
10909,0.0148356,0.0144988,0.0148535
10987,None,0.0146031,0.0145435
10988,0.0148356,None,None
11034,None,0.0145257,0.0142664
11035,0.0148356,None,None
11066,0.0148207,0.0145197,0.0143021
11098,None,0.0144243,0.0140846
11099,0.0148207,None,None
11242,0.0148207,0.0146329,0.0142008
11289,0.0148207,0.0145286,0.01477
11321,0.0148207,0.0145525,0.0149488
11357,None,0.0146031,0.0151634
11358,0.0148207,None,None
11416,0.0148207,0.0145346,0.0151664
11446,0.0148207,0.0145346,0.0148624
11478,0.0148207,0.0145555,0.0147998
11509,None,0.0146419,0.0150234
11510,0.0148207,None,None
11542,0.0148207,0.0146329,0.0145316
11685,0.0148326,0.0147671,0.0153393
11716,0.0148326,0.0147343,0.0153184
11748,0.0148326,0.0147194,0.0150204
11828,0.0148326,0.0146419,0.0145227
11859,None,0.0145972,0.0139892
11860,0.0148326,None,None
11907,None,0.0146717,0.0142574
11908,0.0148326,None,None
11939,0.0148326,0.0146508,0.0141561
12017,0.0148326,0.0145584,0.0139356
12047,None,0.0145584,0.0141323
12048,0.0148326,None,None
12079,0.0148147,0.0146627,0.0144631
12108,None,None,0.0142902
12109,0.0148147,0.0146896,None
12140,0.0148147,0.0147581,0.014922
12219,0.0148147,0.0147998,0.0152141
12267,0.0148147,0.0147015,0.0147521
12299,0.0148147,0.0146985,0.0146985
12330,0.0148147,0.0145882,0.0141799
12361,None,None,0.0141323
12362,0.0148147,0.0145346,None
12537,0.0148147,0.0143439,0.0131011
12598,0.0147879,0.0142336,0.0133395
12647,0.0147879,0.0141621,0.0140071
12678,None,0.0141323,0.0142932
12679,0.0147879,None,None
12820,0.0147879,0.0140756,0.0140339
12867,0.0147879,0.0141531,0.0138968
12915,0.0147879,0.0140518,0.0140935
12947,0.0147879,0.0140518,0.0138849
13010,0.0147879,0.0142157,0.0145733
13042,0.0147879,0.0142306,0.014624
13073,0.0147849,0.0142068,0.0150144
13105,0.0147849,0.0141799,0.0152826
13137,0.0147849,0.0140667,0.0148952
13168,None,None,0.015232
13169,0.0147849,0.014171,None
13360,0.0147849,0.0143409,0.0148654
13439,None,None,0.0155091
13440,0.0147849,0.0145018,None
13487,0.0147849,0.0145435,0.0155479
13520,0.0147849,0.0145614,0.0150025
13551,0.0147849,0.014627,0.014928
13583,None,None,0.0145823
13584,0.0147879,0.0146359,None
13663,0.0147879,0.0148028,0.0153631
13711,0.0147879,0.0148177,0.0153482
13743,0.0147879,0.0147969,0.0148714
13775,0.0147879,0.014928,0.0155032
13852,None,None,0.0151187
13853,0.0147879,0.0149697,None
13917,0.0147879,0.0150144,0.0148565
13963,0.0147879,0.0149071,0.0144064
13995,0.0147879,0.0148594,0.0136018
14074,0.0147551,0.0147223,0.0137836
14106,0.0147551,0.0147343,0.0136137
14138,0.0147551,0.0147939,0.014165
14169,0.0147551,0.0147611,0.014317
14200,0.0147551,0.0148207,0.0149488
14471,0.0147551,0.0144869,0.0137925
14503,0.0147551,0.0145078,0.0139952
14535,0.0147551,0.0144064,0.013873
14566,None,None,0.0134021
14567,0.0147283,0.0144184,None
14598,0.0147283,0.0143349,0.0138104
14678,0.0147283,0.0142127,0.0139236
14693,None,None,0.0140935
14694,0.0147283,0.0142276,None
14725,None,0.0142276,0.0141263
14726,0.0147283,None,None
14757,0.0147283,0.0142038,0.0140935
14869,0.0147283,0.0141472,0.0144094
14933,0.0147283,0.014171,0.0143856
14980,0.0147283,0.014326,0.0149786
15012,0.0147283,0.0144035,0.0147998
15090,None,None,0.015384
15091,0.0147253,0.0144362,None
15121,None,0.0144094,0.0154406
15122,0.0147253,None,None
15152,0.0147253,0.0144392,0.0151992
15183,0.0147253,0.0143647,0.0146657
15291,0.0147253,0.0144035,0.0145823
15467,0.0147253,0.0146419,0.0147969
15498,None,0.0146329,0.0146717
15499,0.0147253,None,None
15514,0.0147253,0.0146478,0.0146091
15690,0.0147134,0.0148237,0.0149459
15720,0.0147134,0.0149012,0.0154018
15752,0.0147134,0.0149518,0.0151455
15784,0.0147134,0.0149965,0.015372
15895,0.0147134,0.0149578,0.0150234
15943,0.0147134,0.0148982,0.0145376
15989,0.0147134,0.0148624,0.014329
16021,0.0147134,0.0148654,0.0150651
16085,0.0146866,0.0148177,0.0146449
16117,0.0146866,0.0148177,0.0146657
16149,0.0146866,0.0148028,0.0144869
16181,0.0146866,0.0148326,0.0144631
16213,0.0146866,0.0148863,0.0146866
16355,0.0146866,0.0148892,0.0154525
16449,0.0146866,0.0148565,0.0151098
16527,0.0146866,0.0148118,0.014627
16574,None,0.0147104,0.014317
16575,0.0146925,None,None
16605,0.0146925,0.0147462,0.0143796
16746,None,None,0.0146091
16747,0.0146925,0.0146806,None
16778,0.0146925,0.0146389,0.0146687
16810,0.0146925,0.0147581,0.0148118
16868,0.0146925,0.0146985,0.0152111
16938,0.0146925,0.0145912,0.0143498
16985,0.0146925,0.014475,0.0135273
17017,0.0146925,0.0144809,0.0135988
17064,None,None,0.0135928
17065,0.0146627,0.014475,None
17144,0.0146627,0.0145614,0.0146002
17160,0.0146627,0.0145137,0.0146061
17319,0.0146627,0.0144362,0.0146747
17350,0.0146627,0.0143409,0.0144601
17446,0.0146627,0.0142395,0.0138879
17526,0.0146627,0.0143141,0.0138104
17574,0.0146419,0.0143886,0.0144035
17606,0.0146419,0.0143468,0.0145853
17638,0.0146419,0.0144184,0.0150621
17670,0.0146419,0.0146151,0.0154525
17747,0.0146419,0.0144988,0.0155807
17779,0.0146419,0.0144899,0.0152141
17810,None,None,0.0148267
17811,0.0146419,0.0143468,None
17969,0.0146419,0.0147015,0.014931
18001,0.0146419,0.0147432,0.015074
18033,0.0146419,0.0147998,0.0154316
18064,0.01463,0.0148237,0.0147402
18128,0.01463,0.0147969,0.0150472
18160,0.01463,0.0148624,0.0152171
18191,None,None,0.0152022
18192,0.01463,0.0148267,None
18223,0.01463,0.0148267,0.0149101
18255,0.01463,0.0148028,0.0147611
18335,0.01463,0.0147492,0.014478
18382,0.01463,0.0147939,0.0139982
18413,0.01463,0.0148326,0.0142187
18446,0.01463,0.0148714,0.0141323
18477,None,None,0.013867
18478,0.01463,0.0148237,None
18555,None,None,0.0145048
18556,0.0145972,0.0148356,None
18571,0.0145972,0.0147879,0.0145435
18603,0.0145972,0.0148177,0.0147909
18703,None,None,0.0139982
18704,0.0145972,0.0145525,None
18759,0.0145972,0.0145435,0.0143409
18791,0.0145972,0.0145853,0.0142246
18823,0.0145972,0.0145882,0.013864
18870,0.0145972,0.0144988,0.0147909
18966,0.0145972,0.0144601,0.0144303
19014,0.0145972,0.014466,0.0148684
19045,None,None,0.0149697
19046,0.0145972,0.0144869,None
19078,0.0146091,0.014478,0.0145406
19157,None,None,0.0148088
19158,0.0146091,0.0144184,None
19205,0.0146091,0.0144839,0.0151098
19300,0.0146091,0.0145108,0.0148177
19379,0.0146091,0.0146627,0.0152379
19396,0.0146091,0.0146508,0.0153452
19427,None,0.0146896,0.0151843
19428,0.0146091,None,None
19459,0.0146091,0.0146955,0.0153869
19602,0.0145704,0.0146061,0.014329
19650,0.0145704,0.01463,0.0139803
19682,0.0145704,0.0146627,0.0136942
19713,0.0145704,0.0145763,0.0134408
19792,0.0145704,0.0147134,0.0145376
19809,0.0145704,0.0147432,0.0147194
19856,0.0145704,0.0148296,0.015226
20016,0.0145704,0.0148594,0.0149518
20064,0.0146091,0.0148892,0.0151455
20095,None,None,0.0150293
20096,0.0146091,0.014919,None
20134,0.0146091,0.0149131,0.0153333
20191,0.0146091,0.0148952,0.0150502
20319,0.0146091,0.0148982,0.0148118
20397,None,0.0148624,0.0152171
20398,0.0146091,None,None
20429,0.0146091,0.0148445,0.0150949
20461,0.0146091,0.0148952,0.0151843
20571,None,0.015083,0.0156015
20572,0.0146598,None,None
20603,0.0146598,0.0151068,0.015375
20793,0.0146598,0.0151455,0.014782
20856,None,0.0149548,0.0145257
20857,0.0146598,None,None
20904,0.0146598,0.0148207,0.0139445
20936,0.0146598,0.0148833,0.0134557
21016,0.0146598,0.0147521,0.0132412
21032,0.0146598,0.0147283,0.0136763
21064,0.014627,0.014627,0.0134617
21096,0.014627,0.0146121,0.0140101
21128,0.014627,0.0145793,0.0136137
21207,0.014627,0.0146925,0.0146538
21223,0.014627,0.0146389,0.0144511
21399,0.014627,0.01463,0.0150412
21431,0.014627,0.0145912,0.0148028
21462,None,None,0.0150621
21463,0.014627,0.0145942,None
21494,None,None,0.0154793
21495,0.014627,0.0145555,None
21637,None,None,0.0150502
21638,0.0146359,0.0145465,None
21685,None,0.0145495,0.0149637
21686,0.0146359,None,None
21717,0.0146359,0.0144899,0.0145465
21749,0.0146359,0.014472,0.0149816
21813,0.0146359,0.0146598,0.0153959
21845,0.0146359,0.0146151,0.014931
21877,0.0146359,0.0146925,0.0147045
21909,0.0146359,0.0146657,0.0147581
21941,0.0146359,0.0147909,0.0150174
22020,None,None,0.0145674
22021,0.0146359,0.0148892,None
22036,0.0146359,0.014919,0.0150084
22068,None,None,0.0155479
22069,0.0146717,0.0150919,None
22170,None,0.0152051,0.0160038
22171,0.0146717,None,None
22321,0.0146717,0.0149995,0.0141948
22353,0.0146717,0.0149846,0.0143409
22433,0.0146717,0.0151306,0.0148803
22463,0.0146717,0.015074,0.0151396
22496,0.0146717,0.0150681,0.0155747
22543,0.0146717,0.0150293,0.0149101
22622,None,0.0150859,0.0147969
22623,0.0147134,None,None
22654,0.0147134,0.0150234,0.0148833
22685,0.0147134,0.0150561,0.0146925
22716,None,None,0.0152707
22717,0.0147134,0.0151217,None
22733,0.0147134,0.0150919,0.0153512
22765,0.0147134,0.015083,0.0151426
22844,None,None,0.0153631
22845,0.0147134,0.0151515,None
22908,0.0147134,0.0152081,0.0151694
23020,0.0147134,0.0150234,0.0149965
23067,0.0147402,0.014928,0.0143886
23099,0.0147402,0.0149935,0.0147998
23129,None,None,0.0148356
23130,0.0147402,0.0149369,None
23161,None,None,0.0147134
23162,0.0147402,0.0148356,None
23241,None,0.0149608,0.0151873
23242,0.0147402,None,None
23367,0.0147402,0.0149399,0.0147045
23447,0.0147402,0.0148833,0.0147849
23494,None,0.0148177,0.0144035
23495,0.0147402,None,None
23700,None,0.0150353,0.0159234
23701,0.0147313,None,None
23749,0.0147313,0.0150889,0.0163317
23780,None,None,0.0156581
23781,0.0147313,0.0150055,None
23876,0.0147313,0.0150472,0.0156283
23924,0.0147313,0.0150919,0.0153691
23956,0.0147313,0.015074,0.0150979
23988,0.0147313,0.0151247,0.0152946
24036,0.0147313,0.0151306,0.0144273
24068,0.014773,0.0150979,0.01432
24100,0.014773,0.0150621,0.0145614
24131,0.014773,0.0149965,0.0143141
24164,0.014773,0.0150949,0.0146359
24203,0.014773,0.0151634,0.0153005
24258,0.014773,0.0151753,0.0155032
24290,0.014773,0.0152022,0.0157326
24321,0.014773,0.0152797,0.0159323
24352,0.014773,0.0152886,0.016132
24383,None,None,0.0155181
24384,0.014773,0.0153005,None
24463,0.014773,0.0153065,0.0152826
24479,0.014773,0.0153631,0.015372
24511,0.014773,0.0154793,0.0154138
24543,0.014773,0.0154465,0.0151843
24574,None,None,0.015226
24575,0.0148326,0.0153661,None
24766,0.0148326,0.015074,0.0145346
24798,0.0148326,0.0151634,0.0151068
24893,None,None,0.0151724
24894,0.0148326,0.0150502,None
24941,0.0148326,0.015071,0.015372
24989,0.0148326,0.0151008,0.0152081
25101,0.0148475,0.0152171,0.0150353
25148,None,0.0153393,0.0154674
25149,0.0148475,None,None
25180,0.0148475,0.0151694,0.0149995
25212,0.0148475,0.0151068,0.0150472
25292,0.0148475,0.0149518,0.0147611
25308,0.0148475,0.0149429,0.01463
25340,0.0148475,0.0149727,0.0144631
25371,0.0148475,0.0150263,0.0147283
25403,0.0148475,0.0149548,0.014323
25467,0.0148475,0.0148803,0.0151008
25499,0.0148475,0.0148296,0.0145674
25531,0.0148475,0.0147671,0.0143379
25562,None,None,0.0138164
25563,0.0148296,0.0147074,None
25594,None,0.0147432,0.0140905
25595,0.0148296,None,None
25626,0.0148296,0.0147343,0.0138432
25706,0.0148296,0.0147253,0.0139385
25721,0.0148296,0.0147551,0.014177
25752,0.0148296,0.0147611,0.0145555
26006,0.0148296,0.0147462,0.0152498
26084,None,None,0.014618
26085,0.0148416,0.0147283,None
26131,0.0148416,0.0145793,0.0141948
26163,0.0148416,0.0145286,0.0140578
26306,0.0148416,0.0145912,0.0145495
26322,0.0148416,0.0145644,0.0144422
26354,0.0148416,0.0145018,0.0142902
26385,None,None,0.0145167
26386,0.0148416,0.014466,None
26417,0.0148416,0.0145286,0.0144064
26480,0.0148416,0.0145108,0.014171
26575,0.0148177,0.0146598,0.0147164
26621,0.0148177,0.0147521,0.0148594
26685,0.0148177,0.01477,0.0153154
26732,0.0148177,0.0148147,0.0154346
26764,0.0148177,0.0147372,0.0152826
26795,0.0148177,0.0147611,0.0151694
26825,None,0.0147492,0.0150591
26826,0.0148177,None,None
27017,0.0148177,0.0146687,0.0146776
27128,0.0148565,0.0148088,0.0149995
27160,0.0148565,0.014922,0.0156641
27192,0.0148565,0.0148773,0.0154167
27224,0.0148565,0.0149041,0.0153571
27258,0.0148565,0.0149012,0.0153869
27302,None,0.0149488,0.0149369
27303,0.0148565,None,None
27350,0.0148565,0.0150472,0.0151485
27381,0.0148565,0.0151187,0.0155121
27413,0.0148565,0.0151008,0.0153571
27444,None,None,0.0154316
27445,0.0148565,0.0151545,None
27524,0.0148565,0.0152111,0.015372
27540,0.0148565,0.0151098,0.0149369
27572,0.0148892,0.0151068,0.0147462
27604,0.0148892,0.0150651,0.0147045
27636,0.0148892,0.0151247,0.0147969
27715,0.0148892,0.0150383,0.0144571
27747,0.0148892,0.0150114,0.014928
27779,0.0148892,0.0150263,0.0147074
27811,0.0148892,0.0150472,0.0150204
27869,None,0.0150293,0.0147074
27870,0.0148892,None,None
27937,0.0148892,0.0149488,0.0145525
27985,0.0148892,0.0149816,0.0143856
28017,0.0148892,0.0149488,0.0140339
28048,0.0148892,0.0149161,0.0141054
28127,None,0.0148058,0.0143111
28128,0.0148594,None,None
28158,0.0148594,0.0148118,0.0146925
28204,0.0148594,0.0147611,0.0144929
28235,None,0.0147164,0.0143766
28236,0.0148594,None,None
28267,0.0148594,0.0147849,0.0150055
28347,0.0148594,0.01477,0.014776
28379,0.0148594,0.0147969,0.0155985
28410,None,0.0148058,0.0154704
28411,0.0148594,None,None
28442,0.0148594,0.0147611,0.0154525
28474,0.0148594,0.0147551,0.015083
28650,0.0148863,0.0147313,0.0149131
28730,0.0148863,0.0148177,0.0149637
28762,0.0148863,0.014776,0.014928
28793,None,None,0.0149608
28794,0.0148863,0.0147879,None
28825,0.0148863,0.0147253,0.0145733
28857,0.0148863,0.0147641,0.0147164
29060,0.0149131,0.0150621,0.0156522
29138,0.0149131,0.0150859,0.0150621
29170,0.0149131,0.0151128,0.0152707
29200,None,None,0.0154853
29201,0.0149131,0.0152171,None
29358,None,None,0.0159055
29359,0.0149131,0.0152707,None
29498,0.0149131,0.0153542,0.0156194
29578,0.0149548,0.0153929,0.0159711
29610,0.0149548,0.0153452,0.0153422
29642,0.0149548,0.0153631,0.0149161
29674,0.0149548,0.0153273,0.0148177
29753,0.0149548,0.0153542,0.014919
29802,0.0149548,0.0153989,0.0149429
29833,None,0.0153244,0.0147432
29834,0.0149548,None,None
29865,0.0149548,0.0152469,0.014177
29959,0.0149548,0.0151753,0.0138164
29991,0.0149548,0.0150353,0.0137299
30023,0.0149548,0.0149488,0.0133514
30055,0.0149339,0.0149608,0.0141948
30087,0.0149339,0.0149995,0.0140965
30150,0.0149339,0.0149816,0.0143021
30181,None,None,0.0146538
30182,0.0149339,0.0149459,None
30198,0.0149339,0.0148892,0.0147581
30229,None,None,0.0152022
30230,0.0149339,0.0148803,None
30261,None,0.0147969,0.0150621
30262,0.0149339,None,None
30293,None,0.0148147,0.0147402
30294,0.0149339,None,None
30357,0.0149339,0.0147164,0.0148118
30485,0.0149339,0.0146627,0.0147521
30517,0.0149339,0.0145674,0.0151157
30596,None,0.0146687,0.0154018
30597,0.0149131,None,None
30643,None,None,0.0149816
30644,0.0149131,0.0146449,None
30755,0.0149131,0.0145912,0.0146747
30771,0.0149131,0.0145882,0.0145376
30803,0.0149131,0.0145674,0.0142455
30835,0.0149131,0.01463,0.0144124
30866,None,0.0146568,0.0141084
30867,0.0149131,None,None
31088,0.0149399,0.014776,0.0148207
31120,0.0149399,0.0147372,0.0152528
31293,None,0.0147343,0.0148386
31294,0.0149399,None,None
31530,0.0149399,0.0146121,0.0146747
31608,0.014925,0.0146091,0.0149876
31655,None,0.0146717,0.0149488
31656,0.014925,None,None
31687,0.014925,0.0146419,0.0148743
31718,0.014925,0.0145853,0.0145435
31910,0.014925,0.0147909,0.0150025
32005,0.014925,0.0147283,0.0146806
32022,0.014925,0.0147045,0.0147223
32052,None,0.0146717,0.0146419
32053,0.014925,None,None
32258,0.0149012,0.0146031,0.0147343
32290,0.0149012,0.014782,0.0152528
32321,None,None,0.0152379
32322,0.0149012,0.0147939,None
32400,0.0149012,0.0148684,0.0152171
32432,0.0149012,0.0147849,0.015384
32462,None,None,0.01522
32463,0.0149012,0.0148147,None
32494,0.0149012,0.0148475,0.0148445
32541,None,0.0148386,0.0148445
32542,0.0149012,None,None
32620,0.0148982,0.0147611,0.0145942
32651,0.0148982,0.0148028,0.0148952
32683,0.0148982,0.0148118,0.014919
32699,0.0148982,0.0148386,0.0149608
32731,0.0148982,0.0149041,0.0150681
32811,0.0148982,0.0148505,0.0153691
32842,None,None,0.015077
32843,0.0148982,0.0149071,None
32874,0.0148982,0.0148714,0.0146419
32906,0.0148982,0.0147969,0.0144064
32953,0.0148982,0.014782,0.0141263
33032,0.0148982,0.0147671,0.0143319
33048,0.0148982,0.014779,0.0140458
33080,0.0148833,0.0147194,0.0141829
33112,0.0148833,0.0148177,0.0145793
33144,0.0148833,0.0148028,0.0148177
33223,0.0148833,0.0147611,0.0144124
33253,None,None,0.0147372
33254,0.0148833,0.0147939,None
33284,None,0.0146687,0.0148445
33285,0.0148833,None,None
33316,0.0148833,0.0146747,0.0145406
33348,0.0148833,0.0146627,0.0142604
33427,None,0.0146896,0.0149488
33428,0.0148833,None,None
33459,0.0148833,0.0147045,0.0148803
33491,0.0148833,0.0146985,0.0149757
33523,0.0148833,0.0146925,0.015232
33554,0.0148833,0.0147432,0.01522
33603,0.0148892,0.0147671,0.0150591
33649,0.0148892,0.0147074,0.0149518
33680,None,None,0.0148803
33681,0.0148892,0.0146985,None
33712,None,None,0.0150383
33713,0.0148892,0.0146985,None
33759,0.0148892,0.0146955,0.0149965
33837,0.0148892,0.0147909,0.0152409
33883,None,None,0.0149846
33884,0.0148892,0.0147581,None
33979,0.0148892,0.0148505,0.0145942
34059,0.0148594,0.0148147,0.0146836
34106,None,None,0.014317
34107,0.0148594,0.014776,None
34138,0.0148594,0.0147164,0.0143856
34170,0.0148594,0.0147045,0.014177
34249,0.0148594,0.0146717,0.0138372
34281,0.0148594,0.014618,0.0137478
34313,0.0148594,0.0145704,0.0135422
34584,0.0160217,0.0495195,0.194082
34664,0.0160217,0.203282,0.968736
34711,None,None,1.58024
34712,0.0160217,0.325817,None
34744,0.0160217,0.40102,1.92049
34775,0.0160217,0.477198,2.19927
34854,0.0160217,0.679666,2.51937
34902,0.0160217,0.805396,2.53763
35019,None,None,2.53334
35020,0.0160217,1.10728,None
35077,0.132906,1.23327,2.53333
35093,None,1.28294,2.52868
35094,0.132906,None,None
35124,0.132906,1.35913,2.52939
35156,0.132906,1.43489,2.52829
35188,0.132906,1.51079,2.53406
35267,0.132906,1.71355,2.54105
35395,None,2.04145,2.53969
35396,0.132906,None,None
35475,0.132906,2.24254,2.53518
35507,0.132906,2.31712,2.52819
35539,0.132906,2.3863,2.52437
35571,0.258976,2.46688,2.53345
35603,0.258976,2.50935,2.53256
35682,0.258976,2.53194,2.52455
35698,None,2.53291,2.52263
35699,0.258976,None,None
35873,0.258976,2.5312,2.52824
35922,0.258976,2.52878,2.51667
36129,0.383896,2.50582,2.40442
36300,None,None,2.09525
36301,0.383896,2.42391,None
36332,0.383896,2.41204,2.10065
36364,0.383896,2.40249,2.12259
36380,0.383896,2.39809,2.14429
36491,0.383896,2.3615,2.20006
36523,0.383896,2.34804,2.18527
36570,0.490862,2.32837,2.17135
36600,0.490862,2.32209,2.18217
36741,0.490862,2.31274,2.39326
36773,0.490862,2.3039,2.39658
36805,0.490862,2.29044,2.35765
36837,0.490862,2.27438,2.27962
36933,0.490862,2.22455,2.06377
36980,None,None,2.04433
36981,0.490862,2.20552,None
37012,None,None,2.07309
37013,0.490862,2.1978,None
37044,None,2.19045,2.11092
37045,0.490862,None,None
37124,0.601092,2.1852,2.19694
37314,None,None,2.30492
37315,0.601092,2.22571,None
37363,0.601092,2.24141,2.37576
37395,0.601092,2.24869,2.41655
37426,0.601092,2.25224,2.43374
37506,0.601092,2.24794,2.30773
37553,0.601092,2.17452,1.84486
37585,None,None,1.47017
37586,0.705731,2.10785,None
37616,None,2.03657,1.05517
37617,0.705731,None,None
37648,0.705731,1.96383,0.72161
37725,0.705731,1.76597,0.0116616
37740,None,1.71946,0.011912
37741,0.705731,None,None
37772,0.705731,1.65321,0.0121951
37804,0.705731,1.59159,0.0124395
37837,0.705731,1.5321,0.0121206
37916,None,None,0.0121355
37917,0.705731,1.37334,None
38028,0.705731,1.13719,0.0121087
38060,0.705606,1.04871,0.0119001
38137,None,0.894347,0.0126451
38138,0.705606,None,None
38169,None,0.828204,0.0125259
38170,0.705606,None,None
38201,0.705606,0.74015,0.012815
38217,0.705606,0.718167,0.0127494
38329,0.705606,0.455129,0.0128001
38361,0.705606,0.356042,0.0136375
38409,0.705606,0.258702,0.0131607
38440,None,None,0.0131488
38441,0.705606,0.1674,None
38473,0.705606,0.103968,0.0130385
38552,0.705606,0.0124604,0.0123709
38568,0.705501,0.0124604,0.0123084
38600,0.705501,0.0124723,0.0122994
38632,0.705501,0.0125378,0.0125259
38664,0.705501,0.0125349,0.0122935
38743,0.705501,0.0125825,0.0124723
38950,0.705501,0.0127524,0.0128061
38999,0.705501,0.0128329,0.0135034
39156,None,None,0.0132591
39157,0.705391,0.0128835,None
39203,0.705391,0.0129491,0.0133008
39234,None,0.0129968,0.0134945
39235,0.705391,None,None
39250,0.705391,0.01297,0.0133008
39362,0.705391,0.0128329,0.0130981
39393,0.705391,0.012961,0.0133574
39424,0.705391,0.0130266,0.0134975
39455,0.705391,0.0130415,0.013575
39486,None,None,0.0137776
39487,0.705391,0.0130743,None
39566,0.705266,0.0130206,0.0130951
39598,0.705266,0.0130534,0.0126958
39629,0.705266,0.0130117,0.0124991
39660,0.705266,0.0130594,0.0123918
39691,None,0.0130504,0.0123829
39692,0.705266,None,None
39771,0.705266,0.0131428,0.0130594
39786,None,None,0.0132352
39787,0.705266,0.0132382,None
39818,None,None,0.0133455
39819,0.705266,0.0132889,None
39866,0.705266,0.0132591,0.0136018
40010,0.705266,0.0131398,0.0130594
40058,0.705203,0.0131667,0.0128508
40090,0.705203,0.0131667,0.0130177
40230,0.705203,0.013262,0.0139147
40276,0.705203,0.013268,0.0137001
40307,0.705203,0.0132233,0.0136107
40387,0.705203,0.0132531,0.0134408
40435,0.705203,0.0131845,0.0130802
40467,0.705203,0.0131935,0.0132322
40498,None,None,0.0134975
40499,0.705203,0.0131875,None
40673,0.705135,0.0133336,0.01297
40719,None,None,0.012964
40720,0.705135,0.0133365,None
40799,0.705135,0.0133395,0.0130981
40815,0.705135,0.0133276,0.0133872
40847,0.705135,0.0132948,0.0133991
40894,0.705135,0.013274,0.0132561
40990,0.705135,0.013119,0.0119567
41037,None,None,0.0123501
41038,0.705135,0.0131637,None
41069,None,0.0131607,0.0123888
41070,0.705045,None,None
41101,None,0.013119,0.0126809
41102,0.705045,None,None
41213,0.705045,0.0129074,0.0123113
41261,0.705045,0.0128508,0.0123322
41293,0.705045,0.0128508,0.0123322
41324,None,0.012809,0.0123382
41325,0.705045,None,None
41404,0.705045,0.0128388,0.0129223
41452,0.705045,0.0128448,0.0131041
41483,0.705045,0.0128418,0.0131279
41514,None,None,0.01311
41515,0.705045,0.012809,None
41592,None,0.0127643,0.0134528
41593,0.70495,None,None
41624,0.70495,0.0128627,0.0134557
41672,0.70495,0.0128835,0.0132442
41704,0.70495,0.0129342,0.0135899
41735,0.70495,0.0129461,0.0138253
41815,None,0.012964,0.013876
41816,0.70495,None,None
41846,0.70495,0.0130713,0.0140995
41893,0.70495,0.0131786,0.0143886
42020,0.70495,0.0131637,0.0131786
42052,0.70495,0.0131756,0.012809
42148,None,0.013262,0.0129044
42149,0.704899,None,None
42228,0.704899,0.0132471,0.0129998
42276,0.704899,0.0132263,0.0123292
42307,0.704899,0.013262,0.0125289
42338,0.704899,0.0133038,0.0128567
42415,None,None,0.0128448
42416,0.704899,0.0132531,None
42464,0.704899,0.0131667,0.0128955
42495,0.704899,0.0132203,0.0130862
42527,0.704899,0.0133723,0.0136495
42559,0.70481,0.0133783,0.0133604
42639,0.70481,0.0133187,0.0141829
42655,0.70481,0.0133187,0.0140458
42686,0.70481,0.0133634,0.0144005
42718,0.70481,0.0134051,0.0138968
42749,None,None,0.0137478
42750,0.70481,0.0133067,None
42827,None,None,0.0135094
42828,0.70481,0.0132203,None
42860,0.70481,0.013113,0.0131488
42923,None,0.0132203,0.013113
42924,0.70481,None,None
43033,0.70481,0.0130773,0.012219
43080,0.70473,0.0130832,0.0128031
43112,0.70473,0.0131249,0.0127435
43144,0.70473,0.0131637,0.0128239
43223,None,None,0.0137866
43224,0.70473,0.0132412,None
43271,0.70473,0.0132978,0.0135243
43303,0.70473,0.0133246,0.0135839
43351,0.70473,0.0133425,0.0137627
43523,0.70473,0.0134081,0.0139385
43555,0.704673,0.0133693,0.0137568
43635,0.704673,0.0133723,0.0131905
43666,0.704673,0.0133842,0.0132084
43760,0.704673,0.0132978,0.0136912
43840,0.704673,0.0133693,0.0135571
43887,0.704673,0.0133693,0.0130445
44047,0.704673,0.0136048,0.0135422
44079,0.704598,0.0134915,0.0134677
44110,None,0.0135094,0.0134379
44111,0.704598,None,None
44141,0.704598,0.0134856,0.0134349
44172,None,None,0.0129879
44173,0.704598,0.0133961,None
44221,None,0.0132889,0.0122517
44222,0.704598,None,None
44460,0.704598,0.0129879,0.0129074
44492,0.704598,0.0130326,0.0130832
44523,None,None,0.01297
44524,0.704598,0.0130177,None
44554,0.704598,0.0130594,0.0134706
44586,None,0.0130802,0.0135064
44587,0.703302,None,None
44666,0.703302,0.0130355,0.0133485
44681,None,0.0129968,0.0132442
44682,0.703302,None,None
44857,0.703302,0.0129908,0.0129074
44905,0.703302,0.0130355,0.0133395
44952,0.703302,0.0129819,0.0129163
45000,None,None,0.0132799
45001,0.703302,0.0129461,None
45080,None,0.0128597,0.0125617
45081,0.586322,None,None
45096,0.586322,0.0129461,0.0129938
45128,0.586322,0.0128895,0.0129938
45160,0.586322,0.0129521,0.0133038
45192,0.586322,0.012961,0.0127196
45272,0.586322,0.0130743,0.0132829
45303,0.586322,0.013122,0.0131249
45335,0.586322,0.0132203,0.0138551
45382,0.586322,0.0131696,0.0134379
45462,0.586322,0.0132173,0.0137866
45494,0.586322,0.013271,0.0140548
45524,None,None,0.0135064
45525,0.586322,0.0132978,None
45556,0.460199,0.013268,0.0136018
45588,None,0.0132233,0.0136256
45589,0.460199,None,None
45666,0.460199,0.0133365,0.014165
45713,0.460199,0.0134349,0.0138491
45809,None,0.0134528,0.0139207
45810,0.460199,None,None
45904,0.460199,0.0133246,0.0129104
45951,None,0.0134468,0.0129282
45952,0.460199,None,None
45983,0.460199,0.0134021,0.0127614
46015,0.460199,0.013411,0.0129253
46093,0.33519,0.01342,0.0134021
46108,None,None,0.0131816
46109,0.33519,0.0133961,None
46284,0.33519,0.0134945,0.0134945
46316,0.33519,0.0135213,0.0136554
46346,None,0.0134289,0.0136226
46347,0.33519,None,None
46488,0.33519,0.0133634,0.0132054
46520,0.33519,0.0133008,0.0126451
46552,0.33519,0.0133157,0.0127673
46583,0.228179,0.0132889,0.0127673
46615,0.228179,0.013274,0.0128984
46695,None,0.0131845,0.013119
46696,0.228179,None,None
46742,0.228179,0.0131339,0.0131279
46774,0.228179,0.0131816,0.013262
46806,0.228179,0.0131577,0.0133365
46901,0.228179,0.0132799,0.0132352
46963,0.228179,0.0131696,0.0128835
46995,0.228179,0.0132203,0.0133902
47011,0.228179,0.0132382,0.0133991
47043,0.228179,0.0131816,0.0131071
47122,0.117856,0.0131726,0.0133812
47153,0.117856,0.0131965,0.0135183
47185,0.117856,0.0131667,0.0130415
47200,None,0.0131547,0.0131041
47201,0.117856,None,None
47247,0.117856,0.0132442,0.013873
47626,0.0131249,0.0132829,0.0128418
47705,0.0131249,0.013274,0.0130266
47734,None,0.0132591,0.0130504
47735,0.0131249,None,None
47767,0.0131249,0.0131696,0.0130892
47799,0.0131249,0.0132352,0.012818
47814,0.0131249,0.013116,0.0124454
48055,0.0131756,0.0132322,0.0138193
48132,None,None,0.0128627
48133,0.0131756,0.0130624,None
48163,0.0131756,0.0130147,0.012657
48195,0.0131756,0.0130504,0.012514
48227,0.0131756,0.012967,0.0121474
48259,0.0131756,0.0128537,0.0121951
48339,0.0131756,0.0129759,0.0131756
48370,0.0131756,0.0128984,0.0129163
48529,0.0131756,0.0129253,0.0130087
48561,0.0131696,0.0129044,0.0128925
48593,0.0131696,0.0128597,0.0125051
48625,0.0131696,0.0129074,0.0128031
48656,None,0.0129104,0.01266
48657,0.0131696,None,None
48693,0.0131696,0.0128686,0.0125468
48752,None,0.0128597,0.0126809
48753,0.0131696,None,None
48943,0.0131696,0.0128567,0.0126213
48989,0.0131696,0.012821,0.0128806
49036,0.0131696,0.0128061,0.0123531
49068,0.0131637,0.0127763,0.0124216
49337,0.0131637,0.0130326,0.0137091
49384,0.0131637,0.0130147,0.013715
49416,0.0131637,0.013122,0.013873
49559,None,None,0.013718
49560,0.0131845,0.0131994,None
49575,0.0131845,0.0132024,0.013718
49607,0.0131845,0.0132263,0.0130594
49639,0.0131845,0.0131309,0.0131279
49671,0.0131845,0.0132322,0.0129431
49750,0.0131845,0.0133663,0.0134528
49783,0.0131845,0.0133723,0.0136375
49798,0.0131845,0.0133365,0.0136882
49830,0.0131845,0.0133038,0.0140429
49878,0.0131845,0.013417,0.0140458
49974,0.0131845,0.0136167,0.0141025
50006,0.0131845,0.0136107,0.0139654
50022,0.0131845,0.0135809,0.0138402
50054,0.0131845,0.0136018,0.0136405
50211,None,0.0134528,0.0125229
50212,0.0132114,None,None
50417,0.0132114,0.0133097,0.0131726
50449,0.0132114,0.0133455,0.013569
50481,0.0132114,0.0132054,0.0133216
50560,None,None,0.0132263
50561,0.0131786,0.0132769,None
50656,0.0131786,0.0131756,0.0128537
50704,None,None,0.0126779
50705,0.0131786,0.0131339,None
50783,None,0.0131488,0.01297
50784,0.0131786,None,None
50815,0.0131786,0.013122,0.013274
50846,0.0131786,0.01311,0.0133485
50878,0.0131786,0.0130475,0.0134259
51099,0.0131875,0.0130415,0.0132859
51179,0.0131875,0.0130773,0.0133723
51209,0.0131875,0.0131071,0.0134468
51242,0.0131875,0.0131786,0.0133872
51273,None,0.0131428,0.0132352
51274,0.0131875,None,None
51415,0.0131875,0.0130415,0.0126183
51431,0.0131875,0.0130475,0.012812
51463,0.0131875,0.0130206,0.0128895
51495,0.0131875,0.0130475,0.0127673
51526,0.0131875,0.0130832,0.0128388
51606,0.0132173,0.0130892,0.0130385
51636,None,None,0.0131667
51637,0.0132173,0.0131637,None
51668,None,0.0131071,0.0134021
51669,0.0132173,None,None
51701,0.0132173,0.0131637,0.0132471
51812,None,0.0131696,0.0136793
51813,0.0132173,None,None
51859,0.0132173,0.0131786,0.0134677
51907,0.0132173,0.0132531,0.0136077
52002,0.0132173,0.0130981,0.0125617
52096,0.0131756,0.0130892,0.0123829
52142,0.0131756,0.0131279,0.0127673
52221,0.0131756,0.0129908,0.0128239
52394,0.0131756,0.0131011,0.0134647
52488,0.0131756,0.0132054,0.0136077
52536,0.0131756,0.013113,0.0133693
52613,None,0.0132293,0.0138015
52614,0.0131875,None,None
52645,None,0.0132561,0.0135601
52646,0.0131875,None,None
52677,0.0131875,0.0133067,0.0139505
52693,0.0131875,0.0132889,0.0136733
52805,0.0131875,0.0132293,0.0135213
52837,0.0131875,0.0131845,0.0133157
52868,0.0131875,0.013268,0.0134647
52916,0.0131875,0.0133365,0.0137687
53106,None,0.01342,0.0130385
53107,0.0132024,None,None
53138,None,None,0.0129908
53139,0.0132024,0.0133812,None
53329,0.0132024,0.0135005,0.0135243
53360,0.0132024,0.0134915,0.013715
53440,0.0132024,0.0135094,0.0139207
53488,0.0132024,0.013566,0.0141084
53520,0.0132024,0.0135332,0.0138104
53551,None,None,0.0135779
53552,0.0132024,0.0135064,None
53726,0.0131994,0.013411,0.0127822
53821,0.0131994,0.013274,0.0128627
53883,0.0131994,0.0131786,0.0130624
54121,0.0131696,0.0131667,0.0130296
54153,0.0131696,0.0131428,0.0128567
54233,0.0131696,0.0130534,0.0127614
54281,0.0131696,0.0130564,0.0129193
54313,0.0131696,0.013122,0.0130206
54343,None,0.0130743,0.0132263
54344,0.0131696,None,None
54487,0.0131696,0.0129968,0.0135273
54519,0.0131696,0.0130385,0.01342
54661,0.0132054,0.01311,0.0132322
54691,0.0132054,0.013119,0.0131369
54722,None,0.0130713,0.0130832
54723,0.0132054,None,None
54753,None,None,0.0132322
54754,0.0132054,0.0131696,None
54812,0.0132054,0.013274,0.0136971
54928,None,0.0131845,0.0132829
54929,0.0132054,None,None
55086,0.0132024,0.0132322,0.012663
55118,0.0132024,0.0131041,0.0125378
55150,0.0132024,0.0131249,0.0124782
55181,0.0132024,0.0131309,0.0124395
55217,0.0132024,0.0131369,0.0125408
55276,0.0132024,0.013119,0.0124604
55307,0.0132024,0.0130504,0.0126839
55339,0.0132024,0.0130951,0.0128895
55371,0.0132024,0.0131071,0.0133365
55403,0.0132024,0.0131011,0.0133783
55483,0.0132024,0.0130802,0.0135452
55499,0.0132024,0.0130773,0.0135869
55531,0.0132024,0.0130653,0.0132799
55562,0.0131726,0.012961,0.0129223
55592,None,None,0.0129402
55593,0.0131726,0.0130147,None
55657,0.0131726,0.0129938,0.0128031
55752,None,None,0.0132054
55753,0.0131726,0.0129431,None
55784,0.0131726,0.0128835,0.0130117
55849,None,0.0128359,0.0128925
55850,0.0131726,None,None
55895,0.0131726,0.012964,0.013268
55927,0.0131726,0.012967,0.0129819
55959,0.0131726,0.0129908,0.0132054
56071,0.0131696,0.0130743,0.0134945
56103,0.0131696,0.0131398,0.0135422
56135,0.0131696,0.0131696,0.0136524
56167,0.0131696,0.0131994,0.0136912
56198,0.0131696,0.0132591,0.0133008
56277,0.0131696,0.0132084,0.0131547
56325,0.0131696,0.0133008,0.0134587
56357,0.0131696,0.0133425,0.0136971
56389,0.0131696,0.0133216,0.0139117
56421,0.0131696,0.0134319,0.0144064
56500,0.0131696,0.0133753,0.0139624
56532,0.0131696,0.0133693,0.013724
56563,None,None,0.0133276
56564,0.0131845,0.0133961,None
56707,0.0131845,0.0135183,0.013721
56754,0.0131845,0.0135601,0.0137985
56786,0.0131845,0.0135362,0.0134289
56802,0.0131845,0.0135511,0.0135928
56834,0.0131845,0.0135809,0.0131339
56929,0.0131845,0.0135928,0.0131965
56977,0.0131845,0.0135094,0.0131488
57025,0.0131845,0.0136167,0.0139505
57104,0.0132054,0.0135541,0.0133127
57136,0.0132054,0.0135869,0.0137359
57168,0.0132054,0.0135601,0.0138789
57199,None,None,0.0137866
57200,0.0132054,0.0135839,None
57215,0.0132054,0.0136644,0.0135362
57326,0.0132054,0.0135452,0.0131518
57359,0.0132054,0.0134259,0.0130296
57530,0.0132054,0.0134051,0.0132054
57720,None,0.0133723,0.0133634
57721,0.0131994,None,None
57767,0.0131994,0.0134081,0.0137925
57798,None,None,0.0134259
57799,0.0131994,0.013414,None
57831,0.0131994,0.0134706,0.0134438
57910,0.0131994,0.0133812,0.0136137
57974,0.0131994,0.01342,0.0131428
58021,0.0131994,0.0132054,0.0126809
58051,0.0131994,0.0132322,0.0125527
58226,0.0132084,0.0132263,0.013411
58367,0.0132084,0.0133842,0.0136256
58415,0.0132084,0.0133663,0.0135124
58557,0.0132293,0.0132173,0.0127226
58604,0.0132293,0.0133038,0.0131607
58732,0.0132293,0.0132859,0.013876
58764,0.0132293,0.0133127,0.014028
58796,0.0132293,0.0132293,0.0132352
58828,0.0132293,0.0132561,0.0136018
58860,0.0132293,0.0131845,0.0131875
58953,0.0132293,0.0133038,0.0131816
58999,0.0132293,0.0132382,0.0131667
59158,0.0132531,0.0130743,0.0120401
59332,0.0132531,0.0130177,0.0130534
59379,0.0132531,0.0130177,0.0132769
59410,0.0132531,0.0129998,0.0131428
59442,0.0132531,0.0130385,0.0131965
59537,0.0132531,0.0130683,0.0130147
59584,0.0132173,0.012964,0.0130057
59615,0.0132173,0.012964,0.012967
59646,0.0132173,0.012973,0.0133246
59758,0.0132173,0.012973,0.0132769
59790,0.0132173,0.0130355,0.013423
59821,None,0.0129849,0.0133663
59822,0.0132173,None,None
59854,0.0132173,0.0130057,0.0135422
60058,0.0132024,0.0131041,0.0130177
60089,None,0.0131279,0.0134021
60090,0.0132024,None,None
60183,0.0132024,0.0132143,0.013411
60214,None,None,0.0133097
60215,0.0132024,0.0131935,None
60246,0.0132024,0.0131637,0.0128448
60277,0.0132024,0.013116,0.0128627
60356,0.0132024,0.0131667,0.0127733
60403,None,None,0.0125498
60404,0.0132024,0.0130564,None
60563,0.0131994,0.0131011,0.012809
60595,0.0131994,0.0130951,0.0130862
60626,None,None,0.0131845
60627,0.0131994,0.0131011,None
60658,None,0.0131071,0.0129104
60659,0.0131994,None,None
60690,0.0131994,0.0131458,0.012973
60767,None,0.0131905,0.0136524
60768,0.0131994,None,None
60815,0.0131994,0.0131428,0.0136226
60848,0.0131994,0.0131339,0.0138551
60879,0.0131994,0.0132203,0.0142097
60975,0.0131994,0.0132501,0.0135928
61023,0.0131994,0.0133157,0.0138849
61070,None,None,0.0135332
61071,0.0132352,0.0132978,None
61102,None,0.0132293,0.0132352
61103,0.0132352,None,None
61182,0.0132352,0.0132412,0.0133455
61198,0.0132352,0.0132501,0.0133067
61230,0.0132352,0.013268,0.0127882
61262,0.0132352,0.0133455,0.0130862
61294,0.0132352,0.0133544,0.0132233
61374,0.0132352,0.0133067,0.0131249
61405,None,0.0133246,0.0128597
61406,0.0132352,None,None
61517,0.0132352,0.0133872,0.0130355
61770,0.0132263,0.013271,0.0132054
61802,0.0132263,0.0132143,0.012809
61834,0.0132263,0.0131518,0.0127017
61866,0.0132263,0.0131607,0.0130653
61915,0.0132263,0.0131935,0.0133842
62008,0.0132263,0.0131905,0.013721
62104,0.0132442,0.0131667,0.0130415
62278,None,0.013262,0.0139236
62279,0.0132442,None,None
62310,0.0132442,0.0133216,0.0138849
62373,0.0132442,0.0134349,0.0138998
62420,0.0132442,0.0133187,0.0134677
62452,0.0132442,0.0132889,0.0135452
62484,0.0132442,0.0132799,0.0130713
62516,0.0132442,0.0133127,0.0127882
62553,0.0132442,0.0132978,0.0125378
62612,0.0132471,0.0132471,0.0130266
62627,0.0132471,0.0132442,0.0131547
62802,0.0132471,0.0133753,0.0133514
62833,0.0132471,0.013414,0.0133276
62864,0.0132471,0.0133753,0.0131965
62895,0.0132471,0.0133336,0.0136673
62926,0.0132471,0.013274,0.0134975
63022,0.0132471,0.0133693,0.013575
63054,0.0132471,0.0133634,0.0135183
63069,0.0132471,0.0133991,0.0134557
63166,0.0132471,0.013414,0.0136226
63228,0.0132471,0.0134975,0.0141591
63260,0.0132471,0.0135511,0.014323
63292,0.0132471,0.013566,0.0145853
63323,0.0132471,0.0135362,0.0142157
63354,0.0132471,0.0134379,0.0143379
63431,0.0132471,0.0134975,0.0132561
63463,0.0132471,0.0134915,0.0130415
63495,0.0132471,0.0134677,0.0126392
63543,0.0132471,0.0135869,0.012967
63622,0.0132531,0.0135452,0.0132471
63670,0.0132531,0.0134557,0.0130326
63701,None,None,0.0127614
63702,0.0132531,0.0134677,None
63718,0.0132531,0.0134856,0.0124425
63750,0.0132531,0.0134677,0.012669
63829,0.0132531,0.0134468,0.012964
63861,0.0132531,0.013411,0.0132382
64021,0.0132531,0.01342,0.0134408
64069,0.013271,0.0134289,0.0134945
64116,None,0.0133932,0.0137538
64117,0.013271,None,None
64228,0.013271,0.0133961,0.0138581
64275,0.013271,0.0132889,0.0135958
64307,0.013271,0.0132769,0.01387
64337,0.013271,0.0132471,0.0135541
64369,0.013271,0.0133246,0.0135273
64511,0.013271,0.013274,0.0130117
64543,None,0.0133008,0.0133574
64544,0.013271,None,None
64575,0.013274,0.0133097,0.0132114
64654,None,0.0134379,0.013423
64655,0.013274,None,None
64686,0.013274,0.013423,0.0136584
64732,0.013274,0.0134677,0.0134677
64763,0.013274,0.0134617,0.0133365
64794,None,0.0134021,0.0130951
64795,0.013274,None,None
64858,None,None,0.0127703
64859,0.013274,0.0133455,None
64875,0.013274,0.0133544,0.0126719
64923,0.013274,0.0133574,0.012809
64971,0.013274,0.013417,0.0134587
65144,0.0133067,0.0135362,0.0145346
65192,0.0133067,0.0134677,0.0139296
65445,None,0.0134766,0.0140071
65446,0.0133067,None,None
65477,0.0133067,0.0135571,0.0140458
65509,0.0133067,0.0135928,0.0143498
5,0.0133067,0.0135809,0.0145108
37,0.0133395,0.013563,0.0137657
68,None,None,0.0133097
69,0.0133395,0.0134915,None
148,0.0133395,0.0133902,0.0128388
164,0.0133395,0.0133991,0.0127554
196,0.0133395,0.01342,0.0125766
228,0.0133395,0.013411,0.0125408
259,None,None,0.0123918
260,0.0133395,0.0134051,None
466,0.0133395,0.0135452,0.0145197
545,None,None,0.0140101
546,0.0133485,0.0134587,None
673,0.0133485,0.0136316,0.014028
735,None,0.013572,0.0136167
736,0.0133485,None,None
830,None,None,0.0129193
831,0.0133485,0.0134319,None
862,0.0133485,0.0133872,0.0124931
893,0.0133485,0.0133991,0.0126898
972,0.0133485,0.0132471,0.0128657
987,0.0133485,0.013262,0.0131965
1019,None,None,0.0130236
1020,0.0133216,0.0132352,None
1179,None,0.0134438,0.0135213
1180,0.0133216,None,None
1211,0.0133216,0.0134736,0.0138074
1243,0.0133216,0.0135869,0.0137299
1275,0.0133216,0.013572,0.0135928
1306,None,0.0134945,0.0134915
1307,0.0133216,None,None
1401,0.0133216,0.0134051,0.013563
1449,0.0133216,0.0133157,0.0131428
1495,None,None,0.0136554
1496,0.0133216,0.0133902,None
1575,0.0133276,0.0134081,0.0139207
1606,None,None,0.0139773
1607,0.0133276,0.01342,None
1623,0.0133276,0.01342,0.0141472
1654,None,None,0.0141382
1655,0.0133276,0.0133544,None
1686,None,0.0133246,0.0134289
1687,0.0133276,None,None
1766,None,None,0.0131905
1767,0.0133276,0.0134349,None
1798,None,0.0134826,0.01311
1799,0.0133276,None,None
1814,0.0133276,0.0134915,0.013116
1846,0.0133276,0.0134021,0.0129372
1878,0.0133276,0.0133634,0.0129074
1910,0.0133276,0.0133485,0.012514
1989,0.0133276,0.0133604,0.0125676
2005,None,None,0.0125825
2006,0.0133276,0.0133246,None
2037,None,0.0133842,0.0129014
2038,0.0133157,None,None
2244,0.0133157,0.0134617,0.0141233
2276,None,None,0.0138491
2277,0.0133157,0.0134706,None
2308,None,0.0133872,0.0132352
2309,0.0133157,None,None
2372,0.0133157,0.0133276,0.0129998
2420,None,0.0133574,0.0127405
2421,0.0133157,None,None
2468,None,0.0134259,0.0129372
2469,0.0133157,None,None
2500,0.0133157,0.0133634,0.0135064
2580,0.0133365,0.0133365,0.0139087
2627,0.0133365,0.0134259,0.0142932
2660,0.0133365,0.0134677,0.014469
2691,0.0133365,0.013569,0.0143796
2723,0.0133365,0.013575,0.0144958
2867,None,0.0138909,0.0149071
2868,0.0133365,None,None
2899,0.0133365,0.0139296,0.0145197
2931,None,0.0139266,0.0144452
2932,0.0133365,None,None
3011,0.0133365,0.0139266,0.0140369
3043,0.0133783,0.0138879,0.0135481
3075,0.0133783,0.013873,0.0133097
3090,0.0133783,0.0139147,0.0136375
3122,0.0133783,0.013873,0.0135362
3202,None,None,0.0135034
3203,0.0133783,0.0137776,None
3234,0.0133783,0.0138104,0.0137001
3264,None,None,0.0137478
3265,0.0133783,0.0138789,None
3297,0.0133783,0.013873,0.0134408
3370,0.0133783,0.0139147,0.0134945
3453,0.0133783,0.0140995,0.0139564
3548,0.0134051,0.0138849,0.013724
3627,None,0.0138223,0.0130564
3628,0.0134051,None,None
3643,None,None,0.0131071
3644,0.0134051,0.0139117,None
3739,0.0134051,0.0585675,0.244322
3850,0.0134051,0.29912,1.51604
3895,0.0134051,0.425306,2.03709
3928,0.0134051,0.501719,2.29707
3959,None,None,2.48472
3960,0.0134051,0.57781,None
4038,0.0863314,0.780892,2.54432
4070,0.0863314,0.855631,2.54313
4102,0.0863314,0.931761,2.54301
4245,0.0863314,1.31013,2.53448
4293,0.0863314,1.4111,2.53679
4324,None,None,2.53746
4325,0.0863314,1.51258,None
4357,0.0863314,1.58826,2.53465
4468,0.0863314,1.86525,2.53696
4516,0.0863314,1.99198,2.53594
4674,0.21252,2.39014,2.53652
4706,0.21252,2.45551,2.5385
4738,0.21252,2.5019,2.53439
4880,0.21252,2.53705,2.52966
4927,None,2.53623,2.52669
4928,0.21252,None,None
5039,None,2.53467,2.5368
5040,0.338531,None,None
5087,0.338531,2.53622,2.53641
5119,0.338531,2.53621,2.54485
5151,0.338531,2.53513,2.54362
5183,0.338531,2.53643,2.53933
5327,0.338531,2.53372,2.52338
5437,0.338531,2.53328,2.5202
5485,0.338531,2.53392,2.53074
5517,0.338531,2.53144,2.52563
5565,0.464311,2.52356,2.48431
5644,None,None,2.38319
5645,0.464311,2.50146,None
5677,0.464311,2.49441,2.33825
5709,None,None,2.31344
5710,0.464311,2.48745,None
5741,0.464311,2.48317,2.30385
5912,0.464311,2.47464,2.46894
5944,0.464311,2.4742,2.48683
5976,0.464311,2.47319,2.50071
6040,0.584623,2.47472,2.5166
6420,None,None,2.26227
6421,0.584623,2.41237,None
6562,0.703129,2.40409,2.39323
6594,0.703129,2.41292,2.42485
6673,0.703129,2.41432,2.32884
6703,0.703129,2.34568,1.96858
6735,None,2.25142,1.53801
6736,0.703129,None,None
6751,None,None,1.35439
6752,0.703129,2.22715,None
6895,0.703129,1.85696,0.0117511
6927,0.703129,1.78201,0.0122696
6959,0.703129,1.70705,0.012356
6990,None,None,0.0126898
6991,0.703129,1.632,None
7070,None,None,0.0128716
7071,0.737524,1.42909,None
7119,0.737524,1.30345,0.0130653
7150,0.737524,1.22719,0.0131249
7182,0.737524,1.15305,0.0129312
7326,0.737524,0.813308,0.0125498
7374,0.737524,0.701237,0.0124693
7431,None,0.584918,0.0122309
7432,0.737524,None,None
7563,0.737485,0.271517,0.0122219
7595,0.737485,0.172406,0.0126958
7675,0.737485,0.0124902,0.0128239
7707,0.737485,0.0125527,0.0125736
7880,0.737485,0.0126183,0.0124216
7976,0.737485,0.0126898,0.0129879
8024,0.737447,0.0127554,0.0130147
8104,0.737447,0.0127673,0.0132799
8136,0.737447,0.0125945,0.0128955
8167,None,None,0.0125051
8168,0.737447,0.0126392,None
8278,None,None,0.0127792
8279,0.737447,0.0127047,None
8311,0.737447,0.0126779,0.0128746
8359,0.737447,0.0127256,0.0129074
8407,0.737447,0.0127733,0.0126958
8501,0.737447,0.0127941,0.012511
8627,0.737426,0.0128359,0.0129849
8707,0.737426,0.0127971,0.0127941
8738,None,None,0.0125915
8739,0.737426,0.0127643,None
8770,None,0.0127822,0.0132293
8771,0.737426,None,None
8802,0.737426,0.0128448,0.0131339
8946,0.737426,0.0128984,0.0134826
8994,0.737426,0.0127792,0.0129938
9025,None,0.0127882,0.0125527
9026,0.737393,None,None
9058,0.737393,0.012809,0.0127047
9201,0.737393,0.0127167,0.0122219
9217,0.737393,0.0127435,0.012514
9248,None,None,0.012061
9249,0.737393,0.0126123,None
9440,0.737393,0.0126332,0.0124127
9535,0.737333,0.012663,0.0129014
9567,0.737333,0.0126302,0.012666
9663,0.737333,0.0125378,0.0126332
9855,0.737333,0.0127226,0.0139773
9932,0.737333,0.0129819,0.0143588
9979,0.737333,0.0129908,0.0138283
10011,0.737333,0.0129759,0.0141531
10043,0.737336,0.0129968,0.0140041
10074,None,None,0.0141233
10075,0.737336,0.0130802,None
10153,0.737336,0.0131994,0.0133604
10184,0.737336,0.0132412,0.0133544
10216,0.737336,0.0132084,0.0134408
10248,0.737336,0.0132769,0.0133663
10278,None,None,0.0130653
10279,0.737336,0.0132948,None
10326,0.737336,0.013265,0.0129908
10388,None,None,0.0127017
10389,0.737336,0.0133097,None
10436,None,None,0.0129163
10437,0.737336,0.0133127,None
10580,0.737333,0.0135899,0.0137657
10628,0.737333,0.0136644,0.0142753
10659,0.737333,0.0136614,0.0138789
10691,0.737333,0.0136405,0.0142336
10834,0.737333,0.0133693,0.0124782
10882,0.737333,0.013262,0.0118673
10961,0.737333,0.0130683,0.011906
11010,0.737333,0.0130802,0.0121564
11167,0.737315,0.0129819,0.0131369
11198,None,None,0.0134647
11199,0.737315,0.0130773,None
11230,None,0.0131279,0.0136256
11231,0.737315,None,None
11262,0.737315,0.0131071,0.0136316
11293,None,None,0.0134736
11294,0.737315,0.0131428,None
11356,None,None,0.0139117
11357,0.737315,0.0131905,None
11404,0.737315,0.0132263,0.013414
11451,0.737315,0.0132054,0.0135243
11483,0.737315,0.013268,0.0135303
11563,0.737309,0.0131309,0.0132531
11594,None,None,0.01342
11595,0.737309,0.0130802,None
11610,0.737309,0.0130355,0.0129908
11642,0.737309,0.012973,0.0130057
11674,0.737309,0.012961,0.0126302
11726,0.737309,0.0130236,0.0128716
11785,0.737309,0.0129521,0.0125855
11896,0.737309,0.0131786,0.0127763
11960,0.737309,0.0131577,0.0127137
12007,0.737309,0.0130653,0.0124723
12038,0.737283,0.0130415,0.0124723
12054,0.737283,0.0130564,0.0124902
12086,0.737283,0.0130445,0.0124902
12118,0.737283,0.0130236,0.0126839
12197,None,0.012973,0.0130564
12198,0.737283,None,None
12228,0.737283,0.0129521,0.0132203
12323,0.737283,0.0128418,0.0128508
12419,0.737283,0.0128567,0.0130117
12467,0.737283,0.0127614,0.0127852
12514,0.737283,0.0127137,0.0130296
12594,0.737247,0.0127941,0.0130117
12610,0.737247,0.0128418,0.0130415
12642,0.737247,0.0128835,0.0135541
12674,0.737247,0.0129104,0.0134379
12705,None,None,0.0135213
12706,0.737247,0.0129104,None
12783,None,None,0.0136018
12784,0.737247,0.0129551,None
12815,0.737247,0.0129819,0.0132501
12864,0.737247,0.0129193,0.0132412
12895,None,0.0129133,0.0128329
12896,0.737247,None,None
13037,0.737199,0.0130057,0.0125051
13053,0.737199,0.0129521,0.0124305
13085,0.737199,0.0129402,0.0125647
13117,0.737199,0.012967,0.0128925
13195,0.737199,0.0129342,0.0125945
13241,0.737199,0.0129104,0.0129789
13273,0.737199,0.0130504,0.0130922
13431,0.737199,0.0129551,0.0128657
13543,0.737154,0.0129998,0.0122756
13621,0.737154,0.0129193,0.0128597
13668,0.737154,0.0128716,0.0127792
13699,0.737154,0.0127912,0.0124365
13731,0.737154,0.0129461,0.0129163
13810,0.737154,0.0127524,0.0124186
13857,0.737154,0.0128567,0.0133842
13889,0.737154,0.0129104,0.0135809
13920,0.737154,0.012964,0.0130951
13966,0.737154,0.0128686,0.0131667
14045,0.664219,0.0128448,0.0125021
14172,0.664219,0.0129372,0.0128895
14252,0.664219,0.0129431,0.0132382
14298,0.664219,0.0127763,0.0131398
14330,0.664219,0.0128359,0.0130385
14362,None,None,0.0132173
14363,0.664219,0.0129163,None
14490,0.664219,0.0130564,0.0137478
14608,None,None,0.0136822
14609,0.538036,0.0131637,None
14665,0.538036,0.0133097,0.014174
14681,0.538036,0.0133276,0.0143051
14713,0.538036,0.013411,0.014317
14745,0.538036,0.0133395,0.013721
14777,0.538036,0.0133485,0.0138104
14856,0.538036,0.0133991,0.0136077
14984,0.538036,0.0135005,0.013873
15048,0.412068,0.0135601,0.0133902
15079,0.412068,0.0136346,0.013718
15112,0.412068,0.0136375,0.0140488
15143,0.412068,0.0135958,0.0138015
15287,0.412068,0.0135422,0.0124991
15335,0.412068,0.0134468,0.0122577
15366,None,None,0.0125736
15367,0.412068,0.0134349,None
15398,0.412068,0.0133932,0.0124693
15493,0.412068,0.013417,0.0129491
15525,0.286254,0.0133872,0.0132143
15541,0.286254,0.0133663,0.0131577
15573,0.286254,0.0133514,0.0131577
15605,0.286254,0.013265,0.0130415
15683,0.286254,0.0131696,0.0127494
15713,None,None,0.0130236
15714,0.286254,0.0131309,None
15745,0.286254,0.0132412,0.0130445
15760,None,0.0132143,0.0131547
15761,0.286254,None,None
15807,0.286254,0.0131994,0.013268
15950,0.286254,0.0131279,0.0129879
15966,0.286254,0.0130475,0.0129461
15998,0.286254,0.0130713,0.0129849
16078,0.165942,0.0129819,0.0129759
16093,0.165942,0.0129461,0.0128537
16269,0.165942,0.0131249,0.0134677
16301,0.165942,0.0132442,0.0138223
16332,0.165942,0.0131786,0.0131965
16364,0.165942,0.01311,0.0126541
16698,0.0474185,0.0130564,0.0131994
16746,0.0474185,0.012961,0.0132948
16777,None,0.012961,0.0131667
16778,0.0474185,None,None
16809,None,None,0.012958
16810,0.0474185,0.0129879,None
16921,0.0474185,0.0131518,0.0140607
16968,0.0474185,0.0132293,0.0141412
17000,0.0474185,0.0132859,0.0145733
17031,0.0130385,0.0132918,0.0143677
17110,0.0130385,0.0133365,0.0137359
17125,None,None,0.0137091
17126,0.0130385,0.013265,None
17157,None,0.0131905,0.0135452
17158,0.0130385,None,None
17365,0.0130385,0.0133663,0.0134736
17413,0.0130385,0.0133365,0.0133276
17444,None,None,0.013563
17445,0.0130385,0.0134259,None
17636,0.0130802,0.0136346,0.0138849
17684,None,None,0.013119
17685,0.0130802,0.0135601,None
17716,0.0130802,0.0136286,0.0134319
17731,None,0.0136614,0.0139654
17732,0.0130802,None,None
17763,None,None,0.0136584
17764,0.0130802,0.0135899,None
17795,None,None,0.0135899
17796,0.0130802,0.0136673,None
17827,None,None,0.0133306
17828,0.0130802,0.013575,None
17907,0.0130802,0.0134259,0.0130475
17955,0.0130802,0.0134736,0.013262
17985,0.0130802,0.0133276,0.0128359
18017,0.0130802,0.0133693,0.0131488
18049,0.0130951,0.0132829,0.0130475
18128,None,None,0.0131428
18129,0.0130951,0.0133306,None
18176,None,0.0133634,0.0133872
18177,0.0130951,None,None
18208,None,None,0.0133127
18209,0.0130951,0.0133425,None
18240,0.0130951,0.0133783,0.0132799
18352,0.0130951,0.0133038,0.0133872
18400,0.0130951,0.0133514,0.0132561
18574,0.0131279,0.013262,0.0134856
18606,0.0131279,0.0132084,0.0130594
18638,0.0131279,0.0130981,0.0128984
18718,0.0131279,0.0132024,0.0129461
18765,None,0.0132114,0.0132531
18766,0.0131279,None,None
18797,None,0.0131637,0.0131518
18798,0.0131279,None,None
18829,None,None,0.0131905
18830,0.0131279,0.0131279,None
18861,None,None,0.012809
18862,0.0131279,0.013122,None
18941,0.0131279,0.0129789,0.0117928
18988,None,0.0129819,0.0120193
18989,0.0131279,None,None
19019,0.013119,0.0130117,0.0125468
19051,0.013119,0.0129938,0.0125647
19131,0.013119,0.0129998,0.0132173
19178,0.013119,0.0128835,0.012961
19211,0.013119,0.0129014,0.012657
19353,0.013119,0.0127733,0.0120997
19401,0.013119,0.0127286,0.0125289
19433,0.013119,0.0126779,0.0120819
19464,None,None,0.0121713
19465,0.013119,0.01266,None
19765,0.0131279,0.0126123,0.0126302
19796,0.0131279,0.0126988,0.0130475
19828,0.0131279,0.0127465,0.0131458
19860,0.0131279,0.0127405,0.0131398
19940,0.0131279,0.0129253,0.0133336
19971,None,None,0.0135303
19972,0.0131279,0.012973,None
19987,0.0131279,0.0129342,0.0133812
20195,0.0131071,0.0130683,0.0133514
20242,0.0131071,0.0130266,0.0137448
20273,None,0.0130415,0.0134259
20274,0.0131071,None,None
20335,0.0131071,0.0132143,0.0137031
20368,0.0131071,0.0132173,0.0135809
20399,None,0.013268,0.0132352
20400,0.0131071,None,None
20431,0.0131071,0.013271,0.01342
20573,0.0131071,0.0131547,0.0129342
20588,0.0131071,0.0131488,0.0126272
20683,0.0131071,0.013122,0.0124931
20762,0.0131071,0.0130951,0.0125498
20793,None,0.0130802,0.0124484
20794,0.0131071,None,None
20810,0.0131071,0.0130653,0.0127047
20842,0.0131071,0.0131041,0.0127465
20873,None,0.0130326,0.0124216
20874,0.0131071,None,None
20953,0.0131071,0.0128984,0.0125974
20985,0.0131071,0.0129133,0.0125229
21016,0.0131071,0.0129074,0.0123709
21048,0.0130981,0.0129998,0.0128865
21096,0.0130981,0.0129998,0.0139117
21174,0.0130981,0.0130028,0.0134706
21298,0.0130981,0.012958,0.0131279
21333,0.0130981,0.0129431,0.0131279
21458,0.0130981,0.012961,0.0131935
21522,0.0130892,0.0129998,0.0134915
21600,0.0130892,0.0130862,0.013113
21632,0.0130892,0.0130802,0.0131428
21663,None,None,0.0134617
21664,0.0130892,0.0131428,None
21695,0.0130892,0.0131756,0.0131547
21807,0.0130892,0.0131667,0.013274
21839,0.0130892,0.0131398,0.0130355
21855,0.0130892,0.0131518,0.0126362
21887,0.0130892,0.0131935,0.0126213
21918,None,None,0.0128746
21919,0.0130892,0.013262,None
21982,None,0.0132531,0.0132591
21983,0.0130892,None,None
22014,0.0130892,0.013268,0.0129372
22110,0.013119,0.0132382,0.0135422
22142,0.013119,0.0131726,0.0135988
22222,0.013119,0.0131667,0.0134259
22252,None,0.0132382,0.0132054
22253,0.013119,None,None
22284,None,0.0132591,0.0130713
22285,0.013119,None,None
22300,0.013119,0.0132263,0.0131369
22332,0.013119,0.0132352,0.0133991
22428,0.013119,0.0131071,0.0126749
22460,0.013119,0.0130832,0.0121742
22491,None,0.0131696,0.0126511
22492,0.013119,None,None
22523,0.0131309,0.0131458,0.0130564
22539,None,None,0.0131547
22540,0.0131309,0.0131756,None
22619,0.0131309,0.013274,0.0138074
22650,0.0131309,0.0131905,0.0139862
22666,0.0131309,0.0132143,0.0140458
22697,None,None,0.0135183
22698,0.0131309,0.0131816,None
22729,None,None,0.0130028
22730,0.0131309,0.0131786,None
22761,None,0.0131369,0.012961
22762,0.0131309,None,None
22841,0.0131309,0.0132024,0.013113
22857,0.0131309,0.0132501,0.0128359
22889,0.0131309,0.013274,0.0130713
22920,None,None,0.0131726
22921,0.0131309,0.0132293,None
22952,None,0.0132591,0.0133216
22953,0.0131309,None,None
23032,None,0.0131786,0.0132024
23033,0.0131339,None,None
23144,0.0131339,0.0131696,0.0132769
23223,None,None,0.0130564
23224,0.0131339,0.0131041,None
23255,None,0.0130653,0.0129282
23256,0.0131339,None,None
23272,0.0131339,0.0130594,0.0128001
23304,0.0131339,0.0130296,0.0125647
23463,0.0131339,0.0130624,0.0119984
23511,0.0131339,0.0129312,0.0125527
23527,0.013119,0.0128746,0.012514
23558,None,0.0129312,0.0128865
23559,0.013119,None,None
23638,0.013119,0.0129312,0.0130862
23670,0.013119,0.0128299,0.0131279
23686,0.013119,0.0128776,0.0130773
23717,0.013119,0.0128895,0.0131041
23764,0.013119,0.0129789,0.0130743
23841,0.013119,0.0130326,0.0135541
24032,0.0131667,0.0131339,0.0137329
24064,0.0131667,0.0130981,0.0132948
24096,0.0131667,0.0131458,0.0133753
24128,0.0131667,0.0131607,0.013268
24160,0.0131667,0.0130951,0.0130594
24239,None,0.0130773,0.0127733
24240,0.0131667,None,None
24271,0.0131667,0.013122,0.0126749
24302,0.0131667,0.0132054,0.0131339
24334,0.0131667,0.0132948,0.0133306
24382,0.0131667,0.0133514,0.0135481
24477,0.0131667,0.0133574,0.013265
24525,0.0131518,0.0133902,0.0129282
24653,0.0131518,0.0134438,0.0136465
24701,0.0131518,0.0134975,0.0137031
24732,None,None,0.0137717
24733,0.0131518,0.0134945,None
24765,0.0131518,0.0134885,0.0133455
24844,0.0131518,0.0133961,0.0133187
24892,0.0131518,0.0133991,0.0136912
24924,0.0131518,0.0132799,0.0133634
24956,0.0131518,0.0132233,0.0129372
24987,0.0131518,0.0131935,0.0128239
25066,0.0131339,0.0133038,0.0130743
25112,0.0131339,0.0133365,0.0132859
25144,0.0131339,0.0133693,0.0138193
25176,0.0131339,0.0134438,0.0141472
25256,0.0131339,0.0133783,0.0133216
25288,0.0131339,0.0133604,0.0131667
25320,0.0131339,0.0133127,0.0132978
25495,0.0131339,0.0133425,0.0131547
25542,None,0.0135064,0.0139743
25543,0.0131607,None,None
25574,0.0131607,0.0134826,0.0142366
25605,0.0131607,0.0135154,0.0142664
25684,0.0131607,0.0135452,0.0145614
25714,None,0.013563,0.014174
25715,0.0131607,None,None
25745,0.0131607,0.0135601,0.0139207
25888,None,0.471762,2.34376
25889,0.0131607,None,None
25920,0.0131607,0.692472,3.63772
25952,0.0131607,0.917262,4.75767
25983,None,None,5.89469
25984,0.0131607,1.2147,None
26207,0.159413,2.90706,7.6888
26447,0.159413,4.19908,4.88616
26743,None,5.2608,3.10793
26744,0.467443,None,None
26775,0.467443,5.27174,1.96854
26806,0.467443,5.27224,0.864092
26838,None,None,0.205934
26839,0.467443,5.19552,None
27109,0.539282,3.1814,0.00497699
27139,None,2.95,0.00566244
27140,0.539282,None,None
27171,0.539282,2.69344,0.00683665
27187,0.539282,2.53976,0.00717342
27218,0.539282,2.29234,0.00816584
27298,0.539282,1.73056,0.00920296
27344,0.539282,1.51099,0.00977218
27388,None,None,0.011301
27389,0.539282,1.35992,None
27437,0.539282,1.13946,0.0143737
27703,0.5393,0.0415832,0.00828505
27736,0.5393,0.0253141,0.0053525
27767,None,0.0145018,0.00418127
27768,0.5393,None,None
27927,0.5393,0.275069,1.33428
27958,None,0.296068,1.43973
27959,0.5393,None,None
27991,0.5393,0.317982,1.56121
28023,0.572583,0.345513,1.68836
28054,0.572583,0.372136,1.78963
28325,0.572583,0.612247,0.915608
28547,0.6156,0.789285,0.82365
28595,0.6156,0.832137,0.824443
28642,None,0.863293,0.811312
28643,0.6156,None,None
28865,0.6156,1.04441,0.801876
29214,None,0.794494,0.712615
29215,0.653946,None,None
29246,0.653946,0.786674,0.723922
29278,None,None,0.703213
29279,0.653946,0.782496,None
29311,0.653946,0.776732,0.717267
29594,None,None,0.530052
29595,0.687549,0.715473,None
29627,None,0.710899,0.571749
29628,0.687549,None,None
29658,0.687549,0.696683,0.517604
29688,None,None,0.500202
29689,0.687549,0.693077,None
29724,None,0.674665,0.486752
29725,0.687549,None,None
29846,None,0.641823,0.473633
29847,0.687549,None,None
29863,None,0.63192,0.47529
29864,0.687549,None,None
29895,None,0.628167,0.482634
29896,0.687549,None,None
30052,None,None,0.476098
30053,0.711018,0.580615,None
30180,None,None,0.497302
30181,0.711018,0.553259,None
30226,0.711018,0.539434,0.500274
30258,None,0.537619,0.495338
30259,0.711018,None,None
30289,None,0.524828,0.483501
30290,0.711018,None,None
30321,0.711018,0.512606,0.461769
30399,None,0.480571,0.414413
30400,0.711018,None,None
30448,0.711018,0.479564,0.404412
30781,0.732967,0.451893,0.416008
30812,None,0.448063,0.408864
30813,0.732967,None,None
30906,None,None,0.429726
30907,0.732967,0.446352,None
30943,None,None,0.434873
30944,0.732967,0.444978,None
31002,None,None,0.435185
31003,0.732967,0.44089,None
31033,None,None,0.422949
31034,0.753501,0.436461,None
31239,0.753501,0.417846,0.408813
31271,0.753501,0.41801,0.4159
31288,0.753501,0.418356,0.417817
31319,None,None,0.421309
31320,0.753501,0.419852,None
31366,0.753501,0.422823,0.427446
31399,0.753501,0.424773,0.436914
31446,None,None,0.45045
31447,0.753501,0.426739,None
31494,None,None,0.463322
31495,0.753501,0.429231,None
31605,0.774696,0.432727,0.477371
31637,0.774696,0.430816,0.463331
31669,0.774696,0.42893,0.442636
32144,None,None,0.445724
32145,0.794902,0.434005,None
32224,None,None,0.480828
32225,0.794902,0.442767,None
32272,None,None,0.486764
32273,0.794902,0.444257,None
32305,0.794902,0.442973,0.47414
32336,None,None,0.457978
32337,0.794902,0.441051,None
32700,None,0.428271,0.42282
32701,0.815973,None,None
32748,0.815973,0.429893,0.414801
32826,0.815973,0.425395,0.394097
32857,None,None,0.39672
32858,0.815973,0.424671,None
32888,None,0.425819,0.402564
32889,0.815973,None,None
33028,None,0.423336,0.423026
33029,0.835904,None,None
33220,0.835904,0.405335,0.386173
33252,0.835904,0.402936,0.394386
33283,0.835904,0.402474,0.402647
33313,None,None,0.406888
33314,0.835904,0.404108,None
33345,0.835904,0.406167,0.413799
33553,0.856373,0.419134,0.468218
33901,None,None,0.392032
33902,0.856373,0.417495,None
34156,None,0.423777,0.425082
34157,0.876349,None,None
34856,None,None,0.382641
34857,0.896415,0.408053,None
34905,0.896415,0.408986,0.392893
34937,None,0.411022,0.401586
34938,0.896415,None,None
34969,0.896415,0.410995,0.405708
35160,0.915915,0.399426,0.367418
35251,0.915915,0.390813,0.374734
35394,None,None,0.400457
35395,0.915915,0.394988,None
35553,0.935206,0.403836,0.448728
35600,None,0.407416,0.462693
35601,0.935206,None,None
35918,None,None,0.382015
35919,0.935206,0.401899,None
35966,None,0.400925,0.397515
35967,0.935206,None,None
35998,None,0.401494,0.403795
35999,0.935206,None,None
36219,None,None,0.447041
36220,0.808603,0.41804,None
36297,None,None,0.467968
36298,0.808603,0.424889,None
36345,0.808603,0.417155,0.421059
36377,0.808603,0.405416,0.352526
36408,0.808603,0.393534,0.283125
36693,0.514132,1.20328,4.89535
36724,0.514132,1.48851,5.99062
36757,0.514132,1.7049,7.32655
36789,0.514132,1.92225,7.49547
36821,0.514132,2.13739,7.59559
36900,None,2.69474,7.47311
36901,0.514132,None,None
36995,0.514132,3.25409,6.68436
37027,0.761664,3.34811,6.08642
37202,0.761664,3.32581,0.670043
37390,None,None,0.129786
37391,0.761664,3.28883,None
37422,None,3.29255,0.130224
37423,0.761664,None,None
37704,None,None,0.140938
37705,0.770667,2.24914,None
37735,None,None,0.155753
37736,0.770667,2.03145,None
37767,0.770667,1.81469,0.165558
38164,None,0.147119,0.152621
38165,0.744596,None,None
38210,None,None,0.145614
38211,0.744596,0.146607,None
38243,0.744596,0.146103,0.139931
38281,0.744596,0.146294,0.135884
38544,0.708956,0.160763,0.188333
39068,None,None,0.164643
39069,0.678462,0.166777,None
39148,0.678462,0.169727,0.179672
39179,None,0.170988,0.183094
39180,0.678462,None,None
39336,None,None,0.173375
39337,0.678462,0.176567,None
39369,0.678462,0.176013,0.171009
39400,0.678462,0.175324,0.170177
39637,0.652835,0.166184,0.13938
39668,0.652835,0.165895,0.138426
39732,None,None,0.152698
39733,0.652835,0.166482,None
39954,0.652835,0.16872,0.176799
40002,0.652835,0.169009,0.171316
40032,None,None,0.167239
40033,0.636983,0.168687,None
40064,0.636983,0.167748,0.166532
40175,None,None,0.163406
40176,0.636983,0.165021,None
40208,0.636983,0.16408,0.160077
40240,0.636983,0.162628,0.15302
40271,None,None,0.146669
40272,0.636983,0.16101,None
40303,0.636983,0.159851,0.141495
40447,None,None,0.166535
40448,0.636983,0.162393,None
40509,None,0.163928,0.182587
40510,0.636983,None,None
40764,0.622547,0.166637,0.16838
40809,None,0.165841,0.16984
40810,0.622547,None,None
40841,None,None,0.17359
40842,0.622547,0.16565,None
40983,None,0.165978,0.17018
40984,0.622547,None,None
41014,None,None,0.167692
41015,0.622547,0.165722,None
41047,0.609785,0.166088,0.168747
41078,None,0.167167,0.169477
41079,0.609785,None,None
41428,None,None,0.169316
41429,0.609785,0.174564,None
41476,0.609785,0.173753,0.16939
41507,0.609785,0.173366,0.166816
41823,None,None,0.172457
41824,0.596806,0.169784,None
41855,None,None,0.180984
41856,0.596806,0.1699,None
41998,0.596806,0.169894,0.17004
42045,None,None,0.165817
42046,0.584036,0.169373,None
42536,0.570464,0.162682,0.186849
42598,None,None,0.180319
42599,0.570464,0.1647,None
42629,None,0.166377,0.176421
42630,0.570464,None,None
42661,0.570464,0.16757,0.170255
42755,0.570464,0.167313,0.17145
43070,None,0.16804,0.169897
43071,0.558439,None,None
43674,None,None,0.143376
43675,0.546411,0.171641,None
43720,None,None,0.145131
43721,0.546411,0.171348,None
43751,0.546411,0.171605,0.151676
43789,None,None,0.162455
43790,0.546411,0.172785,None
43844,0.546411,0.174287,0.182435
43877,0.546411,0.173631,0.188252
44084,0.53407,0.172269,0.164706
44131,None,None,0.163108
44132,0.53407,0.170806,None
44163,None,None,0.162432
44164,0.53407,0.169322,None
44198,0.53407,0.16824,0.160527
44259,0.53407,0.165853,0.156736
44291,None,None,0.151247
44292,0.53407,0.16422,None
44387,0.53407,0.161478,0.14638
44671,0.521514,0.169685,0.172952
44703,0.521514,0.170079,0.169888
44748,None,0.169691,0.171709
44749,0.521514,None,None
44779,None,None,0.172189
44780,0.521514,0.168684,None
44859,0.521514,0.166699,0.173748
44890,0.521514,0.167096,0.176433
44922,None,None,0.179422
44923,0.521514,0.167999,None
44954,0.521514,0.168246,0.180376
44987,0.521514,0.16768,0.175184
45130,0.509927,0.170624,0.175655
45161,0.509927,0.172299,0.18329
45193,None,0.173339,0.189939
45194,0.509927,None,None
45272,0.509927,0.175965,0.189826
45493,0.509927,0.176924,0.169387
45541,None,None,0.164795
45542,0.498936,0.175729,None
45833,None,None,0.171754
45834,0.498936,0.172541,None
45892,0.498936,0.173205,0.188082
45938,0.498936,0.821117,3.44965
46095,None,None,4.77392
46096,0.567508,1.09851,None
46127,0.567508,1.15738,1.94283
46159,0.567508,1.21231,1.99777
46175,0.567508,1.23095,1.98998
46207,None,1.28883,1.91345
46208,0.567508,None,None
46430,0.567508,1.68938,1.99781
46589,None,None,3.18382
46590,0.656676,2.22488,None
46907,0.656676,6.95169,18.6962
46955,0.656676,7.47075,22.6072
46987,0.656676,8.72865,25.906
47019,0.656676,9.82206,28.9639
47130,None,14.6356,40.7201
47131,1.23531,None,None
47162,1.23531,16.2277,44.9694
47194,None,None,48.542
47195,1.23531,17.8949,None
47226,None,None,52.2401
47227,1.23531,20.4026,None
47385,None,None,78.4274
47386,1.23531,33.3242,None
47417,None,None,85.0035
47418,1.23531,36.2922,None
47513,1.23531,46.9106,107.346
47561,5.20552,53.1436,116.047
47661,None,None,134.315
47662,5.20552,66.5253,None
47908,5.20552,103.578,168.301
47941,5.20552,108.469,173.95
47988,5.20552,117.619,188.381
48020,5.20552,123.058,197.604
48052,13.6179,129.013,210.31
48323,13.6179,201.682,354.963
48371,13.6179,218.214,382.015
48402,None,None,403.265
48403,13.6179,228.841,None
48434,13.6179,239.02,416.672
48848,32.6623,409.635,584.76
48879,32.6623,423.498,596.539
48943,None,451.006,625.675
48944,32.6623,None,None
48974,32.6623,464.355,637.897
49180,None,546.836,656.211
49181,62.426,None,None
49212,62.426,557.414,662.438
49244,62.426,567.821,670.725
49324,62.426,593.584,697.03
49560,97.078,651.828,713.26
49608,None,661.095,714.697
49609,97.078,None,None
49639,None,None,715.745
49640,97.078,665.795,None
49845,97.078,693.099,717.314
49970,97.078,700.584,709.208
50002,97.078,701.895,706.86
50033,None,703.332,705.043
50034,132.717,None,None
50161,None,708.793,697.14
50162,132.717,None,None
50194,132.717,708.929,694.331
50225,132.717,708.64,691.907
50257,132.717,707.674,688.968
50273,None,707.371,687.703
50274,132.717,None,None
50305,None,706.337,685.408
50306,132.717,None,None
50607,166.832,693.451,669.265
50639,166.832,691.802,667.886
50671,166.832,690.145,666.798
50703,166.832,688.495,665.941
50780,None,None,665.284
50781,166.832,684.274,None
50908,166.832,678.177,664.602
50988,166.832,674.93,663.865
51004,166.832,674.557,663.756
51036,200.064,673.106,663.737
51140,200.064,669.876,663.406
51195,200.064,668.538,662.71
51227,None,None,661.822
51228,200.064,667.51,None
51258,200.064,666.77,660.791
51289,None,None,659.898
51290,200.064,666.077,None
51321,None,None,659.126
51322,200.064,665.418,None
51401,200.064,663.84,657.734
51417,200.064,663.504,657.609
51656,233.029,660.95,657.381
51688,233.029,660.706,657.159
51766,None,660.021,657.029
51767,233.029,None,None
51814,None,659.662,656.727
51815,233.029,None,None
51846,233.029,659.255,656.338
52084,265.754,656.335,650.71
52115,265.754,655.959,650.456
52226,265.754,654.579,649.793
52258,265.754,654.3,649.309
52289,265.754,654,648.852
52335,265.754,653.601,648.203
52638,None,649.177,641.546
52639,298.13,None,None
52670,298.13,648.603,640.467
52701,None,648.011,639.406
52702,298.13,None,None
52843,298.13,645.267,636.835
52875,298.13,644.735,636.522
52906,298.13,644.03,636.061
52937,298.13,643.512,635.447
53285,None,None,626.925
53286,329.938,636.36,None
53316,None,635.589,625.542
53317,329.938,None,None
53347,None,None,624.135
53348,329.938,634.82,None
53427,329.938,632.795,621.997
53680,361.159,627.07,617.741
53711,361.159,626.445,617.286
53743,361.159,625.817,616.809
53775,361.159,625.19,616.424
54031,391.831,618.977,609.28
54063,391.831,618.251,608.451
54094,None,None,607.909
54095,391.831,617.507,None
54126,391.831,616.581,607.524
54158,391.831,615.903,607.285
54524,422.092,609.567,604.395
54572,422.092,608.805,604.113
54610,None,608.219,603.63
54611,422.092,None,None
54731,None,606.318,601.46
54732,422.092,None,None
54764,422.092,605.866,601.139
54842,None,604.913,601.45
54843,422.092,None,None
54890,422.092,604.435,601.806
55095,None,603.199,601.85
55096,452.167,None,None
55127,None,None,601.931
55128,452.167,602.991,None
55158,None,602.85,601.98
55159,452.167,None,None
55174,None,None,601.981
55175,452.167,602.811,None
55351,452.167,577.276,476.03
55396,None,None,436.011
55397,452.167,568.18,None
55493,452.167,551.514,421.888
55540,None,542.178,419.89
55541,476.575,None,None
55588,476.575,532.847,418.099
55764,476.575,500.865,413.105
55811,None,None,411.946
55812,476.575,491.292,None
56098,497.043,435.027,406.962
56130,497.043,429.129,406.548
56162,497.043,423.23,406.097
56272,497.043,412.457,404.844
56288,497.043,411.967,404.725
56320,497.043,411.281,404.398
56511,None,407.764,402.515
56512,497.043,None,None
56687,None,None,401.405
56688,517.136,405.33,None
56736,517.136,404.741,400.822
56767,None,None,400.416
56768,517.136,404.397,None
56798,None,None,400.232
56799,517.136,404.064,None
56830,None,None,400.07
56831,517.136,403.737,None
56975,517.136,402.417,399.452
57022,536.24,402.029,399.27
57102,536.24,371.933,249.522
57150,536.24,351.657,149.659
57180,536.24,339.524,89.7929
57211,536.24,327.382,29.9251
57242,None,None,0.049156
57243,536.24,315.254,None
57526,None,None,0.0500381
57527,532.303,202.467,None
57574,None,None,0.0495911
57575,532.303,182.35,None
57607,532.303,166.298,0.0501275
57639,532.303,154.285,0.0499845
57718,532.303,122.268,0.0493109
57766,None,106.269,0.0485688
57767,532.303,None,None
57798,532.303,90.2781,0.0479281
57829,None,None,0.0479281
57830,532.303,78.2852,None
58002,None,10.4192,0.0477403
58003,532.303,None,None
58126,None,0.0487596,0.0488669
58127,523.885,None,None
58157,523.885,0.0488132,0.0484407
58188,523.885,0.0487328,0.0473022
58219,523.885,0.048691,0.0478059
58251,523.885,0.0487268,0.0478059
58329,None,None,0.049305
58330,523.885,0.0488698,None
58362,523.885,0.0487894,0.0493526
58393,523.885,0.0487834,0.0504166
58425,523.885,0.0486761,0.0495017
58553,504.835,0.0485957,0.0487417
58600,None,None,0.0483245
58601,504.835,0.0483721,None
58633,504.835,0.0484675,0.0488132
58665,504.835,0.0483334,0.047937
58952,504.835,0.0487864,0.0485301
58998,504.835,0.0489742,0.0490367
59029,None,None,0.04915
59030,475.065,0.0489295,None
59062,475.065,0.0487089,0.048402
59252,475.065,0.0485778,0.0469983
59284,475.065,0.0485539,0.0473619
59364,475.065,0.0480711,0.0463992
59380,475.065,0.047937,0.0459731
59411,475.065,0.0478983,0.0457197
59443,None,0.0478923,0.0458807
59444,475.065,None,None
59475,None,None,0.0450134
59476,475.065,0.0477314,None
59555,440.407,0.0476032,0.0462383
59603,440.407,0.047639,0.0472367
59635,440.407,0.047496,0.0470728
59667,440.407,0.0474483,0.046888
59699,440.407,0.0474513,0.0473678
59954,440.407,0.0473827,0.047788
59986,440.407,0.0472307,0.047484
60018,440.407,0.0469834,0.047031
60049,404.762,0.0470877,0.0474662
60082,404.762,0.0472397,0.047648
60161,404.762,0.0473082,0.0475466
60209,404.762,0.0473112,0.0482827
60240,404.762,0.0472456,0.047949
60272,404.762,0.0471622,0.047186
60303,404.762,0.0472516,0.0469476
60382,None,0.0475079,0.047335
60383,404.762,None,None
60398,None,None,0.0466198
60399,404.762,0.0474811,None
60494,None,None,0.0479579
60495,404.762,0.0478446,None
60589,370.641,0.0477105,0.0480771
60636,None,None,0.0479609
60637,370.641,0.047788,None
60651,None,0.0478148,0.0480503
60652,370.641,None,None
60683,370.641,0.0478864,0.047648
60713,None,None,0.0471503
60714,370.641,0.0478297,None
60889,None,0.0478297,0.0488102
60890,370.641,None,None
60969,370.641,0.0478327,0.0490695
61000,None,0.0480711,0.0492483
61001,370.641,None,None
61032,None,0.0482172,0.0493884
61033,337.403,None,None
61064,None,None,0.048539
61065,337.403,0.0482023,None
61097,337.403,0.0480652,0.0489682
61176,337.403,0.047943,0.0476748
61208,337.403,0.04794,0.0472128
61256,337.403,0.0482678,0.0482649
61288,337.403,0.0482917,0.0484675
61320,337.403,0.0483394,0.049293
61621,304.432,0.0482798,0.0480652
61653,None,0.04839,0.0483602
61654,304.432,None,None
61795,304.432,0.0482827,0.0492543
61811,304.432,0.0483483,0.0492066
61842,304.432,0.0482738,0.0485361
61874,304.432,0.0483572,0.0493556
61984,304.432,0.0484228,0.0492483
62031,271.701,0.0483662,0.0494093
62061,None,None,0.0498772
62062,271.701,0.0485241,None
62092,None,None,0.0496984
62093,271.701,0.0485867,None
62125,271.701,0.0487775,0.0507027
62266,271.701,0.0486404,0.0484139
62282,271.701,0.0487089,0.0490129
62314,271.701,0.0487119,0.0491768
62440,271.701,0.0488579,0.0481248
62488,271.701,0.0489235,0.0478655
62599,239.319,0.0488579,0.0472218
62631,239.319,0.048697,0.0469625
62725,239.319,0.0485808,0.0471205
62835,None,None,0.047338
62836,239.319,0.048393,None
62867,239.319,0.0483006,0.0475019
62899,None,None,0.0473112
62900,239.319,0.0481665,None
62931,239.319,0.0484139,0.0477493
62971,239.319,0.0481874,0.0478297
63025,None,None,0.0480473
63026,207.505,0.0482053,None
63057,207.505,0.0478774,0.0478208
63153,None,None,0.0479102
63154,207.505,0.0478774,None
63233,207.505,0.0477999,0.0481725
63248,207.505,0.0478595,0.0488609
63279,None,None,0.0491112
63280,207.505,0.047797,None
63312,207.505,0.0478566,0.0493705
63343,207.505,0.047794,0.0483364
63535,176.277,0.0479639,0.0495434
63662,176.277,0.0485212,0.0500232
63693,None,None,0.0495672
63694,176.277,0.0486076,None
63726,176.277,0.0486642,0.0499547
63757,176.277,0.0487208,0.0496268
63932,176.277,0.048852,0.0490963
63963,176.277,0.0488788,0.0487208
64042,None,None,0.0500083
64043,145.6,0.0492781,None
64075,145.6,0.0493467,0.0494152
64106,None,None,0.0492781
64107,145.6,0.049299,None
64139,145.6,0.04915,0.0493556
64170,None,None,0.0492603
64171,145.6,0.0492007,None
64249,145.6,0.049153,0.0477374
64279,None,None,0.0479907
64280,145.6,0.0491053,None
64312,145.6,0.0491023,0.0485927
64328,145.6,0.049144,0.0482857
64374,None,0.0490844,0.0479013
64375,145.6,None,None
64454,145.6,0.0491917,0.0490487
64486,145.6,0.0490844,0.0491768
64517,None,0.0491709,0.0487864
64518,145.6,None,None
64677,115.333,0.0490427,0.0491947
64725,115.333,0.0488579,0.0488549
64756,None,None,0.0491202
64757,115.333,0.0489026,None
64789,115.333,0.0488818,0.0489444
64868,115.333,0.0486642,0.0476956
64980,115.333,0.048703,0.0478029
65044,85.2517,0.0485808,0.0491947
65076,85.2517,0.0484943,0.0484794
65108,85.2517,0.0485182,0.0483304
65139,None,None,0.0482917
65140,85.2517,0.0485182,None
65172,85.2517,0.0485539,0.0488549
1,60.8369,0.0483364,0.0485063
49,60.8369,0.0482708,0.0479996
86,60.8369,0.0481874,0.0487238
144,60.8369,0.0481129,0.048098
176,60.8369,0.0479847,0.0476599
208,60.8369,0.0480443,0.047484
239,None,0.04794,0.0472367
240,60.8369,None,None
271,None,None,0.0466019
272,60.8369,0.047788,None
351,None,None,0.0480294
352,60.8369,0.0480115,None
367,60.8369,0.0480324,0.0476003
571,40.2822,0.0479519,0.0481397
603,40.2822,0.04794,0.0481218
634,40.2822,0.0477463,0.0479013
666,40.2822,0.047785,0.0478655
745,40.2822,0.0478834,0.0479549
841,40.2822,0.0479072,0.0483304
873,40.2822,0.0481397,0.0490725
968,40.2822,0.0478983,0.0491589
1015,20.089,0.0479519,0.0487685
1046,None,None,0.0475079
1047,20.089,0.0477314,None
1077,20.089,0.0475764,0.0462145
1157,20.089,0.0476003,0.0463307
1172,None,None,0.0464916
1173,20.089,0.0477523,None
1204,20.089,0.0477493,0.0464737
1236,20.089,0.0478774,0.0480711
1268,20.089,0.0482917,0.0499636
1347,None,0.0480205,0.0496358
1348,20.089,None,None
1379,None,None,0.0485659
1380,20.089,0.0480384,None
1411,20.089,0.0480801,0.0495642
1443,None,None,0.0484914
1444,20.089,0.0481486,None
1475,None,0.0482053,0.0478178
1476,20.089,None,None
1555,0.0880152,0.0481635,0.0490397
1603,0.0880152,0.048241,0.0487417
1635,0.0880152,0.0482142,0.0481039
1667,0.0880152,0.0481814,0.0478119
1746,None,0.048089,0.0474095
1747,0.0880152,None,None
1794,None,0.0482887,0.0471532
1795,0.0880152,None,None
1827,0.0880152,0.048095,0.0479281
1858,0.0880152,0.0482619,0.0486672
1968,None,0.0483334,0.0493914
1969,0.0880152,None,None
2032,0.0482887,0.0483423,0.0483751
2063,0.0482887,0.0484645,0.0480682
2096,0.0482887,0.0487208,0.0486523
2285,None,0.0479966,0.0470698
2286,0.0482887,None,None
2365,0.0482887,0.0481069,0.047034
2412,0.0482887,0.0479847,0.0473589
2444,0.0482887,0.0479132,0.0470638
2586,0.0482351,0.0477821,0.0475258
2618,0.0482351,0.0479281,0.0480592
2649,0.0482351,0.0479162,0.0478208
2680,0.0482351,0.047797,0.0472963
2713,0.0482351,0.0480175,0.0486344
2790,None,0.0478357,0.0476003
2791,0.0482351,None,None
2823,0.0482351,0.0479132,0.0478446
2998,0.0481755,0.0476331,0.0477225
3189,None,0.0476211,0.0482559
3190,0.0481755,None,None
3237,None,0.0478268,0.0484109
3238,0.0481755,None,None
3269,0.0481755,0.0478268,0.0487536
3301,0.0481755,0.0482261,0.0508487
3332,0.0481755,0.0485003,0.0515342
3412,0.0481755,0.048542,0.050658
3428,0.0481755,0.048545,0.050354
3460,0.0481755,0.048542,0.0506938
3492,0.0481874,0.0484645,0.0489593
3523,0.0481874,0.048539,0.0480443
3791,0.0481874,0.0483274,0.0475079
3823,0.0481874,0.0483751,0.048086
3855,0.0481874,0.0484943,0.0479341
3886,None,None,0.0468791
3887,0.0481874,0.0483841,None
3918,0.0481874,0.0484794,0.0480086
4122,0.0482708,0.048551,0.0477135
4202,0.0482708,0.048396,0.0475794
4233,None,0.0483572,0.0480384
4234,0.0482708,None,None
4250,0.0482708,0.0483394,0.0479192
4281,None,None,0.0476271
4282,0.0482708,0.0481635,None
4314,0.0482708,0.0479609,0.047949
4345,0.0482708,0.0478089,0.0481755
4423,0.0482708,0.047791,0.0476837
4453,0.0482708,0.0478208,0.0479102
4485,0.0482708,0.0479937,0.0484109
4501,0.0482827,0.0480711,0.048396
4548,None,None,0.0490129
4549,0.0482827,0.0480056,None
4628,0.0482827,0.0479639,0.0480026
4644,0.0482827,0.0479579,0.0481158
4675,0.0482827,0.0477254,0.0471354
4707,0.0482827,0.0476986,0.0458717
4818,None,None,0.0467569
4819,0.0482827,0.0477731,None
4849,0.0482827,0.0478715,0.0474811
5150,0.0482619,0.0482023,0.0489384
5229,0.0482619,0.0480711,0.0494599
5277,0.0482619,0.0481158,0.048694
5378,0.0482619,0.0478417,0.0464916
5419,0.0482619,0.0477642,0.0457257
5467,0.0482619,0.0474691,0.0456363
5499,0.0482172,0.0474334,0.0460088
5531,0.0482172,0.0474125,0.0465453
5563,None,0.0473648,0.0466675
5564,0.0482172,None,None
5643,0.0482172,0.0473797,0.0474185
5690,0.0482172,0.0476569,0.0474364
5721,0.0482172,0.0477582,0.0477493
5753,0.0482172,0.047639,0.0480741
5831,0.0482172,0.0477374,0.048992
5879,0.0482172,0.0475973,0.0480741
5973,0.0482172,0.0476778,0.0481576
6147,0.0482291,0.047496,0.0482917
6179,0.0482291,0.0475496,0.0483274
6306,0.0482291,0.0473678,0.0463605
6336,0.0482291,0.0475407,0.0469774
6368,0.0482291,0.0475645,0.0465989
6511,0.0481427,0.0477582,0.0475138
6558,0.0481427,0.0477254,0.0477046
6670,None,0.0478745,0.0476569
6671,0.0481427,None,None
6702,0.0481427,0.0478178,0.0482619
6718,0.0481427,0.0477791,0.0480443
6750,0.0481427,0.0477821,0.0485599
6782,0.0481427,0.0478387,0.047642
6862,0.0481427,0.0480443,0.0497609
6957,0.0481427,0.0481993,0.0497729
7005,0.0481427,0.0481278,0.050205
7099,0.0481427,0.048086,0.0486076
7147,0.0481427,0.0481993,0.0480294
7179,0.0481427,0.0481635,0.048551
7211,0.0481427,0.0483066,0.0487447
7354,None,None,0.0481188
7355,0.0481427,0.0485003,None
7481,0.0481427,0.0485033,0.0481457
7624,0.0481814,0.0484973,0.0485092
7703,0.0481814,0.0485897,0.048691
7749,0.0481814,0.0484943,0.0486761
7781,0.0481814,0.0484943,0.0485718
7812,None,None,0.0483036
7813,0.0481814,0.0485241,None
7892,0.0481814,0.0480413,0.047496
7939,0.0481814,0.0479966,0.0475347
7987,0.0481486,0.0480235,0.0477523
8035,0.0481486,0.0479013,0.0474095
8114,0.0481486,0.0479102,0.0478983
8290,0.0481486,0.0480473,0.0487745
8338,0.0481486,0.0479996,0.0487387
8546,0.0480324,0.0477195,0.0464857
8593,None,0.0478506,0.047645
8594,0.0480324,None,None
8817,0.0480324,0.0473797,0.0470102
8928,None,None,0.0465035
8929,0.0480324,0.0475973,None
8976,0.0480324,0.0475764,0.0476152
9008,0.0479877,0.0475466,0.04825
9103,0.0479877,0.0475317,0.0480115
9150,None,None,0.0478208
9151,0.0479877,0.0476092,None
9181,0.0479877,0.0475049,0.0474691
9214,0.0479877,0.0474215,0.0478417
9325,0.0479877,0.0475168,0.0485212
9357,0.0479877,0.0476271,0.0478208
9373,0.0479877,0.0476152,0.0481576
9404,None,None,0.048402
9405,0.0479877,0.0477344,None
9437,0.0479877,0.0475317,0.0475347
9515,0.04794,0.0476837,0.047043
9547,None,None,0.0468969
9548,0.04794,0.0476301,None
9735,None,None,0.0474215
9736,0.04794,0.0474304,None
9768,0.04794,0.0475645,0.0471324
9798,0.04794,0.0476927,0.0475913
9829,None,None,0.0475973
9830,0.04794,0.0477552,None
9861,0.04794,0.047645,0.0478745
10079,0.0479072,0.0476003,0.047192
10130,None,None,0.0483751
10131,0.0479072,0.0478536,None
10162,0.0479072,0.0476986,0.0482738
10194,None,None,0.0493199
10195,0.0479072,0.0478506,None
10337,0.0479072,0.0475615,0.0473052
10369,0.0479072,0.0475705,0.047192
10400,None,0.0475645,0.0469625
10401,0.0479072,None,None
10433,0.0479072,0.0476748,0.0475109
10463,None,0.0477761,0.0478089
10464,0.0479072,None,None
10526,None,0.0477284,0.0474691
10527,0.0479192,None,None
10558,0.0479192,0.047639,0.0475943
10590,0.0479192,0.0476092,0.0471771
10622,0.0479192,0.0476301,0.0472575
10654,0.0479192,0.0476897,0.0467181
10686,0.0479192,0.0476211,0.0469327
10766,0.0479192,0.047496,0.0466168
10891,0.0479192,0.0473171,0.0464827
10987,0.0478774,0.0475556,0.0479519
11019,0.0478774,0.0476062,0.0479907
11051,0.0478774,0.047484,0.0480682
11083,0.0478774,0.0475854,0.048545
11114,None,None,0.048846
11115,0.0478774,0.0474393,None
11383,0.0478774,0.0473887,0.0470072
11415,0.0478774,0.0474215,0.0473142
11447,0.0478774,0.0473291,0.0470251
11479,0.0478774,0.0474662,0.0475138
11542,None,None,0.0469655
11543,0.0478625,0.0474542,None
11637,0.0478625,0.0475615,0.0481814
11669,0.0478625,0.0475317,0.0472754
11701,0.0478625,0.0475973,0.0470757
11780,0.0478625,0.0476718,0.0468224
11813,0.0478625,0.0476331,0.0468224
11844,0.0478625,0.047642,0.0467122
12003,0.0478148,0.0478059,0.0489861
12051,0.0478148,0.0477195,0.0484347
12083,0.0478148,0.0477403,0.0489473
12114,None,0.0477374,0.0483125
12115,0.0478148,None,None
12194,None,0.0477493,0.0477523
12195,0.0478148,None,None
12242,0.0478148,0.0475645,0.0477046
12274,0.0478148,0.0475198,0.0469089
12306,0.0478148,0.0476152,0.0473976
12385,None,0.0477403,0.0472397
12386,0.0478148,None,None
12401,0.0478148,0.0477016,0.0475287
12576,0.0478148,0.0474662,0.0465751
12608,0.0478148,0.0476867,0.0484109
12655,0.0478148,0.0476301,0.0476539
12799,0.0478148,0.0476837,0.0465333
12815,0.0478148,0.0475824,0.0465184
12847,0.0478148,0.0476271,0.0473171
12878,0.0478148,0.0477046,0.0477463
12909,None,None,0.0483602
12910,0.0478148,0.0477076,None
12987,0.047791,0.0473917,0.0467718
13035,0.047791,0.047484,0.0475705
13082,None,None,0.0458866
13083,0.047791,0.0471115,None
13130,None,None,0.0459433
13131,0.047791,0.0470161,None
13209,0.047791,0.0471056,0.0458688
13448,0.047791,0.0468642,0.0463873
13494,0.0476688,0.0471175,0.0463098
13542,0.0476688,0.0472337,0.0475466
13812,0.0476688,0.0474751,0.0485241
13844,None,None,0.0479788
13845,0.0476688,0.0472397,None
14035,0.047648,0.046888,0.0454605
14084,0.047648,0.0470966,0.0457376
14131,0.047648,0.0471711,0.0464767
14163,None,None,0.0460356
14164,0.047648,0.0472188,None
14339,0.047648,0.0470579,0.0468463
14419,0.047648,0.0470877,0.0465691
14450,None,0.047344,0.0471562
14451,0.047648,None,None
14546,0.0476062,0.047037,0.0475734
14626,0.0476062,0.0473171,0.0485182
14673,None,0.0473171,0.0480235
14674,0.0476062,None,None
14927,0.0476062,0.0472844,0.0481218
14973,0.0476062,0.0471652,0.0479579
15069,0.0476032,0.0473738,0.0481248
15100,0.0476032,0.0475496,0.0476211
15132,None,None,0.0468969
15133,0.0476032,0.0473797,None
15164,0.0476032,0.0474602,0.0477284
15244,0.0476032,0.0473976,0.0474215
15260,0.0476032,0.0474215,0.047642
15292,0.0476032,0.0475585,0.0486523
15324,0.0476032,0.047785,0.0494927
15355,None,None,0.0495315
15356,0.0476032,0.0479817,None
15395,0.0476032,0.0480473,0.049296
15515,0.047642,0.0478983,0.0480294
15547,0.047642,0.0481278,0.0480622
15579,0.047642,0.0480026,0.0477999
15642,None,None,0.0472128
15643,0.047642,0.0477433,None
15674,0.047642,0.0478566,0.047788
15769,0.047642,0.0480503,0.0474691
15911,None,0.0479162,0.0474602
15912,0.047642,None,None
15944,0.047642,0.0479639,0.0472426
16003,0.0476182,0.0478536,0.0465333
16134,0.0476182,0.0476003,0.0450701
16182,0.0476182,0.0475764,0.0459164
16452,0.0476182,0.0472307,0.047493
16498,None,0.0473917,0.0477999
16499,0.0476182,None,None
16593,0.0476182,0.0472307,0.0478774
16672,0.0476182,0.0474066,0.0477761
16703,None,None,0.0485957
16704,0.0476182,0.0475436,None
16911,0.0476182,0.0475287,0.0473827
16943,0.0476182,0.0475675,0.0473559
16974,0.0476182,0.0476569,0.0473648
17067,0.0475764,0.0479728,0.048852
17275,0.0475764,0.048098,0.0482827
17322,0.0475764,0.0482589,0.0478506
17354,None,None,0.0476271
17355,0.0475764,0.0483066,None
17386,0.0475764,0.0483125,0.0480741
17481,0.0475764,0.0481427,0.0474751
17625,0.0475705,0.0481188,0.0475079
17798,0.0475705,0.047943,0.0475883
17830,0.0475705,0.0478148,0.0470519
17909,0.0475705,0.0479102,0.0466824
17925,0.0475705,0.0478297,0.0462621
17973,0.0475705,0.0477761,0.0472575
18021,0.0475466,0.0475764,0.0469625
18116,None,0.0475585,0.0473857
18117,0.0475466,None,None
18149,0.0475466,0.0474393,0.0477374
18307,0.0475466,0.0474155,0.0477731
18338,None,None,0.0474304
18339,0.0475466,0.0473976,None
18371,0.0475466,0.0472814,0.0475943
18402,None,None,0.0475883
18403,0.0475466,0.0472844,None
18434,0.0475466,0.0471294,0.0465572
18608,0.0475228,0.0471056,0.0470668
18640,0.0475228,0.0470757,0.0471681
18717,None,0.0468373,0.0470579
18718,0.0475228,None,None
18907,0.0475228,0.047037,0.0478715
18939,0.0475228,0.0472486,0.0477821
18986,0.0475258,0.0473261,0.0481367
19051,0.0475258,0.0471264,0.0467747
19194,0.0475258,0.0470698,0.0460058
19226,0.0475258,0.0471234,0.046578
19258,0.0475258,0.0470221,0.0473589
19337,0.0475258,0.0469506,0.0468254
19368,0.0475258,0.0469804,0.0472575
19528,0.047496,0.0474572,0.0488758
19560,0.047496,0.0475347,0.0491351
19607,None,None,0.048545
19608,0.047496,0.0474632,None
19640,0.047496,0.0475198,0.0484973
19671,0.047496,0.047639,0.0481337
19751,0.047496,0.0476629,0.047335
19781,None,None,0.0486314
19782,0.047496,0.0476122,None
19813,0.047496,0.0476211,0.0483096
19862,0.047496,0.0476867,0.0486821
19940,0.047496,0.0477314,0.0483215
19987,0.0475317,0.0475585,0.0476837
20082,0.0475317,0.0476688,0.0467747
20178,0.0475317,0.0478238,0.047338
20225,0.0475317,0.0477701,0.0469267
20256,0.0475317,0.0477225,0.0475228
20289,0.0475317,0.0477105,0.0464886
20368,None,None,0.046882
20369,0.0475317,0.0477105,None
20400,0.0475317,0.0477642,0.0468105
20431,None,None,0.047639
20432,0.0475317,0.0477463,None
20448,0.0475317,0.0477672,0.0476986
20479,None,None,0.0480294
20480,0.0475317,0.0476688,None
20559,None,0.0473171,0.0470877
20560,0.0474989,None,None
20590,0.0474989,0.0474215,0.0471085
20621,0.0474989,0.0472575,0.0468463
20765,0.0474989,0.047037,0.0460744
20811,0.0474989,0.0470519,0.0467658
20843,0.0474989,0.0470459,0.0473142
20890,0.0474989,0.0470459,0.0476837
20986,0.0474572,0.0468165,0.0469655
21018,0.0474572,0.0467032,0.0458032
21065,None,None,0.0452191
21066,0.0474572,0.0468582,None
21146,0.0474572,0.0468045,0.0466913
21177,0.0474572,0.04673,0.0469059
21304,0.0474572,0.0469983,0.0472516
21384,0.0474572,0.046888,0.047189
21415,0.0474572,0.0469416,0.0473469
21446,0.0474572,0.0468999,0.0473291
21477,0.0474572,0.0468433,0.0471383
21588,0.0474304,0.0472516,0.0486821
21620,0.0474304,0.0471681,0.0477552
21652,0.0474304,0.047031,0.0474215
21684,0.0474304,0.0471711,0.0473499
21763,0.0474304,0.0472784,0.0464201
21795,None,0.0473052,0.0469178
21796,0.0474304,None,None
21826,0.0474304,0.0472516,0.0475466
21857,0.0474304,0.0472277,0.047946
21889,0.0474304,0.0472695,0.0480413
22097,0.0474334,0.0476778,0.0476569
22208,None,None,0.0475138
22209,0.0474334,0.0475556,None
22256,0.0474334,0.0474632,0.0465512
22288,0.0474334,0.0476271,0.0470132
22320,0.0474334,0.0476003,0.0472307
22399,None,0.0475198,0.0468314
22400,0.0474334,None,None
22415,0.0474334,0.0474095,0.0466436
22463,0.0474334,0.0475347,0.0472635
22573,0.0474334,0.047195,0.0465065
22667,0.0474334,0.047493,0.047186
22699,0.0474334,0.0474542,0.0469983
22763,0.0474334,0.0475168,0.0479907
22810,0.0474334,0.0474572,0.0480503
22842,0.0474334,0.0472188,0.0470906
22874,0.0474334,0.0472456,0.0466585
23001,0.0473857,0.0468314,0.0444502
23049,0.0473857,0.0467479,0.0448346
23096,None,None,0.0449926
23097,0.0473857,0.0466138,None
23127,None,None,0.0453115
23128,0.0473857,0.0467479,None
23206,0.0473857,0.0466913,0.0468612
23253,0.0473857,0.046736,0.0471383
23285,0.0473857,0.046581,0.0468284
23317,0.0473857,0.0466019,0.0468165
23348,0.0473857,0.0465751,0.0465691
23428,0.0473857,0.0469089,0.0479937
23460,0.0473857,0.046891,0.0481069
23491,0.0474185,0.0468969,0.0483245
23523,0.0474185,0.0469834,0.048542
23587,None,None,0.0472218
23588,0.0474185,0.0467867,None
23683,None,None,0.0470579
23684,0.0474185,0.0468016,None
23715,0.0474185,0.0468731,0.0470072
23857,0.0474185,0.0472844,0.0497431
23889,0.0474185,0.0472903,0.0496477
23921,0.0474185,0.0473291,0.04884
24016,None,0.0475615,0.0472248
24017,0.0474185,None,None
24064,0.0474185,0.0477165,0.0468403
24096,0.0474185,0.0476688,0.0466645
24128,0.0474185,0.0477165,0.047645
24159,0.0474185,0.0477195,0.0473559
24238,0.0474185,0.0475407,0.046128
24269,0.0474185,0.0475228,0.046578
24301,0.0474185,0.0474513,0.0455707
24330,None,0.0476539,0.0459045
24331,0.0474185,None,None
24362,0.0474185,0.0475526,0.0461102
24440,0.0474185,0.0473887,0.0471324
24472,None,0.0475764,0.0478327
24473,0.0474185,None,None
24568,0.0474334,0.0476539,0.0483602
24709,None,0.0478119,0.04825
24710,0.0474334,None,None
24741,0.0474334,0.0474781,0.0473499
24773,0.0474334,0.0473827,0.0473648
24852,0.0474334,0.0471383,0.0470698
24884,None,0.0471234,0.0463724
24885,0.0474334,None,None
24984,None,None,0.0461698
24985,0.0474334,0.0471056,None
25058,None,0.0472009,0.0472188
25059,0.0474095,None,None
25106,0.0474095,0.0472337,0.0482768
25154,0.0474095,0.0470877,0.0469863
25234,0.0474095,0.0472695,0.0466615
25281,0.0474095,0.0473201,0.0469655
25311,None,None,0.0468075
25312,0.0474095,0.0474393,None
25454,0.0474095,0.0471145,0.0465155
25502,0.0473559,0.0471622,0.0469416
25534,0.0473559,0.0471652,0.0467211
25564,0.0473559,0.0471354,0.0468135
25644,None,None,0.0467688
25645,0.0473559,0.0469327,None
25692,None,None,0.0460774
25693,0.0473559,0.0467449,None
25724,0.0473559,0.0467926,0.0457942
25756,0.0473559,0.0470579,0.0468612
25800,0.0473559,0.0470608,0.0472277
26075,0.0473827,0.0476182,0.0484407
26248,0.0473827,0.0478178,0.0483394
