Время ГИТ, с;Напряжение заряда ГИТ, кВ;Время ЭМП, с;Положение верхнего пуансона, мм;Положение нижнего пуансона, мм;Усилие верхнего ЭМП, кН;Усилие нижнего ЭМП, кН
0.0;4.632078170776367;0.0;4.9999895095825195;37.60008239746094;-660.0;500.0
0.10047197341918945;4.632078170776367;0.004000000189989805;5.000030517578125;37.59856414794922;-681.0;483.0
0.20139193534851074;4.710021018981934;0.00800000037997961;4.9999470710754395;37.596466064453125;-661.0;413.0
0.30255794525146484;4.710021018981934;0.012000000569969416;5.0000200271606445;37.594276428222656;-654.0;388.0
0.4026200771331787;4.804496765136719;0.01600000075995922;4.999998092651367;37.591827392578125;-662.0;377.0
0.5037269592285156;4.804496765136719;0.020000000949949026;4.999974727630615;37.589149475097656;-669.0;348.0
0.6048970222473145;4.875353813171387;0.02400000113993883;5.000051498413086;37.58684158325195;-667.0;315.0
0.7057900428771973;4.875353813171387;0.028000001329928637;4.999936103820801;37.58454132080078;-671.0;295.0
0.8060250282287598;4.9462103843688965;0.03200000151991844;5.000024795532227;37.5823974609375;-659.0;293.0
0.9068770408630371;4.9462103843688965;0.03600000170990825;5.000048637390137;37.580406188964844;-648.0;260.0
1.0076780319213867;5.02193546295166;0.04000000189989805;4.999968528747559;37.57876968383789;-666.0;272.0
1.10791015625;5.02193546295166;0.04400000208988786;5.000049591064453;37.57740783691406;-663.0;269.0
1.2086410522460938;5.093134880065918;0.04800000227987766;4.999996185302734;37.5762939453125;-678.0;271.0
1.3092830181121826;5.093134880065918;0.05200000246986747;4.9999680519104;37.57550811767578;-680.0;245.0
1.4105310440063477;5.158299922943115;0.05600000265985727;5.000066757202148;37.57489776611328;-656.0;260.0
1.5118839740753174;5.158299922943115;0.06000000284984708;4.999986171722412;37.574546813964844;-648.0;264.0
1.6128430366516113;5.241567611694336;0.06400000303983688;4.999977111816406;37.574371337890625;-672.0;264.0
1.715489149093628;5.241567611694336;0.06800000322982669;5.000085830688477;37.5743408203125;-667.0;282.0
1.8167691230773926;5.299491882324219;0.0720000034198165;4.9999589920043945;37.57444763183594;-656.0;266.0
1.9182560443878174;5.299491882324219;0.0760000036098063;5.000034332275391;37.574459075927734;-662.0;269.0
2.0303139686584473;5.299491882324219;0.0800000037997961;5.000044822692871;37.57440185546875;-663.0;264.0
2.13161301612854;5.36707067489624;0.08400000398978591;4.999960899353027;37.57440185546875;-672.0;271.0
2.234187126159668;5.36707067489624;0.08800000417977571;5.000064373016357;37.57440948486328;-669.0;280.0
2.336905002593994;5.42620325088501;0.09200000436976552;4.999980449676514;37.57440185546875;-652.0;288.0
2.438997983932495;5.42620325088501;0.09600000455975533;4.999972820281982;37.57440185546875;-662.0;283.0
2.5406200885772705;5.497401714324951;0.10000000474974513;5.000048637390137;37.57440948486328;-662.0;268.0
2.643294095993042;5.497401714324951;0.10400000493973494;4.9999542236328125;37.57440185546875;-675.0;279.0
2.7471580505371094;5.550499439239502;0.10800000512972474;5.000059127807617;37.57439422607422;-671.0;281.0
2.848809003829956;5.550499439239502;0.11200000531971455;5.0000386238098145;37.57439422607422;-671.0;278.0
2.953261137008667;5.5963568687438965;0.11600000550970435;4.999942779541016;37.57440948486328;-652.0;276.0
3.0562491416931152;5.5963568687438965;0.12000000569969416;5.000082969665527;37.57440185546875;-659.0;283.0
3.1572179794311523;5.650661468505859;0.12400000588968396;4.999972820281982;37.574398040771484;-670.0;276.0
3.2587270736694336;5.650661468505859;0.12800000607967377;4.999965190887451;37.57440185546875;-673.0;290.0
3.361057996749878;5.720654010772705;0.13200000626966357;5.000051498413086;37.57439041137695;-673.0;297.0
3.4626190662384033;5.720654010772705;0.13600000645965338;4.999975204467773;37.57440185546875;-665.0;281.0
3.56482195854187;5.77978515625;0.14000000664964318;5.000035285949707;37.57439422607422;-662.0;272.0
3.665802001953125;5.77978515625;0.144000006839633;5.00004768371582;37.57440185546875;-657.0;286.0
3.7687931060791016;5.834090232849121;0.1480000070296228;4.999969959259033;37.57439422607422;-676.0;271.0
3.869460105895996;5.834090232849121;0.1520000072196126;5.000058650970459;37.57439422607422;-667.0;283.0
3.971997022628784;5.884774208068848;0.1560000074096024;4.999979019165039;37.57438659667969;-664.0;280.0
4.074449062347412;5.884774208068848;0.1600000075995922;5.00001335144043;37.57439422607422;-662.0;279.0
4.17669415473938;5.9366655349731445;0.16400000778958201;5.000024318695068;37.57439422607422;-649.0;282.0
4.278017044067383;5.9366655349731445;0.16800000797957182;5.00000524520874;37.57438659667969;-669.0;285.0
4.378939151763916;5.988555908203125;0.17200000816956162;5.000044822692871;37.574398040771484;-662.0;277.0
4.481014013290405;5.988555908203125;0.17600000835955143;4.999964714050293;37.574378967285156;-659.0;301.0
4.583821058273315;6.010000228881836;0.18000000854954123;5.000056266784668;37.57440185546875;-665.0;290.0
4.684468984603882;6.010000228881836;0.18400000873953104;4.999990940093994;37.574398040771484;-656.0;281.0
4.786647081375122;6.010000228881836;0.18800000892952085;5.000022888183594;37.57440185546875;-664.0;286.0
4.888462066650391;6.010000228881836;0.19200000911951065;5.000062465667725;37.574398040771484;-664.0;295.0
4.989544153213501;6.010000228881836;0.19600000930950046;4.999930381774902;37.57438278198242;-668.0;280.0
5.091395139694214;6.010000228881836;0.20000000949949026;5.0000786781311035;37.57439041137695;-665.0;270.0
5.1937339305877686;6.010000228881836;0.20400000968948007;5.000039577484131;37.57439422607422;-661.0;281.0
5.295495986938477;6.010000228881836;0.20800000987946987;4.9999589920043945;37.57439422607422;-672.0;269.0
5.403154134750366;6.010000228881836;0.21200001006945968;5.000078201293945;37.574371337890625;-664.0;294.0
5.50532603263855;6.010000228881836;0.21600001025944948;4.999992370605469;37.57437515258789;-656.0;278.0
5.607736110687256;6.010000228881836;0.2200000104494393;4.999966621398926;37.57436752319336;-665.0;286.0
5.71042799949646;6.010000228881836;0.2240000106394291;5.000114440917969;37.57438659667969;-675.0;274.0
5.812391996383667;6.010000228881836;0.2280000108294189;4.999940395355225;37.57439422607422;-665.0;277.0
5.914133071899414;6.010000228881836;0.2320000110194087;5.000021934509277;37.57438278198242;-669.0;267.0
6.014642000198364;6.010000228881836;0.2360000112093985;5.000107288360596;37.5743408203125;-680.0;287.0
6.117541074752808;6.010000228881836;0.2400000113993883;5.000966548919678;37.573612213134766;-636.0;258.0
6.219750165939331;6.010000228881836;0.24400001158937812;5.010430812835693;37.56562042236328;-391.0;182.0
6.32091212272644;6.010000228881836;0.24800001177936792;5.030470371246338;37.548744201660156;-134.0;107.0
6.4214701652526855;6.010000228881836;0.25200001196935773;5.059718608856201;37.524288177490234;143.0;82.0
6.5225160121917725;6.010000228881836;0.25600001215934753;5.0978851318359375;37.49139404296875;226.0;109.0
6.6243250370025635;6.010000228881836;0.26000001234933734;5.144060134887695;37.44969177246094;215.0;72.0
6.725741147994995;6.010000228881836;0.26400001253932714;5.198280334472656;37.39982223510742;92.0;27.0
6.826887130737305;6.010000228881836;0.26800001272931695;5.26010274887085;37.343170166015625;217.0;-2.0
6.929062128067017;6.010000228881836;0.27200001291930676;5.329257011413574;37.280494689941406;256.0;13.0
7.031767129898071;6.010000228881836;0.27600001310929656;5.405896186828613;37.21640396118164;223.0;30.0
7.133897066116333;6.010000228881836;0.28000001329928637;5.489102840423584;37.13648223876953;112.0;55.0
7.2351720333099365;6.010000228881836;0.28400001348927617;5.579034805297852;37.054473876953125;114.0;42.0
7.336229085922241;6.010000228881836;0.288000013679266;5.674786567687988;36.96814727783203;145.0;22.0
7.438338041305542;6.010000228881836;0.2920000138692558;5.776981830596924;36.877079010009766;84.0;-9.0
7.53960394859314;6.010000228881836;0.2960000140592456;5.885241985321045;36.78268814086914;120.0;-5.0
7.64109992980957;6.010000228881836;0.3000000142492354;6.000990867614746;36.68788528442383;98.0;45.0
7.7418670654296875;6.010000228881836;0.3040000144392252;6.118977069854736;36.57464599609375;116.0;20.0
7.843045949935913;6.010000228881836;0.308000014629215;6.246068954467773;36.45992660522461;109.0;61.0
7.948081970214844;6.010000228881836;0.3120000148192048;6.377172946929932;36.340545654296875;118.0;97.0
8.048573970794678;6.010000228881836;0.3160000150091946;6.5110182762146;36.212806701660156;105.0;63.0
8.151368141174316;6.010000228881836;0.3200000151991844;6.6514153480529785;36.08296203613281;83.0;121.0
8.2535240650177;6.010000228881836;0.3240000153891742;6.795833110809326;35.95001983642578;90.0;85.0
8.355256080627441;6.010000228881836;0.32800001557916403;6.942747116088867;35.80951690673828;105.0;44.0
8.456155061721802;6.010000228881836;0.33200001576915383;7.097015380859375;35.66463088989258;122.0;59.0
8.5578031539917;6.010000228881836;0.33600001595914364;7.260577201843262;35.523704528808594;122.0;97.0
8.658863067626953;6.010000228881836;0.34000001614913344;7.424312591552734;35.35449981689453;112.0;146.0
8.761292934417725;6.010000228881836;0.34400001633912325;7.5904741287231445;35.19708251953125;80.0;123.0
8.865462064743042;6.010000228881836;0.34800001652911305;7.761173248291016;35.033958435058594;102.0;121.0
8.967680931091309;6.010000228881836;0.35200001671910286;7.9397454261779785;34.86443328857422;108.0;87.0
9.069995164871216;6.009071350097656;0.35600001690909266;8.124224662780762;34.687705993652344;94.0;42.0
9.171386003494263;6.009071350097656;0.36000001709908247;8.312996864318848;34.50666046142578;105.0;70.0
9.27314305305481;6.010000228881836;0.3640000172890723;8.501579284667969;34.32598876953125;79.0;103.0
9.373891115188599;6.010000228881836;0.3680000174790621;8.695133209228516;34.137813568115234;55.0;105.0
9.476460933685303;6.010000228881836;0.3720000176690519;8.89461612701416;33.94696807861328;-11.0;105.0
9.578927040100098;6.010000228881836;0.3760000178590417;9.078211784362793;33.74151611328125;-54.0;33.0
9.681636095046997;6.010000228881836;0.3800000180490315;9.24276065826416;33.54051208496094;-4.0;49.0
9.784218072891235;6.010000228881836;0.3840000182390213;9.392682075500488;33.3358154296875;-55.0;80.0
9.886543035507202;6.010000228881836;0.3880000184290111;9.530105590820312;33.12440490722656;-17.0;139.0
9.989289045333862;6.010000228881836;0.3920000186190009;9.655596733093262;32.90639877319336;-53.0;162.0
10.091453075408936;6.010000228881836;0.3960000188089907;9.766840934753418;32.68470001220703;9.0;52.0
10.193271160125732;6.010000228881836;0.4000000189989805;9.868022918701172;32.46251678466797;-34.0;45.0
10.295242071151733;6.010000228881836;0.4040000191889703;9.956308364868164;32.229618072509766;-4.0;64.0
10.39640998840332;6.010000228881836;0.40800001937896013;10.031458854675293;31.993736267089844;-25.0;71.0
10.49799394607544;6.010000228881836;0.41200001956894994;10.09603500366211;31.772371292114258;19.0;79.0
10.60043215751648;6.010000228881836;0.41600001975893974;10.149833679199219;31.514915466308594;20.0;62.0
10.702614068984985;6.010000228881836;0.42000001994892955;10.19761848449707;31.26645851135254;37.0;-36.0
10.805691003799438;6.010000228881836;0.42400002013891935;10.238263130187988;31.012935638427734;18.0;41.0
10.90831208229065;6.010000228881836;0.42800002032890916;10.271656036376953;30.756072998046875;61.0;100.0
11.009245157241821;6.010000228881836;0.43200002051889896;10.300470352172852;30.49254608154297;46.0;85.0
11.110932111740112;6.010000228881836;0.43600002070888877;10.323410034179688;30.22062873840332;67.0;95.0
11.212041139602661;6.010000228881836;0.4400000208988786;10.34220027923584;29.9487247467041;68.0;192.0
11.314543962478638;6.010000228881836;0.4440000210888684;10.356810569763184;29.67166519165039;87.0;92.0
11.415975093841553;6.010000228881836;0.4480000212788582;10.36773681640625;29.39035987854004;62.0;11.0
11.517030954360962;6.010000228881836;0.452000021468848;10.375462532043457;29.104490280151367;76.0;110.0
11.618755102157593;6.010000228881836;0.4560000216588378;10.380624771118164;28.810815811157227;81.0;-4.0
11.719783067703247;6.010000228881836;0.4600000218488276;10.38305377960205;28.5150146484375;69.0;41.0
11.820594072341919;6.010000228881836;0.4640000220388174;10.383342742919922;28.216819763183594;63.0;43.0
11.921993970870972;6.010000228881836;0.4680000222288072;10.381302833557129;27.91232681274414;-11.0;132.0
12.023910999298096;6.010000228881836;0.472000022418797;10.378223419189453;27.60238265991211;-48.0;76.0
12.130195140838623;6.010000228881836;0.4760000226087868;10.37497615814209;27.284564971923828;-88.0;33.0
12.232320070266724;6.010000228881836;0.4800000227987766;10.370457649230957;26.966384887695312;-164.0;15.0
12.333012104034424;6.010000228881836;0.48400002298876643;10.364959716796875;26.644325256347656;-231.0;-34.0
12.436476945877075;6.010000228881836;0.48800002317875624;10.358542442321777;26.312957763671875;-276.0;-44.0
12.537038087844849;6.010000228881836;0.49200002336874604;10.351006507873535;25.978546142578125;-376.0;-4.0
12.64131212234497;6.010000228881836;0.49600002355873585;10.342432975769043;25.641315460205078;-407.0;18.0
12.742618083953857;6.010000228881836;0.5000000237487257;10.332894325256348;25.299060821533203;-493.0;51.0
12.846573114395142;6.010000228881836;0.5040000239387155;10.322367668151855;24.950824737548828;-540.0;139.0
12.94775104522705;6.010000228881836;0.5080000241287053;10.31048583984375;24.597843170166016;-544.0;-31.0
13.049133062362671;6.010000228881836;0.5120000243186951;10.297466278076172;24.243587493896484;-576.0;-53.0
13.150320053100586;6.010000228881836;0.5160000245086849;10.28317642211914;23.88143539428711;-586.0;11.0
13.251525163650513;6.007864475250244;0.5200000246986747;10.267608642578125;23.53219223022461;-604.0;96.0
13.352139949798584;6.007864475250244;0.5240000248886645;10.250904083251953;23.21889877319336;-625.0;77.0
13.454077005386353;6.007864475250244;0.5280000250786543;10.232976913452148;22.878440856933594;-639.0;184.0
13.556755065917969;6.007864475250244;0.5320000252686441;10.213863372802734;22.568355560302734;-652.0;143.0
13.657953023910522;6.010000228881836;0.5360000254586339;10.193540573120117;22.271625518798828;-695.0;99.0
13.758463144302368;6.010000228881836;0.5400000256486237;10.172077178955078;21.991046905517578;-685.0;-19.0
13.8611741065979;6.010000228881836;0.5440000258386135;10.151782989501953;21.7244873046875;-674.0;2.0
13.963698148727417;6.010000228881836;0.5480000260286033;10.133752822875977;21.470561981201172;-708.0;64.0
14.066944122314453;6.010000228881836;0.5520000262185931;10.116678237915039;21.228126525878906;-707.0;30.0
14.168755054473877;6.010000228881836;0.5560000264085829;10.100706100463867;21.000625610351562;-750.0;35.0
14.270060062408447;6.010000228881836;0.5600000265985727;10.085935592651367;20.78573226928711;-676.0;136.0
14.370805025100708;6.010000228881836;0.5640000267885625;10.072358131408691;20.585979461669922;-720.0;115.0
14.473552942276001;6.010000228881836;0.5680000269785523;10.060134887695312;20.39596939086914;-713.0;172.0
14.575498104095459;6.010000228881836;0.5720000271685421;10.048941612243652;20.22177505493164;-717.0;121.0
14.678364038467407;6.010000228881836;0.576000027358532;10.038987159729004;20.060134887695312;-741.0;143.0
14.778915166854858;6.010000228881836;0.5800000275485218;10.030132293701172;19.91196060180664;-729.0;125.0
14.880104064941406;6.009071350097656;0.5840000277385116;10.022422790527344;19.780853271484375;-740.0;95.0
14.982172012329102;6.009071350097656;0.5880000279285014;10.016005516052246;19.659820556640625;-727.0;78.0
15.084092140197754;6.007864475250244;0.5920000281184912;10.010730743408203;19.55313491821289;-731.0;74.0
15.18472695350647;6.007864475250244;0.596000028308481;10.006473541259766;19.462024688720703;-712.0;100.0
15.287240982055664;6.010000228881836;0.6000000284984708;10.003341674804688;19.383472442626953;-718.0;96.0
15.388438940048218;6.010000228881836;0.6040000286884606;10.00206470489502;19.315040588378906;-693.0;93.0
15.489542007446289;6.010000228881836;0.6080000288784504;10.001787185668945;19.25904083251953;-661.0;51.0
15.592026948928833;6.010000228881836;0.6120000290684402;10.000978469848633;19.21521759033203;-677.0;75.0
15.699028968811035;6.010000228881836;0.61600002925843;10.000228881835938;19.182723999023438;-678.0;41.0
15.800496101379395;6.010000228881836;0.6200000294484198;10.000213623046875;19.161418914794922;-684.0;63.0
15.90330696105957;6.010000228881836;0.6240000296384096;10.000198364257812;19.150379180908203;-661.0;64.0
16.004464149475098;6.010000228881836;0.6280000298283994;10.000173568725586;19.148677825927734;-666.0;80.0
16.106466054916382;6.010000228881836;0.6320000300183892;10.000170707702637;19.154052734375;-651.0;164.0
16.208290100097656;6.010000228881836;0.636000030208379;10.000118255615234;19.168357849121094;-650.0;329.0
16.311912059783936;6.010000228881836;0.6400000303983688;10.00013256072998;19.183135986328125;-653.0;391.0
16.412503957748413;6.010000228881836;0.6440000305883586;10.00011920928955;19.19979476928711;-650.0;474.0
16.514986991882324;6.010000228881836;0.6480000307783484;10.000070571899414;19.21924591064453;-662.0;510.0
16.61622405052185;6.010000228881836;0.6520000309683383;10.00013256072998;19.24219512939453;-653.0;512.0
16.71784210205078;6.010000228881836;0.6560000311583281;10.00003433227539;19.267616271972656;-638.0;514.0
16.820410013198853;6.010000228881836;0.6600000313483179;10.000060081481934;19.295570373535156;-652.0;544.0
16.921601057052612;6.010000228881836;0.6640000315383077;10.000046730041504;19.326580047607422;-646.0;562.0
17.023579120635986;6.010000228881836;0.6680000317282975;10.00000286102295;19.361610412597656;-640.0;562.0
17.12518811225891;6.010000228881836;0.6720000319182873;10.000042915344238;19.399154663085938;-643.0;586.0
17.22829508781433;6.010000228881836;0.6760000321082771;9.99996566772461;19.4388427734375;-645.0;609.0
17.330466985702515;6.010000228881836;0.6800000322982669;10.000020027160645;19.481704711914062;-628.0;608.0
17.432647943496704;6.009071350097656;0.6840000324882567;9.999991416931152;19.528751373291016;-650.0;627.0
17.535293102264404;6.009071350097656;0.6880000326782465;10.000003814697266;19.579837799072266;-631.0;593.0
17.63819193840027;6.010000228881836;0.6920000328682363;10.000028610229492;19.632888793945312;-654.0;602.0
17.739588975906372;6.010000228881836;0.6960000330582261;10.00001335144043;19.687877655029297;-636.0;649.0
17.84042501449585;6.010000228881836;0.7000000332482159;9.999999046325684;19.748958587646484;-642.0;583.0
17.942939043045044;6.010000228881836;0.7040000334382057;9.999977111816406;19.80987548828125;-634.0;535.0
18.044827938079834;6.010000228881836;0.7080000336281955;10.000018119812012;19.866500854492188;-626.0;548.0
18.147441148757935;6.010000228881836;0.7120000338181853;9.999984741210938;19.917163848876953;-623.0;524.0
18.249994039535522;6.010000228881836;0.7160000340081751;9.999984741210938;19.965309143066406;-639.0;505.0
18.35222816467285;6.010000228881836;0.7200000341981649;10.000007629394531;20.011520385742188;-628.0;546.0
18.453317165374756;6.010000228881836;0.7240000343881547;9.999930381774902;20.053077697753906;-637.0;589.0
18.554501056671143;6.010000228881836;0.7280000345781446;10.000029563903809;20.091678619384766;-628.0;595.0
18.657737016677856;6.010000228881836;0.7320000347681344;9.99992847442627;20.12647247314453;-626.0;599.0
18.758430004119873;6.010000228881836;0.7360000349581242;9.999977111816406;20.157421112060547;-632.0;596.0
18.860851049423218;6.010000228881836;0.740000035148114;10.000030517578125;20.18533706665039;-633.0;607.0
18.96121907234192;6.009071350097656;0.7440000353381038;9.999909400939941;20.21063232421875;-628.0;609.0
19.064139127731323;6.009071350097656;0.7480000355280936;10.000036239624023;20.23236083984375;-642.0;638.0
19.166669130325317;0.5373385548591614;0.7520000357180834;9.999960899353027;20.251174926757812;-638.0;646.0
19.268758058547974;0.5373385548591614;0.7560000359080732;9.999959945678711;20.266735076904297;-632.0;645.0
19.369903087615967;0.12578147649765015;0.760000036098063;10.000009536743164;20.279003143310547;-632.0;643.0
19.471773147583008;0.12578147649765015;0.7640000362880528;9.999940872192383;20.288414001464844;-636.0;644.0
19.574281930923462;0.11169396340847015;0.7680000364780426;10.000030517578125;20.29373550415039;-635.0;643.0
19.674773931503296;0.11169396340847015;0.7720000366680324;9.999954223632812;20.295536041259766;-634.0;615.0
19.776777982711792;0.07748139649629593;0.7760000368580222;9.999975204467773;20.295589447021484;-623.0;633.0
19.87745499610901;0.07748139649629593;0.780000037048012;9.999979019165039;20.297710418701172;-616.0;632.0
19.979512929916382;0.07949390262365341;0.7840000372380018;9.999933242797852;20.299442291259766;-618.0;620.0
20.08088994026184;0.07949390262365341;0.7880000374279916;10.00001335144043;20.300140380859375;-619.0;627.0
20.182081937789917;0.08050015568733215;0.7920000376179814;9.999940872192383;20.3009033203125;-618.0;618.0
20.284435033798218;0.08050015568733215;0.7960000378079712;9.999963760375977;20.300792694091797;-618.0;617.0
20.387010097503662;0.07748139649629593;0.800000037997961;10.00003433227539;20.300678253173828;-630.0;614.0
20.489572048187256;0.07748139649629593;0.8040000381879508;9.999932289123535;20.30078125;-619.0;608.0
20.59186601638794;0.07647514343261719;0.8080000383779407;10.000017166137695;20.300575256347656;-615.0;585.0
20.692804098129272;0.07647514343261719;0.8120000385679305;10.000005722045898;20.30031967163086;-620.0;581.0
20.794726133346558;0.07848764210939407;0.8160000387579203;9.999935150146484;20.300315856933594;-635.0;579.0
20.895271062850952;0.07848764210939407;0.8200000389479101;10.000055313110352;20.30034637451172;-620.0;580.0
20.99800705909729;0.07949390262365341;0.8240000391378999;9.999977111816406;20.300228118896484;-626.0;569.0
21.099864959716797;0.07949390262365341;0.8280000393278897;9.999990463256836;20.300243377685547;-623.0;587.0
21.20247507095337;0.08050015568733215;0.8320000395178795;10.00003433227539;20.300270080566406;-617.0;573.0
21.304968118667603;0.08050015568733215;0.8360000397078693;9.999946594238281;20.300186157226562;-616.0;570.0
21.406007051467896;0.0815064013004303;0.8400000398978591;10.000030517578125;20.30022430419922;-633.0;589.0
21.50812602043152;0.0815064013004303;0.8440000400878489;9.999990463256836;20.300209045410156;-635.0;565.0
21.60846495628357;0.08050015568733215;0.8480000402778387;9.99997329711914;20.3001708984375;-611.0;570.0
21.71068811416626;0.08050015568733215;0.8520000404678285;10.000078201293945;20.300201416015625;-628.0;567.0
21.812535047531128;0.08050015568733215;0.8560000406578183;9.999956130981445;20.30016326904297;-611.0;579.0
21.914493083953857;0.08251265436410904;0.8600000408478081;10.000031471252441;20.300140380859375;-618.0;571.0
22.031301021575928;0.08251265436410904;0.8640000410377979;10.000062942504883;20.300159454345703;-623.0;574.0
22.13192915916443;0.0815064013004303;0.8680000412277877;9.999967575073242;20.300132751464844;-628.0;554.0
22.233806133270264;0.0815064013004303;0.8720000414177775;10.000080108642578;20.300132751464844;-618.0;578.0
22.33508610725403;0.0815064013004303;0.8760000416077673;10.000009536743164;20.300140380859375;-630.0;579.0
22.437994956970215;0.0815064013004303;0.8800000417977571;9.999983787536621;20.300140380859375;-613.0;571.0
22.540711164474487;0.0815064013004303;0.884000041987747;10.000082015991211;20.300132751464844;-624.0;570.0
22.64146900177002;0.0815064013004303;0.8880000421777368;9.999967575073242;20.300106048583984;-621.0;566.0
22.744153022766113;0.0815064013004303;0.8920000423677266;10.000012397766113;20.30010986328125;-621.0;574.0
22.846604108810425;0.0815064013004303;0.8960000425577164;10.00007438659668;20.30008316040039;-623.0;563.0
22.94923710823059;0.08251265436410904;0.9000000427477062;9.99996566772461;20.30010986328125;-607.0;568.0
23.052096128463745;0.08251265436410904;0.904000042937696;10.000061988830566;20.300079345703125;-624.0;570.0
23.153465032577515;0.0815064013004303;0.9080000431276858;10.0000581741333;20.300071716308594;-623.0;558.0
23.256407022476196;0.0815064013004303;0.9120000433176756;10.000003814697266;20.300071716308594;-624.0;573.0
23.358862161636353;0.08251265436410904;0.9160000435076654;10.000081062316895;20.300067901611328;-624.0;562.0
23.461342096328735;0.08251265436410904;0.9200000436976552;9.999969482421875;20.300071716308594;-603.0;558.0
23.563979148864746;0.08351890742778778;0.924000043887645;10.000073432922363;20.300052642822266;-615.0;570.0
23.664245128631592;0.08351890742778778;0.9280000440776348;10.000070571899414;20.300064086914062;-620.0;568.0
23.766917943954468;0.0815064013004303;0.9320000442676246;9.999981880187988;20.300052642822266;-622.0;576.0
23.867594003677368;0.0815064013004303;0.9360000444576144;10.000094413757324;20.300029754638672;-623.0;567.0
23.9690260887146;0.08351890742778778;0.9400000446476042;10.000017166137695;20.30005645751953;-623.0;567.0
24.071911096572876;0.08351890742778778;0.944000044837594;10.000044822692871;20.300006866455078;-605.0;565.0
24.173728942871094;0.08351890742778778;0.9480000450275838;10.000129699707031;20.30004119873047;-612.0;558.0
24.274922132492065;0.08351890742778778;0.9520000452175736;10.000009536743164;20.300052642822266;-617.0;560.0
24.37573504447937;0.0815064013004303;0.9560000454075634;10.000102996826172;20.300033569335938;-633.0;556.0
24.47742795944214;0.0815064013004303;0.9600000455975533;10.000059127807617;20.300071716308594;-616.0;570.0
24.578323125839233;0.08351890742778778;0.9640000457875431;10.000051498413086;20.300025939941406;-635.0;574.0
24.679644107818604;0.08351890742778778;0.9680000459775329;10.000088691711426;20.30002212524414;-625.0;561.0
24.782305002212524;0.0815064013004303;0.9720000461675227;10.000062942504883;20.300064086914062;-600.0;568.0
24.882691144943237;0.0815064013004303;0.9760000463575125;10.000060081481934;20.300003051757812;-621.0;570.0
24.9834041595459;0.08251265436410904;0.9800000465475023;10.000085830688477;20.300052642822266;-622.0;573.0
25.085559129714966;0.08251265436410904;0.9840000467374921;10.00006103515625;20.300052642822266;-633.0;572.0
;;0.9880000469274819;10.000066757202148;20.300010681152344;-625.0;568.0
;;0.9920000471174717;10.000082015991211;20.300064086914062;-630.0;558.0
;;0.9960000473074615;10.000021934509277;20.300060272216797;-614.0;557.0
;;1.0000000474974513;10.000094413757324;20.300010681152344;-615.0;568.0
;;1.004000047687441;10.00005054473877;20.300067901611328;-623.0;576.0
;;1.008000047877431;10.000093460083008;20.300006866455078;-610.0;553.0
;;1.0120000480674207;10.000090599060059;20.300018310546875;-617.0;555.0
;;1.0160000482574105;10.000032424926758;20.30008316040039;-608.0;560.0
;;1.0200000484474003;10.000082969665527;20.300006866455078;-617.0;551.0
;;1.0240000486373901;10.000038146972656;20.300029754638672;-607.0;560.0
;;1.02800004882738;10.00006103515625;20.300064086914062;-616.0;552.0
;;1.0320000490173697;10.000068664550781;20.30001449584961;-611.0;558.0
;;1.0360000492073596;10.000024795532227;20.300060272216797;-626.0;561.0
;;1.0400000493973494;10.00007152557373;20.30005645751953;-607.0;552.0
;;1.0440000495873392;10.000003814697266;20.30002212524414;-624.0;564.0
;;1.048000049777329;10.000028610229492;20.30008316040039;-614.0;563.0
;;1.0520000499673188;10.00005054473877;20.300052642822266;-615.0;553.0
;;1.0560000501573086;9.999971389770508;20.300025939941406;-614.0;561.0
;;1.0600000503472984;10.000057220458984;20.30008316040039;-599.0;569.0
;;1.0640000505372882;9.999979019165039;20.300006866455078;-624.0;558.0
;;1.068000050727278;10.000012397766113;20.300067901611328;-622.0;562.0
;;1.0720000509172678;10.000028610229492;20.300079345703125;-613.0;563.0
;;1.0760000511072576;9.999923706054688;20.299999237060547;-596.0;557.0
;;1.0800000512972474;10.0;20.300090789794922;-601.0;562.0
;;1.0840000514872372;9.999975204467773;20.300064086914062;-616.0;556.0
;;1.088000051677227;9.999958992004395;20.300010681152344;-622.0;552.0
;;1.0920000518672168;9.999992370605469;20.300094604492188;-603.0;565.0
;;1.0960000520572066;9.999929428100586;20.300037384033203;-623.0;563.0
;;1.1000000522471964;9.999946594238281;20.300037384033203;-617.0;551.0
;;1.1040000524371862;9.999921798706055;20.300079345703125;-614.0;563.0
;;1.108000052627176;9.999926567077637;20.299999237060547;-620.0;559.0
;;1.1120000528171659;9.999907493591309;20.300048828125;-608.0;555.0
;;1.1160000530071557;9.999897956848145;20.300052642822266;-617.0;549.0
;;1.1200000531971455;9.999950408935547;20.300033569335938;-619.0;581.0
;;1.1240000533871353;10.00071907043457;20.30004119873047;-590.0;560.0
;;1.128000053577125;10.008679389953613;20.30004119873047;-402.0;535.0
;;1.1320000537671149;10.027545928955078;20.30001449584961;-165.0;571.0
;;1.1360000539571047;10.055886268615723;20.300052642822266;91.0;565.0
;;1.1400000541470945;10.093399047851562;20.300052642822266;167.0;547.0
;;1.1440000543370843;10.13602066040039;20.300037384033203;48.0;553.0
;;1.148000054527074;10.1869478225708;20.300045013427734;73.0;549.0
;;1.152000054717064;10.230655670166016;20.300018310546875;92.0;560.0
;;1.1560000549070537;10.273580551147461;20.300090789794922;109.0;558.0
;;1.1600000550970435;10.316766738891602;20.300048828125;124.0;566.0
;;1.1640000552870333;10.356559753417969;20.300006866455078;175.0;566.0
;;1.1680000554770231;10.40122127532959;20.300067901611328;136.0;545.0
;;1.172000055667013;10.441451072692871;20.300033569335938;160.0;549.0
;;1.1760000558570027;10.483592987060547;20.300033569335938;157.0;559.0
;;1.1800000560469925;10.525886535644531;20.30004119873047;98.0;558.0
;;1.1840000562369823;10.565390586853027;20.300033569335938;118.0;558.0
;;1.1880000564269722;10.605944633483887;20.300037384033203;117.0;538.0
;;1.192000056616962;10.647385597229004;20.300045013427734;115.0;568.0
;;1.1960000568069518;10.687535285949707;20.300033569335938;94.0;561.0
;;1.2000000569969416;10.72790813446045;20.300048828125;119.0;557.0
;;1.2040000571869314;10.768996238708496;20.30004119873047;131.0;561.0
;;1.2080000573769212;10.807106018066406;20.300037384033203;115.0;558.0
;;1.212000057566911;10.849699974060059;20.300037384033203;111.0;557.0
;;1.2160000577569008;10.889415740966797;20.300029754638672;132.0;557.0
;;1.2200000579468906;10.929957389831543;20.300045013427734;124.0;559.0
;;1.2240000581368804;10.97050952911377;20.300025939941406;139.0;553.0
;;1.2280000583268702;11.010986328125;20.30004119873047;135.0;554.0
;;1.23200005851686;11.050338745117188;20.300029754638672;117.0;554.0
;;1.2360000587068498;11.091299057006836;20.300025939941406;139.0;555.0
;;1.2400000588968396;11.131916999816895;20.300045013427734;96.0;558.0
;;1.2440000590868294;11.169595718383789;20.300018310546875;123.0;547.0
;;1.2480000592768192;11.212446212768555;20.300052642822266;133.0;539.0
;;1.252000059466809;11.252582550048828;20.300037384033203;102.0;551.0
;;1.2560000596567988;11.292363166809082;20.300033569335938;115.0;570.0
;;1.2600000598467886;11.33230209350586;20.300029754638672;149.0;566.0
;;1.2640000600367785;11.372142791748047;20.300029754638672;96.0;546.0
;;1.2680000602267683;11.411919593811035;20.300037384033203;129.0;553.0
;;1.272000060416758;11.451776504516602;20.300025939941406;154.0;551.0
;;1.2760000606067479;11.491724014282227;20.300010681152344;144.0;547.0
;;1.2800000607967377;11.531987190246582;20.300037384033203;140.0;570.0
;;1.2840000609867275;11.572099685668945;20.300037384033203;143.0;558.0
;;1.2880000611767173;11.612001419067383;20.300029754638672;123.0;564.0
;;1.292000061366707;11.65190315246582;20.30001449584961;135.0;548.0
;;1.296000061556697;11.69266128540039;20.30002212524414;136.0;577.0
;;1.3000000617466867;11.731880187988281;20.300010681152344;140.0;561.0
;;1.3040000619366765;11.77178955078125;20.300052642822266;147.0;563.0
;;1.3080000621266663;11.811677932739258;20.299999237060547;146.0;552.0
;;1.3120000623166561;11.851333618164062;20.299991607666016;144.0;566.0
;;1.316000062506646;11.891867637634277;20.300064086914062;150.0;565.0
;;1.3200000626966357;11.932245254516602;20.299964904785156;171.0;544.0
;;1.3240000628866255;11.97227668762207;20.300052642822266;156.0;558.0
;;1.3280000630766153;12.012447357177734;20.300048828125;136.0;548.0
;;1.3320000632666051;12.052815437316895;20.299957275390625;179.0;552.0
;;1.336000063456595;12.09061336517334;20.300060272216797;169.0;555.0
;;1.3400000636465847;12.13309097290039;20.300025939941406;155.0;560.0
;;1.3440000638365746;12.172767639160156;20.299976348876953;190.0;543.0
;;1.3480000640265644;12.212940216064453;20.300090789794922;154.0;549.0
;;1.3520000642165542;12.253223419189453;20.30004119873047;184.0;543.0
;;1.356000064406544;12.292634963989258;20.299972534179688;173.0;555.0
;;1.3600000645965338;12.333227157592773;20.300125122070312;171.0;573.0
;;1.3640000647865236;12.373088836669922;20.30002212524414;167.0;547.0
;;1.3680000649765134;12.412946701049805;20.30001449584961;188.0;544.0
;;1.3720000651665032;12.45336627960205;20.30010986328125;163.0;555.0
;;1.376000065356493;12.493375778198242;20.300006866455078;178.0;551.0
;;1.3800000655464828;12.532917022705078;20.300025939941406;183.0;561.0
;;1.3840000657364726;12.572596549987793;20.300140380859375;188.0;560.0
;;1.3880000659264624;12.612764358520508;20.300018310546875;196.0;554.0
;;1.3920000661164522;12.65266227722168;20.300048828125;166.0;550.0
;;1.396000066306442;12.692996978759766;20.30011749267578;185.0;559.0
;;1.4000000664964318;12.732892990112305;20.300037384033203;177.0;566.0
;;1.4040000666864216;12.772253036499023;20.300045013427734;185.0;563.0
;;1.4080000668764114;12.812331199645996;20.30010986328125;219.0;548.0
;;1.4120000670664012;12.852745056152344;20.300006866455078;176.0;571.0
;;1.416000067256391;12.89053726196289;20.30008316040039;173.0;557.0
;;1.4200000674463809;12.932706832885742;20.300125122070312;204.0;551.0
;;1.4240000676363707;12.972481727600098;20.300006866455078;200.0;567.0
;;1.4280000678263605;13.01291275024414;20.300125122070312;193.0;538.0
;;1.4320000680163503;13.05318832397461;20.300140380859375;200.0;556.0
;;1.43600006820634;13.090896606445312;20.300045013427734;183.0;537.0
;;1.4400000683963299;13.130943298339844;20.300155639648438;183.0;558.0
;;1.4440000685863197;13.170793533325195;20.300106048583984;196.0;553.0
;;1.4480000687763095;13.210993766784668;20.300071716308594;197.0;558.0
;;1.4520000689662993;13.251426696777344;20.300174713134766;180.0;546.0
;;1.456000069156289;13.291324615478516;20.300098419189453;175.0;544.0
;;1.460000069346279;13.330745697021484;20.30010986328125;200.0;553.0
;;1.4640000695362687;13.370603561401367;20.30016326904297;197.0;566.0
;;1.4680000697262585;13.411075592041016;20.300098419189453;184.0;549.0
;;1.4720000699162483;13.450977325439453;20.300125122070312;174.0;545.0
;;1.4760000701062381;13.49080753326416;20.300155639648438;182.0;552.0
;;1.480000070296228;13.530378341674805;20.300060272216797;216.0;556.0
;;1.4840000704862177;13.572504997253418;20.300167083740234;185.0;546.0
;;1.4880000706762075;13.612628936767578;20.300148010253906;178.0;563.0
;;1.4920000708661973;13.652566909790039;20.30007553100586;181.0;545.0
;;1.4960000710561872;13.6919584274292;20.300167083740234;178.0;553.0
;;1.500000071246177;13.732213973999023;20.300090789794922;169.0;551.0
;;1.5040000714361668;13.772871971130371;20.300071716308594;175.0;550.0
;;1.5080000716261566;13.812859535217285;20.30016326904297;167.0;548.0
;;1.5120000718161464;13.852691650390625;20.30005645751953;168.0;553.0
;;1.5160000720061362;13.89254379272461;20.300086975097656;168.0;558.0
;;1.520000072196126;13.932563781738281;20.300148010253906;162.0;561.0
;;1.5240000723861158;13.97241497039795;20.30002212524414;165.0;551.0
;;1.5280000725761056;14.012680053710938;20.30010986328125;165.0;537.0
;;1.5320000727660954;14.053028106689453;20.300098419189453;162.0;554.0
;;1.5360000729560852;14.092860221862793;20.300025939941406;182.0;563.0
;;1.540000073146075;14.135354995727539;20.300064086914062;156.0;546.0
;;1.5440000733360648;14.17569351196289;20.300052642822266;161.0;545.0
;;1.5480000735260546;14.216032028198242;20.30002212524414;160.0;562.0
;;1.5520000737160444;14.256051063537598;20.300098419189453;167.0;546.0
;;1.5560000739060342;14.295693397521973;20.300033569335938;158.0;562.0
;;1.560000074096024;14.335416793823242;20.300045013427734;171.0;544.0
;;1.5640000742860138;14.372838020324707;20.300067901611328;131.0;554.0
;;1.5680000744760036;14.415470123291016;20.300003051757812;162.0;544.0
;;1.5720000746659935;14.455415725708008;20.300067901611328;146.0;548.0
;;1.5760000748559833;14.495000839233398;20.300064086914062;141.0;569.0
;;1.580000075045973;14.535009384155273;20.30001449584961;179.0;550.0
;;1.5840000752359629;14.57526683807373;20.30005645751953;144.0;555.0
;;1.5880000754259527;14.615240097045898;20.300067901611328;141.0;537.0
;;1.5920000756159425;14.654964447021484;20.300010681152344;139.0;555.0
;;1.5960000758059323;14.694787979125977;20.300060272216797;146.0;548.0
;;1.600000075995922;14.7342529296875;20.300052642822266;141.0;542.0
;;1.604000076185912;14.77491569519043;20.300006866455078;149.0;556.0
;;1.6080000763759017;14.814851760864258;20.30010986328125;139.0;555.0
;;1.6120000765658915;14.854728698730469;20.300010681152344;145.0;546.0
;;1.6160000767558813;14.894782066345215;20.299976348876953;150.0;543.0
;;1.6200000769458711;14.935562133789062;20.300071716308594;146.0;546.0
;;1.624000077135861;14.975092887878418;20.300052642822266;154.0;518.0
;;1.6280000773258507;15.015665054321289;20.299991607666016;143.0;553.0
;;1.6320000775158405;15.053317070007324;20.300067901611328;138.0;549.0
;;1.6360000777058303;15.095463752746582;20.300037384033203;150.0;548.0
;;1.6400000778958201;15.13565731048584;20.300006866455078;149.0;548.0
;;1.64400007808581;15.175811767578125;20.300060272216797;152.0;567.0
;;1.6480000782757998;15.215872764587402;20.300064086914062;135.0;564.0
;;1.6520000784657896;15.255809783935547;20.300025939941406;128.0;545.0
;;1.6560000786557794;15.29552173614502;20.300064086914062;136.0;541.0
;;1.6600000788457692;15.335686683654785;20.300006866455078;141.0;551.0
;;1.664000079035759;15.376306533813477;20.300037384033203;143.0;556.0
;;1.6680000792257488;15.416106224060059;20.300086975097656;133.0;553.0
;;1.6720000794157386;15.455806732177734;20.300045013427734;148.0;551.0
;;1.6760000796057284;15.495624542236328;20.300052642822266;155.0;571.0
;;1.6800000797957182;15.535387992858887;20.30008316040039;157.0;556.0
;;1.684000079985708;15.575200080871582;20.300067901611328;141.0;552.0
;;1.6880000801756978;15.614336013793945;20.300067901611328;173.0;545.0
;;1.6920000803656876;15.655253410339355;20.30007553100586;138.0;567.0
;;1.6960000805556774;15.694685935974121;20.300052642822266;143.0;558.0
;;1.7000000807456672;15.734842300415039;20.300064086914062;161.0;558.0
;;1.704000080935657;15.774994850158691;20.300079345703125;128.0;548.0
;;1.7080000811256468;15.812467575073242;20.300037384033203;144.0;548.0
;;1.7120000813156366;15.855395317077637;20.300037384033203;128.0;538.0
;;1.7160000815056264;15.895467758178711;20.300086975097656;131.0;558.0
;;1.7200000816956162;15.935710906982422;20.300003051757812;146.0;565.0
;;1.724000081885606;15.975821495056152;20.300067901611328;149.0;558.0
;;1.7280000820755959;16.012977600097656;20.300048828125;137.0;559.0
;;1.7320000822655857;16.055274963378906;20.30001449584961;149.0;563.0
;;1.7360000824555755;16.09648895263672;20.300052642822266;131.0;544.0
;;1.7400000826455653;16.136028289794922;20.300033569335938;143.0;558.0
;;1.744000082835555;16.176132202148438;20.30002212524414;162.0;558.0
;;1.7480000830255449;16.2168025970459;20.300060272216797;146.0;534.0
;;1.7520000832155347;16.2567138671875;20.299976348876953;159.0;557.0
;;1.7560000834055245;16.29644203186035;20.300029754638672;143.0;560.0
;;1.7600000835955143;16.33603286743164;20.30005645751953;168.0;557.0
;;1.764000083785504;16.376049041748047;20.29995346069336;151.0;543.0
;;1.768000083975494;16.416000366210938;20.30008316040039;146.0;549.0
;;1.7720000841654837;16.455738067626953;20.299991607666016;165.0;544.0
;;1.7760000843554735;16.495986938476562;20.299968719482422;160.0;544.0
;;1.7800000845454633;16.53641128540039;20.30008316040039;172.0;556.0
;;1.7840000847354531;16.575828552246094;20.30001449584961;156.0;549.0
;;1.788000084925443;16.61545753479004;20.299983978271484;169.0;554.0
;;1.7920000851154327;16.655345916748047;20.300067901611328;155.0;547.0
;;1.7960000853054225;16.695579528808594;20.300006866455078;151.0;556.0
;;1.8000000854954123;16.735767364501953;20.299972534179688;158.0;544.0
;;1.8040000856854022;16.775278091430664;20.300086975097656;165.0;563.0
;;1.808000085875392;16.814769744873047;20.30001449584961;195.0;549.0
;;1.8120000860653818;16.85504150390625;20.299999237060547;164.0;543.0
;;1.8160000862553716;16.8955078125;20.300094604492188;166.0;549.0
;;1.8200000864453614;16.936168670654297;20.299991607666016;169.0;537.0
;;1.8240000866353512;16.975513458251953;20.300045013427734;178.0;559.0
;;1.828000086825341;17.016403198242188;20.30007553100586;184.0;544.0
;;1.8320000870153308;17.056716918945312;20.29995346069336;172.0;542.0
;;1.8360000872053206;17.096939086914062;20.300067901611328;179.0;551.0
;;1.8400000873953104;17.136585235595703;20.300052642822266;182.0;542.0
;;1.8440000875853002;17.17659568786621;20.29998779296875;169.0;546.0
;;1.84800008777529;17.216684341430664;20.30008316040039;199.0;573.0
;;1.8520000879652798;17.256717681884766;20.30002212524414;165.0;570.0
;;1.8560000881552696;17.296903610229492;20.29999542236328;201.0;562.0
;;1.8600000883452594;17.337005615234375;20.30011749267578;186.0;567.0
;;1.8640000885352492;17.37666893005371;20.300025939941406;171.0;528.0
;;1.868000088725239;17.416412353515625;20.300006866455078;204.0;567.0
;;1.8720000889152288;17.457223892211914;20.30010223388672;191.0;542.0
;;1.8760000891052186;17.49615478515625;20.300025939941406;201.0;544.0
;;1.8800000892952085;17.5362548828125;20.30002212524414;220.0;545.0
;;1.8840000894851983;17.576095581054688;20.300090789794922;179.0;558.0
;;1.888000089675188;17.616207122802734;20.300018310546875;205.0;544.0
;;1.8920000898651779;17.655807495117188;20.300048828125;190.0;542.0
;;1.8960000900551677;17.695907592773438;20.300106048583984;198.0;569.0
;;1.9000000902451575;17.735897064208984;20.300006866455078;212.0;542.0
;;1.9040000904351473;17.776182174682617;20.300052642822266;187.0;552.0
;;1.908000090625137;17.816020965576172;20.300071716308594;200.0;552.0
;;1.912000090815127;17.856334686279297;20.29996109008789;196.0;545.0
;;1.9160000910051167;17.897066116333008;20.300106048583984;194.0;551.0
;;1.9200000911951065;17.936853408813477;20.300086975097656;211.0;559.0
;;1.9240000913850963;17.976242065429688;20.299976348876953;201.0;524.0
;;1.9280000915750861;18.016536712646484;20.30008316040039;180.0;558.0
;;1.932000091765076;18.056825637817383;20.30002212524414;208.0;567.0
;;1.9360000919550657;18.096981048583984;20.300006866455078;209.0;564.0
;;1.9400000921450555;18.136911392211914;20.300106048583984;192.0;546.0
;;1.9440000923350453;18.1768856048584;20.299991607666016;207.0;542.0
;;1.9480000925250351;18.217098236083984;20.300010681152344;176.0;565.0
;;1.952000092715025;18.25757598876953;20.300064086914062;195.0;560.0
;;1.9560000929050148;18.29755401611328;20.299991607666016;190.0;554.0
;;1.9600000930950046;18.33698844909668;20.300052642822266;197.0;565.0
;;1.9640000932849944;18.376888275146484;20.300052642822266;191.0;536.0
;;1.9680000934749842;18.41720962524414;20.29996109008789;186.0;561.0
;;1.972000093664974;18.457313537597656;20.300071716308594;180.0;552.0
;;1.9760000938549638;18.49706268310547;20.300037384033203;201.0;547.0
;;1.9800000940449536;18.536582946777344;20.299968719482422;193.0;559.0
;;1.9840000942349434;18.575834274291992;20.30008316040039;206.0;565.0
;;1.9880000944249332;18.616186141967773;20.300052642822266;206.0;540.0
;;1.992000094614923;18.65656280517578;20.29996109008789;163.0;542.0
;;1.9960000948049128;18.696487426757812;20.30007553100586;185.0;565.0
;;2.0000000949949026;18.73625946044922;20.300033569335938;186.0;559.0
;;2.0040000951848924;18.77609634399414;20.299972534179688;204.0;552.0
;;2.008000095374882;18.816022872924805;20.30007553100586;202.0;545.0
;;2.012000095564872;18.856290817260742;20.30001449584961;169.0;542.0
;;2.016000095754862;18.89698600769043;20.29996109008789;184.0;551.0
;;2.0200000959448516;18.93643569946289;20.300098419189453;186.0;528.0
;;2.0240000961348414;18.97565460205078;20.300018310546875;178.0;546.0
;;2.0280000963248312;19.016361236572266;20.29996109008789;197.0;542.0
;;2.032000096514821;19.056739807128906;20.30008316040039;178.0;554.0
;;2.036000096704811;19.096923828125;20.300033569335938;186.0;547.0
;;2.0400000968948007;19.136716842651367;20.299991607666016;162.0;552.0
;;2.0440000970847905;19.17702865600586;20.30011749267578;184.0;552.0
;;2.0480000972747803;19.21731948852539;20.30002212524414;151.0;558.0
;;2.05200009746477;19.25735092163086;20.300006866455078;165.0;555.0
;;2.05600009765476;19.296985626220703;20.300090789794922;157.0;556.0
;;2.0600000978447497;19.336715698242188;20.300025939941406;175.0;544.0
;;2.0640000980347395;19.37652587890625;20.300025939941406;170.0;556.0
;;2.0680000982247293;19.416641235351562;20.300106048583984;148.0;545.0
;;2.072000098414719;19.456594467163086;20.300025939941406;164.0;544.0
;;2.076000098604709;19.496191024780273;20.300033569335938;158.0;550.0
;;2.0800000987946987;19.536117553710938;20.300125122070312;170.0;569.0
;;2.0840000989846885;19.576217651367188;20.300006866455078;160.0;560.0
;;2.0880000991746783;19.616165161132812;20.300052642822266;159.0;559.0
;;2.092000099364668;19.655899047851562;20.300086975097656;141.0;553.0
;;2.096000099554658;19.695697784423828;20.300052642822266;152.0;544.0
;;2.1000000997446477;19.735862731933594;20.300094604492188;154.0;561.0
;;2.1040000999346375;19.77578353881836;20.30010223388672;160.0;565.0
;;2.1080001001246274;19.815677642822266;20.30005645751953;137.0;556.0
;;2.112000100314617;19.855636596679688;20.30016326904297;126.0;558.0
;;2.116000100504607;19.895801544189453;20.300113677978516;152.0;550.0
;;2.1200001006945968;19.936067581176758;20.30007553100586;148.0;543.0
;;2.1240001008845866;19.976396560668945;20.30016326904297;156.0;572.0
;;2.1280001010745764;20.016624450683594;20.300071716308594;160.0;544.0
;;2.132000101264566;20.056474685668945;20.300125122070312;151.0;544.0
;;2.136000101454556;20.09653091430664;20.3001708984375;155.0;549.0
;;2.140000101644546;20.13656997680664;20.300052642822266;142.0;562.0
;;2.1440001018345356;20.17673683166504;20.300155639648438;141.0;562.0
;;2.1480001020245254;20.21678924560547;20.300125122070312;146.0;558.0
;;2.152000102214515;20.256811141967773;20.300071716308594;143.0;546.0
;;2.156000102404505;20.29644775390625;20.300167083740234;153.0;548.0
;;2.160000102594495;20.336620330810547;20.300106048583984;158.0;548.0
;;2.1640001027844846;20.376850128173828;20.300094604492188;140.0;550.0
;;2.1680001029744744;20.416704177856445;20.300125122070312;144.0;551.0
;;2.1720001031644642;20.456254959106445;20.30011749267578;165.0;543.0
;;2.176000103354454;20.49614715576172;20.30010986328125;153.0;544.0
;;2.180000103544444;20.536117553710938;20.300132751464844;154.0;551.0
;;2.1840001037344337;20.575868606567383;20.300121307373047;156.0;552.0
;;2.1880001039244235;20.61553955078125;20.30010986328125;129.0;546.0
;;2.1920001041144133;20.655197143554688;20.300121307373047;166.0;548.0
;;2.196000104304403;20.695280075073242;20.300121307373047;141.0;554.0
;;2.200000104494393;20.735687255859375;20.300125122070312;154.0;563.0
;;2.2040001046843827;20.775863647460938;20.300090789794922;149.0;542.0
;;2.2080001048743725;20.815387725830078;20.300121307373047;136.0;543.0
;;2.2120001050643623;20.85527229309082;20.300106048583984;146.0;545.0
;;2.216000105254352;20.895709991455078;20.30011749267578;149.0;537.0
;;2.220000105444342;20.935686111450195;20.300071716308594;132.0;545.0
;;2.2240001056343317;20.97567367553711;20.300094604492188;161.0;556.0
;;2.2280001058243215;21.01561164855957;20.300086975097656;159.0;549.0
;;2.2320001060143113;21.054840087890625;20.30008316040039;141.0;543.0
;;2.236000106204301;21.095951080322266;20.300071716308594;145.0;554.0
;;2.240000106394291;21.139110565185547;20.300094604492188;135.0;542.0
;;2.2440001065842807;21.17892074584961;20.300067901611328;146.0;544.0
;;2.2480001067742705;21.218952178955078;20.300079345703125;156.0;551.0
;;2.2520001069642603;21.259002685546875;20.300086975097656;144.0;556.0
;;2.25600010715425;21.29883575439453;20.300033569335938;125.0;538.0
;;2.26000010734424;21.338706970214844;20.300052642822266;162.0;552.0
;;2.2640001075342298;21.378414154052734;20.300052642822266;162.0;543.0
;;2.2680001077242196;21.418094635009766;20.300033569335938;159.0;563.0
;;2.2720001079142094;21.45792007446289;20.300037384033203;156.0;556.0
;;2.276000108104199;21.498178482055664;20.300029754638672;169.0;543.0
;;2.280000108294189;21.537994384765625;20.300025939941406;145.0;545.0
;;2.284000108484179;21.57779312133789;20.300045013427734;178.0;547.0
;;2.2880001086741686;21.61811065673828;20.300052642822266;177.0;552.0
;;2.2920001088641584;21.657869338989258;20.300025939941406;160.0;555.0
;;2.296000109054148;21.69788360595703;20.30004119873047;179.0;542.0
;;2.300000109244138;21.73807716369629;20.30005645751953;171.0;558.0
;;2.304000109434128;21.77779769897461;20.300033569335938;184.0;545.0
;;2.3080001096241176;21.81740951538086;20.300052642822266;171.0;556.0
;;2.3120001098141074;21.857513427734375;20.30004119873047;178.0;558.0
;;2.3160001100040972;21.89794158935547;20.300033569335938;161.0;546.0
;;2.320000110194087;21.939090728759766;20.30001449584961;190.0;554.0
;;2.324000110384077;21.978164672851562;20.300025939941406;178.0;552.0
;;2.3280001105740666;22.017982482910156;20.30005645751953;169.0;533.0
;;2.3320001107640564;22.058574676513672;20.300010681152344;173.0;553.0
;;2.3360001109540462;22.098957061767578;20.300067901611328;191.0;544.0
;;2.340000111144036;22.138734817504883;20.300010681152344;172.0;544.0
;;2.344000111334026;22.178508758544922;20.29999542236328;191.0;538.0
;;2.3480001115240157;22.21866798400879;20.300067901611328;176.0;534.0
;;2.3520001117140055;22.25872039794922;20.299991607666016;176.0;551.0
;;2.3560001119039953;22.298765182495117;20.300048828125;180.0;555.0
;;2.360000112093985;22.338531494140625;20.300052642822266;192.0;573.0
;;2.364000112283975;22.37870979309082;20.29999542236328;195.0;556.0
;;2.3680001124739647;22.418758392333984;20.300067901611328;175.0;561.0
;;2.3720001126639545;22.458663940429688;20.300052642822266;191.0;553.0
;;2.3760001128539443;22.498321533203125;20.300025939941406;198.0;547.0
;;2.380000113043934;22.538545608520508;20.30008316040039;163.0;543.0
;;2.384000113233924;22.578136444091797;20.29998779296875;192.0;567.0
;;2.3880001134239137;22.618045806884766;20.300052642822266;207.0;567.0
;;2.3920001136139035;22.65789794921875;20.300067901611328;192.0;575.0
;;2.3960001138038933;22.697914123535156;20.300006866455078;192.0;557.0
;;2.400000113993883;22.738365173339844;20.30008316040039;184.0;556.0
;;2.404000114183873;22.7783203125;20.300067901611328;206.0;538.0
;;2.4080001143738627;22.817951202392578;20.299976348876953;190.0;559.0
;;2.4120001145638525;22.858177185058594;20.300086975097656;200.0;559.0
;;2.4160001147538424;22.898588180541992;20.300067901611328;197.0;564.0
;;2.420000114943832;22.938199996948242;20.299968719482422;188.0;546.0
;;2.424000115133822;22.978092193603516;20.300079345703125;209.0;553.0
;;2.4280001153238118;23.018590927124023;20.300067901611328;198.0;553.0
;;2.4320001155138016;23.058307647705078;20.29998016357422;186.0;541.0
;;2.4360001157037914;23.098342895507812;20.300090789794922;186.0;552.0
;;2.440000115893781;23.139129638671875;20.300067901611328;217.0;554.0
;;2.444000116083771;23.17888832092285;20.299964904785156;187.0;540.0
;;2.448000116273761;23.218931198120117;20.300090789794922;197.0;550.0
;;2.4520001164637506;23.25922393798828;20.300052642822266;177.0;546.0
;;2.4560001166537404;23.298837661743164;20.299991607666016;174.0;556.0
;;2.46000011684373;23.3376407623291;20.300128936767578;195.0;550.0
;;2.46400011703372;23.37873649597168;20.30002212524414;196.0;545.0
;;2.46800011722371;23.419239044189453;20.30002212524414;181.0;543.0
;;2.4720001174136996;23.45848274230957;20.300106048583984;197.0;535.0
;;2.4760001176036894;23.497955322265625;20.300010681152344;202.0;546.0
;;2.4800001177936792;23.537925720214844;20.300033569335938;204.0;541.0
;;2.484000117983669;23.577428817749023;20.300094604492188;190.0;547.0
;;2.488000118173659;23.618276596069336;20.300033569335938;162.0;561.0
;;2.4920001183636487;23.658138275146484;20.300052642822266;172.0;555.0
;;2.4960001185536385;23.697622299194336;20.30008316040039;187.0;553.0
;;2.5000001187436283;23.737695693969727;20.300033569335938;175.0;558.0
;;2.504000118933618;23.778125762939453;20.300067901611328;174.0;541.0
;;2.508000119123608;23.817840576171875;20.300052642822266;173.0;551.0
;;2.5120001193135977;23.85787582397461;20.30002212524414;188.0;531.0
;;2.5160001195035875;23.897960662841797;20.300052642822266;164.0;547.0
;;2.5200001196935773;23.93764305114746;20.300098419189453;198.0;561.0
;;2.524000119883567;23.978050231933594;20.300010681152344;188.0;557.0
;;2.528000120073557;24.017959594726562;20.300064086914062;158.0;564.0
;;2.5320001202635467;24.058109283447266;20.300098419189453;165.0;555.0
;;2.5360001204535365;24.0980224609375;20.29998779296875;200.0;549.0
;;2.5400001206435263;24.137935638427734;20.300098419189453;173.0;554.0
;;2.544000120833516;24.178386688232422;20.300037384033203;181.0;554.0
;;2.548000121023506;24.218469619750977;20.30001449584961;164.0;553.0
;;2.5520001212134957;24.258947372436523;20.300106048583984;154.0;548.0
;;2.5560001214034855;24.298046112060547;20.300029754638672;142.0;547.0
;;2.5600001215934753;24.33806610107422;20.300029754638672;171.0;538.0
;;2.564000121783465;24.377685546875;20.300098419189453;171.0;567.0
;;2.568000121973455;24.41752052307129;20.300018310546875;171.0;539.0
;;2.5720001221634448;24.457983016967773;20.299999237060547;155.0;534.0
;;2.5760001223534346;24.497941970825195;20.300094604492188;145.0;539.0
;;2.5800001225434244;24.537904739379883;20.300037384033203;179.0;552.0
;;2.584000122733414;24.57790184020996;20.300033569335938;149.0;565.0
;;2.588000122923404;24.618064880371094;20.30010223388672;156.0;536.0
;;2.592000123113394;24.657312393188477;20.30002212524414;175.0;549.0
;;2.5960001233033836;24.696699142456055;20.30004119873047;161.0;560.0
;;2.6000001234933734;24.737163543701172;20.300125122070312;151.0;549.0
;;2.604000123683363;24.776901245117188;20.299991607666016;133.0;553.0
;;2.608000123873353;24.81467056274414;20.30008316040039;162.0;539.0
;;2.612000124063343;24.85717010498047;20.300098419189453;136.0;534.0
;;2.6160001242533326;24.89702796936035;20.300006866455078;152.0;562.0
;;2.6200001244433224;24.93743896484375;20.30005645751953;163.0;558.0
;;2.6240001246333122;24.97787857055664;20.30010223388672;143.0;559.0
;;2.628000124823302;25.01811981201172;20.29999542236328;154.0;558.0
;;2.632000125013292;25.057889938354492;20.300067901611328;144.0;545.0
;;2.6360001252032816;25.09795570373535;20.300128936767578;169.0;550.0
;;2.6400001253932714;25.138216018676758;20.299976348876953;142.0;550.0
;;2.6440001255832613;25.175710678100586;20.300060272216797;160.0;559.0
;;2.648000125773251;25.215797424316406;20.300067901611328;159.0;557.0
;;2.652000125963241;25.258134841918945;20.300037384033203;137.0;552.0
;;2.6560001261532307;25.298057556152344;20.30010986328125;145.0;551.0
;;2.6600001263432205;25.337841033935547;20.299991607666016;159.0;552.0
;;2.6640001265332103;25.378244400024414;20.300064086914062;172.0;533.0
;;2.6680001267232;25.41807746887207;20.300151824951172;149.0;550.0
;;2.67200012691319;25.457473754882812;20.299930572509766;162.0;537.0
;;2.6760001271031797;25.497325897216797;20.299915313720703;155.0;532.0
;;2.6800001272931695;25.537399291992188;20.300067901611328;163.0;542.0
;;2.6840001274831593;25.57724380493164;20.300064086914062;149.0;546.0
;;2.688000127673149;25.616878509521484;20.299938201904297;162.0;545.0
;;2.692000127863139;25.656557083129883;20.300045013427734;129.0;558.0
;;2.6960001280531287;25.696596145629883;20.30002212524414;155.0;542.0
;;2.7000001282431185;25.73711585998535;20.29996109008789;135.0;551.0
;;2.7040001284331083;25.777523040771484;20.300037384033203;173.0;555.0
;;2.708000128623098;25.817026138305664;20.300018310546875;153.0;540.0
;;2.712000128813088;25.856855392456055;20.299922943115234;167.0;557.0
;;2.7160001290030777;25.896854400634766;20.30005645751953;153.0;550.0
;;2.7200001291930676;25.937641143798828;20.300006866455078;158.0;556.0
;;2.7240001293830574;25.974966049194336;20.29995346069336;144.0;559.0
;;2.728000129573047;26.016862869262695;20.300067901611328;181.0;549.0
;;2.732000129763037;26.05720329284668;20.300006866455078;158.0;532.0
;;2.7360001299530268;26.097469329833984;20.29999542236328;161.0;552.0
;;2.7400001301430166;26.137746810913086;20.300060272216797;158.0;549.0
;;2.7440001303330064;26.177995681762695;20.30002212524414;159.0;560.0
;;2.748000130522996;26.218095779418945;20.300033569335938;149.0;553.0
;;2.752000130712986;26.257905960083008;20.30004119873047;146.0;539.0
;;2.756000130902976;26.297771453857422;20.29999542236328;149.0;538.0
;;2.7600001310929656;26.33776092529297;20.300106048583984;177.0;534.0
;;2.7640001312829554;26.377517700195312;20.300006866455078;162.0;551.0
;;2.768000131472945;26.417207717895508;20.300006866455078;180.0;548.0
;;2.772000131662935;26.457040786743164;20.300113677978516;179.0;567.0
;;2.776000131852925;26.497112274169922;20.300079345703125;175.0;552.0
;;2.7800001320429146;26.537090301513672;20.300045013427734;164.0;549.0
;;2.7840001322329044;26.577529907226562;20.300125122070312;176.0;556.0
;;2.7880001324228942;26.61688995361328;20.300067901611328;175.0;568.0
;;2.792000132612884;26.6567440032959;20.300121307373047;185.0;553.0
;;2.796000132802874;26.697046279907227;20.300140380859375;150.0;569.0
;;2.8000001329928637;26.737154006958008;20.300033569335938;163.0;547.0
;;2.8040001331828535;26.776702880859375;20.300151824951172;194.0;553.0
;;2.8080001333728433;26.81630516052246;20.30014419555664;186.0;534.0
;;2.812000133562833;26.856409072875977;20.300052642822266;161.0;544.0
;;2.816000133752823;26.89664649963379;20.300148010253906;174.0;557.0
;;2.8200001339428127;26.937097549438477;20.300128936767578;171.0;554.0
;;2.8240001341328025;26.977069854736328;20.300067901611328;181.0;554.0
;;2.8280001343227923;27.01702117919922;20.3001708984375;195.0;549.0
;;2.832000134512782;27.05729866027832;20.300086975097656;191.0;548.0
;;2.836000134702772;27.097675323486328;20.300071716308594;199.0;561.0
;;2.8400001348927617;27.137569427490234;20.300186157226562;183.0;544.0
;;2.8440001350827515;27.177318572998047;20.300064086914062;176.0;548.0
;;2.8480001352727413;27.217397689819336;20.300067901611328;195.0;555.0
;;2.852000135462731;27.257471084594727;20.300182342529297;169.0;545.0
;;2.856000135652721;27.2974853515625;20.300037384033203;195.0;544.0
;;2.8600001358427107;27.33759307861328;20.30002212524414;211.0;550.0
;;2.8640001360327005;27.377490997314453;20.300132751464844;196.0;529.0
;;2.8680001362226903;27.417484283447266;20.300052642822266;220.0;545.0
;;2.87200013641268;27.45775604248047;20.300048828125;196.0;542.0
;;2.87600013660267;27.49772071838379;20.300125122070312;203.0;559.0
;;2.8800001367926598;27.537343978881836;20.30002212524414;202.0;539.0
;;2.8840001369826496;27.576852798461914;20.300067901611328;212.0;552.0
;;2.8880001371726394;27.616924285888672;20.300106048583984;194.0;541.0
;;2.892000137362629;27.65682601928711;20.300006866455078;213.0;546.0
;;2.896000137552619;27.69688606262207;20.300052642822266;203.0;551.0
;;2.900000137742609;27.736997604370117;20.300094604492188;203.0;561.0
;;2.9040001379325986;27.777183532714844;20.300006866455078;202.0;542.0
;;2.9080001381225884;27.816635131835938;20.300067901611328;191.0;557.0
;;2.912000138312578;27.856931686401367;20.30005645751953;219.0;554.0
;;2.916000138502568;27.897554397583008;20.29998779296875;202.0;549.0
;;2.920000138692558;27.937053680419922;20.30007553100586;208.0;546.0
;;2.9240001388825476;27.976848602294922;20.300048828125;222.0;555.0
;;2.9280001390725374;28.017255783081055;20.300003051757812;214.0;533.0
;;2.9320001392625272;28.057401657104492;20.300094604492188;211.0;548.0
;;2.936000139452517;28.100101470947266;20.299991607666016;207.0;552.0
;;2.940000139642507;28.1400203704834;20.30002212524414;216.0;563.0
;;2.9440001398324966;28.17991065979004;20.300086975097656;208.0;555.0
;;2.9480001400224864;28.220298767089844;20.299991607666016;229.0;552.0
;;2.9520001402124763;28.260652542114258;20.30001449584961;198.0;562.0
;;2.956000140402466;28.300355911254883;20.30008316040039;203.0;559.0
;;2.960000140592456;28.33976936340332;20.299999237060547;209.0;564.0
;;2.9640001407824457;28.37983512878418;20.300029754638672;208.0;538.0
;;2.9680001409724355;28.420080184936523;20.300037384033203;199.0;545.0
;;2.9720001411624253;28.459991455078125;20.300018310546875;211.0;545.0
;;2.976000141352415;28.49989891052246;20.300037384033203;225.0;562.0
;;2.980000141542405;28.539344787597656;20.300037384033203;226.0;561.0
;;2.9840001417323947;28.57929229736328;20.30001449584961;201.0;563.0
;;2.9880001419223845;28.61939811706543;20.30004119873047;187.0;540.0
;;2.9920001421123743;28.65857696533203;20.30002212524414;195.0;554.0
;;2.996000142302364;28.698755264282227;20.300060272216797;202.0;558.0
;;3.000000142492354;28.739290237426758;20.300048828125;191.0;535.0
;;3.0040001426823437;28.7795352935791;20.300037384033203;183.0;539.0
;;3.0080001428723335;28.81906509399414;20.300037384033203;183.0;544.0
;;3.0120001430623233;28.85916519165039;20.300045013427734;206.0;543.0
;;3.016000143252313;28.89919090270996;20.300048828125;195.0;529.0
;;3.020000143442303;28.93907928466797;20.30004119873047;187.0;559.0
;;3.0240001436322927;28.97899055480957;20.300052642822266;195.0;549.0
;;3.0280001438222826;29.01936912536621;20.300037384033203;210.0;530.0
;;3.0320001440122724;29.059307098388672;20.300029754638672;164.0;563.0
;;3.036000144202262;29.099201202392578;20.300045013427734;191.0;549.0
;;3.040000144392252;29.139198303222656;20.300037384033203;189.0;542.0
;;3.0440001445822418;29.17940330505371;20.300033569335938;183.0;545.0
;;3.0480001447722316;29.219499588012695;20.300067901611328;176.0;548.0
;;3.0520001449622214;29.259647369384766;20.30001449584961;180.0;564.0
;;3.056000145152211;29.30010223388672;20.300064086914062;162.0;553.0
;;3.060000145342201;29.339468002319336;20.30007553100586;176.0;550.0
;;3.064000145532191;29.378427505493164;20.300006866455078;174.0;561.0
;;3.0680001457221806;29.42005729675293;20.30008316040039;175.0;556.0
;;3.0720001459121704;29.459766387939453;20.300052642822266;175.0;543.0
;;3.07600014610216;29.498600006103516;20.300010681152344;203.0;543.0
;;3.08000014629215;29.538593292236328;20.300079345703125;177.0;560.0
;;3.08400014648214;29.57842254638672;20.300037384033203;184.0;556.0
;;3.0880001466721296;29.619474411010742;20.300029754638672;180.0;545.0
;;3.0920001468621194;29.65855598449707;20.30007553100586;171.0;538.0
;;3.0960001470521092;29.697786331176758;20.300010681152344;168.0;546.0
;;3.100000147242099;29.738815307617188;20.300052642822266;167.0;535.0
;;3.104000147432089;29.778894424438477;20.30010986328125;159.0;567.0
;;3.1080001476220787;29.818635940551758;20.300006866455078;169.0;548.0
;;3.1120001478120685;29.858642578125;20.300033569335938;166.0;548.0
;;3.1160001480020583;29.898508071899414;20.300090789794922;161.0;558.0
;;3.120000148192048;29.939393997192383;20.30002212524414;173.0;553.0
;;3.124000148382038;29.978897094726562;20.300037384033203;158.0;538.0
;;3.1280001485720277;30.018796920776367;20.300079345703125;175.0;544.0
;;3.1320001487620175;30.059240341186523;20.300006866455078;143.0;551.0
;;3.1360001489520073;30.099519729614258;20.300060272216797;153.0;545.0
;;3.140000149141997;30.13902473449707;20.300037384033203;154.0;534.0
;;3.144000149331987;30.17924690246582;20.300033569335938;177.0;550.0
;;3.1480001495219767;30.218957901000977;20.300052642822266;147.0;557.0
;;3.1520001497119665;30.259937286376953;20.300029754638672;151.0;530.0
;;3.1560001499019563;30.299453735351562;20.300048828125;140.0;563.0
;;3.160000150091946;30.339435577392578;20.30007553100586;156.0;557.0
;;3.164000150281936;30.379810333251953;20.300010681152344;158.0;570.0
;;3.1680001504719257;30.414775848388672;20.300086975097656;144.0;538.0
;;3.1720001506619155;30.459606170654297;20.299999237060547;142.0;552.0
;;3.1760001508519053;30.49927520751953;20.300048828125;172.0;542.0
;;3.180000151041895;30.539365768432617;20.300029754638672;157.0;543.0
;;3.184000151231885;30.57904624938965;20.299991607666016;153.0;565.0
;;3.1880001514218748;30.61872673034668;20.300052642822266;158.0;539.0
;;3.1920001516118646;30.658605575561523;20.300003051757812;154.0;538.0
;;3.1960001518018544;30.69865608215332;20.29998016357422;158.0;533.0
;;3.200000151991844;30.738840103149414;20.30007553100586;153.0;561.0
;;3.204000152181834;30.778980255126953;20.300025939941406;142.0;541.0
;;3.208000152371824;30.81816864013672;20.30002212524414;167.0;552.0
;;3.2120001525618136;30.858922958374023;20.300033569335938;169.0;546.0
;;3.2160001527518034;30.898935317993164;20.300033569335938;164.0;538.0
;;3.220000152941793;30.93852996826172;20.300029754638672;176.0;559.0
;;3.224000153131783;30.979249954223633;20.300037384033203;165.0;547.0
;;3.228000153321773;31.018451690673828;20.300029754638672;157.0;555.0
;;3.2320001535117626;31.05840301513672;20.300033569335938;153.0;551.0
;;3.2360001537017524;31.09952735900879;20.30004119873047;173.0;549.0
;;3.2400001538917422;31.139612197875977;20.300037384033203;147.0;541.0
;;3.244000154081732;31.179866790771484;20.300029754638672;145.0;555.0
;;3.248000154271722;31.219972610473633;20.300048828125;168.0;553.0
;;3.2520001544617116;31.25997543334961;20.300033569335938;174.0;556.0
;;3.2560001546517015;31.300325393676758;20.30004119873047;163.0;545.0
;;3.2600001548416913;31.339357376098633;20.300018310546875;181.0;543.0
;;3.264000155031681;31.379322052001953;20.300037384033203;176.0;544.0
;;3.268000155221671;31.41946792602539;20.300025939941406;154.0;561.0
;;3.2720001554116607;31.459169387817383;20.300033569335938;171.0;543.0
;;3.2760001556016505;31.498197555541992;20.300052642822266;186.0;560.0
;;3.2800001557916403;31.539445877075195;20.300048828125;187.0;553.0
;;3.28400015598163;31.579017639160156;20.300037384033203;171.0;539.0
;;3.28800015617162;31.61850357055664;20.30002212524414;183.0;553.0
;;3.2920001563616097;31.658451080322266;20.300052642822266;176.0;550.0
;;3.2960001565515995;31.6989803314209;20.300006866455078;188.0;550.0
;;3.3000001567415893;31.739055633544922;20.300048828125;165.0;569.0
;;3.304000156931579;31.778940200805664;20.300025939941406;186.0;543.0
;;3.308000157121569;31.818675994873047;20.299991607666016;186.0;547.0
;;3.3120001573115587;31.858585357666016;20.30002212524414;157.0;543.0
;;3.3160001575015485;31.89879608154297;20.300006866455078;165.0;549.0
;;3.3200001576915383;31.93922996520996;20.300045013427734;199.0;550.0
;;3.324000157881528;31.979127883911133;20.299991607666016;198.0;551.0
;;3.328000158071518;32.01911926269531;20.300006866455078;210.0;541.0
;;3.3320001582615077;32.05949401855469;20.300018310546875;189.0;551.0
;;3.3360001584514976;32.099700927734375;20.299991607666016;202.0;544.0
;;3.3400001586414874;32.13954162597656;20.30002212524414;212.0;541.0
;;3.344000158831477;32.179412841796875;20.30002212524414;217.0;558.0
;;3.348000159021467;32.21925354003906;20.299999237060547;199.0;535.0
;;3.3520001592114568;32.259605407714844;20.30001449584961;206.0;548.0
;;3.3560001594014466;32.299964904785156;20.29998779296875;216.0;551.0
;;3.3600001595914364;32.339637756347656;20.300067901611328;207.0;556.0
;;3.364000159781426;32.37944030761719;20.299983978271484;207.0;536.0
;;3.368000159971416;32.41969680786133;20.300025939941406;200.0;552.0
;;3.372000160161406;32.46012878417969;20.300064086914062;214.0;557.0
;;3.3760001603513956;32.499969482421875;20.299983978271484;234.0;550.0
;;3.3800001605413854;32.539329528808594;20.300033569335938;201.0;542.0
;;3.384000160731375;32.57921600341797;20.30004119873047;215.0;549.0
;;3.388000160921365;32.61927032470703;20.300033569335938;211.0;542.0
;;3.392000161111355;32.65925598144531;20.300067901611328;227.0;540.0
;;3.3960001613013446;32.699241638183594;20.300029754638672;211.0;544.0
;;3.4000001614913344;32.73981475830078;20.300045013427734;211.0;541.0
;;3.4040001616813242;32.779022216796875;20.300064086914062;216.0;563.0
;;3.408000161871314;32.81809997558594;20.30005645751953;222.0;552.0
;;3.412000162061304;32.860137939453125;20.300071716308594;202.0;553.0
;;3.4160001622512937;32.899017333984375;20.300045013427734;209.0;546.0
;;3.4200001624412835;32.9393310546875;20.300064086914062;236.0;557.0
;;3.4240001626312733;32.97865295410156;20.300060272216797;218.0;554.0
;;3.428000162821263;33.0191650390625;20.30005645751953;224.0;557.0
;;3.432000163011253;33.05951690673828;20.300052642822266;209.0;553.0
;;3.4360001632012427;33.0997314453125;20.300079345703125;243.0;546.0
;;3.4400001633912325;33.1396598815918;20.30008316040039;220.0;539.0
;;3.4440001635812223;33.17964172363281;20.300086975097656;221.0;550.0
;;3.448000163771212;33.21990966796875;20.300113677978516;226.0;541.0
;;3.452000163961202;33.2603759765625;20.30008316040039;198.0;547.0
;;3.4560001641511917;33.30001449584961;20.300106048583984;222.0;549.0
;;3.4600001643411815;33.339698791503906;20.300125122070312;207.0;547.0
;;3.4640001645311713;33.37969970703125;20.300098419189453;219.0;546.0
;;3.468000164721161;33.42020797729492;20.300148010253906;210.0;549.0
;;3.472000164911151;33.46014404296875;20.300140380859375;209.0;553.0
;;3.4760001651011407;33.499549865722656;20.300140380859375;221.0;546.0
;;3.4800001652911305;33.539268493652344;20.300140380859375;209.0;549.0
;;3.4840001654811203;33.57850646972656;20.30013656616211;224.0;545.0
;;3.48800016567111;33.618675231933594;20.300148010253906;196.0;555.0
;;3.4920001658611;33.65904998779297;20.300140380859375;207.0;551.0
;;3.4960001660510898;33.69928741455078;20.300140380859375;198.0;545.0
;;3.5000001662410796;33.73904037475586;20.30014419555664;206.0;556.0
;;3.5040001664310694;33.77900314331055;20.300125122070312;214.0;544.0
;;3.508000166621059;33.819618225097656;20.300148010253906;197.0;549.0
;;3.512000166811049;33.85930633544922;20.300125122070312;209.0;541.0
;;3.516000167001039;33.8991584777832;20.300128936767578;215.0;551.0
;;3.5200001671910286;33.939353942871094;20.300125122070312;198.0;544.0
;;3.5240001673810184;33.97922134399414;20.300128936767578;197.0;555.0
;;3.528000167571008;34.01958084106445;20.300121307373047;200.0;545.0
;;3.532000167760998;34.05990219116211;20.30011749267578;190.0;559.0
;;3.536000167950988;34.099693298339844;20.300125122070312;195.0;548.0
;;3.5400001681409776;34.139713287353516;20.300113677978516;196.0;546.0
;;3.5440001683309674;34.18014144897461;20.300079345703125;196.0;545.0
;;3.5480001685209572;34.22052001953125;20.300155639648438;178.0;553.0
;;3.552000168710947;34.26044464111328;20.300067901611328;167.0;538.0
;;3.556000168900937;34.300010681152344;20.30007553100586;173.0;555.0
;;3.5600001690909266;34.33982849121094;20.300090789794922;166.0;535.0
;;3.5640001692809165;34.379798889160156;20.30007553100586;182.0;544.0
;;3.5680001694709063;34.42002868652344;20.300094604492188;169.0;560.0
;;3.572000169660896;34.45997619628906;20.300079345703125;164.0;548.0
;;3.576000169850886;34.49956512451172;20.300071716308594;181.0;540.0
;;3.5800001700408757;34.539588928222656;20.300045013427734;175.0;547.0
;;3.5840001702308655;34.579864501953125;20.300033569335938;173.0;557.0
;;3.5880001704208553;34.619873046875;20.300094604492188;156.0;555.0
;;3.592000170610845;34.65956497192383;20.300045013427734;172.0;538.0
;;3.596000170800835;34.69917297363281;20.300048828125;176.0;531.0
;;3.6000001709908247;34.739315032958984;20.300048828125;168.0;548.0
;;3.6040001711808145;34.7794189453125;20.300048828125;160.0;564.0
;;3.6080001713708043;34.81939697265625;20.30004119873047;169.0;563.0
;;3.612000171560794;34.85932922363281;20.300045013427734;182.0;541.0
;;3.616000171750784;34.89935302734375;20.300064086914062;187.0;558.0
;;3.6200001719407737;34.939666748046875;20.300060272216797;185.0;545.0
;;3.6240001721307635;34.98008728027344;20.300029754638672;156.0;553.0
;;3.6280001723207533;35.02028274536133;20.30008316040039;155.0;551.0
;;3.632000172510743;35.06254959106445;20.30004119873047;180.0;548.0
;;3.636000172700733;35.102699279785156;20.300071716308594;178.0;564.0
;;3.6400001728907228;35.14276123046875;20.30008316040039;154.0;535.0
;;3.6440001730807126;35.18283462524414;20.30001449584961;177.0;541.0
;;3.6480001732707024;35.22285461425781;20.30008316040039;174.0;548.0
;;3.652000173460692;35.26294708251953;20.300018310546875;157.0;561.0
;;3.656000173650682;35.302825927734375;20.300033569335938;157.0;549.0
;;3.6600001738406718;35.34258270263672;20.30004119873047;172.0;553.0
;;3.6640001740306616;35.38295364379883;20.300029754638672;152.0;549.0
;;3.6680001742206514;35.42280197143555;20.30008316040039;160.0;530.0
;;3.672000174410641;35.46228790283203;20.300029754638672;162.0;536.0
;;3.676000174600631;35.50226974487305;20.300029754638672;169.0;550.0
;;3.680000174790621;35.54225158691406;20.300052642822266;166.0;553.0
;;3.6840001749806106;35.582061767578125;20.300113677978516;175.0;552.0
;;3.6880001751706004;35.621726989746094;20.300018310546875;145.0;560.0
;;3.69200017536059;35.66147232055664;20.300067901611328;152.0;558.0
;;3.69600017555058;35.70161437988281;20.30010223388672;165.0;553.0
;;3.70000017574057;35.742008209228516;20.300048828125;161.0;553.0
;;3.7040001759305596;35.782039642333984;20.300064086914062;162.0;554.0
;;3.7080001761205494;35.82166290283203;20.30008316040039;182.0;544.0
;;3.7120001763105392;35.86180877685547;20.30004119873047;172.0;560.0
;;3.716000176500529;35.901893615722656;20.30008316040039;156.0;549.0
;;3.720000176690519;35.9425048828125;20.30005645751953;162.0;545.0
;;3.7240001768805087;35.982574462890625;20.300037384033203;180.0;562.0
;;3.7280001770704985;36.02171325683594;20.30005645751953;169.0;550.0
;;3.7320001772604883;36.061981201171875;20.300045013427734;176.0;540.0
;;3.736000177450478;36.10309600830078;20.300033569335938;163.0;538.0
;;3.740000177640468;36.142478942871094;20.300048828125;169.0;545.0
;;3.7440001778304577;36.18257141113281;20.300025939941406;191.0;536.0
;;3.7480001780204475;36.223358154296875;20.300029754638672;157.0;531.0
;;3.7520001782104373;36.262901306152344;20.30001449584961;158.0;538.0
;;3.756000178400427;36.30250930786133;20.300033569335938;178.0;544.0
;;3.760000178590417;36.342132568359375;20.300037384033203;195.0;552.0
;;3.7640001787804067;36.38246536254883;20.300033569335938;185.0;542.0
;;3.7680001789703965;36.422203063964844;20.300018310546875;176.0;537.0
;;3.7720001791603863;36.46184539794922;20.300029754638672;196.0;545.0
;;3.776000179350376;36.50215148925781;20.300033569335938;177.0;547.0
;;3.780000179540366;36.54283905029297;20.29999542236328;194.0;540.0
;;3.7840001797303557;36.582374572753906;20.300025939941406;189.0;565.0
;;3.7880001799203455;36.6217041015625;20.30002212524414;197.0;539.0
;;3.7920001801103354;36.661773681640625;20.300006866455078;167.0;535.0
;;3.796000180300325;36.701873779296875;20.300037384033203;199.0;545.0
;;3.800000180490315;36.74226379394531;20.300010681152344;181.0;554.0
;;3.8040001806803048;36.78221893310547;20.300037384033203;209.0;540.0
;;3.8080001808702946;36.82036209106445;20.30002212524414;198.0;549.0
;;3.8120001810602844;36.86139678955078;20.299957275390625;178.0;558.0
;;3.816000181250274;36.902156829833984;20.300064086914062;180.0;543.0
;;3.820000181440264;36.94252014160156;20.300018310546875;203.0;548.0
;;3.824000181630254;36.982173919677734;20.299999237060547;217.0;530.0
;;3.8280001818202436;37.02272033691406;20.300037384033203;195.0;558.0
;;3.8320001820102334;37.062744140625;20.299991607666016;214.0;548.0
;;3.836000182200223;37.10324478149414;20.300029754638672;209.0;561.0
;;3.840000182390213;37.143035888671875;20.300033569335938;198.0;553.0
;;3.844000182580203;37.18279266357422;20.299983978271484;206.0;546.0
;;3.8480001827701926;37.22291946411133;20.300037384033203;207.0;554.0
;;3.8520001829601824;37.26294708251953;20.300029754638672;195.0;554.0
;;3.8560001831501722;37.30290222167969;20.300006866455078;200.0;550.0
;;3.860000183340162;37.342647552490234;20.300048828125;227.0;545.0
;;3.864000183530152;37.38307189941406;20.300003051757812;210.0;553.0
;;3.8680001837201416;37.42278289794922;20.30004119873047;199.0;532.0
;;3.8720001839101315;37.46266174316406;20.300025939941406;215.0;555.0
;;3.8760001841001213;37.50300216674805;20.30002212524414;231.0;566.0
;;3.880000184290111;37.542484283447266;20.300067901611328;209.0;542.0
;;3.884000184480101;37.582069396972656;20.300025939941406;225.0;559.0
;;3.8880001846700907;37.62248992919922;20.300033569335938;214.0;554.0
;;3.8920001848600805;37.66193389892578;20.300033569335938;211.0;538.0
;;3.8960001850500703;37.701560974121094;20.300029754638672;212.0;559.0
;;3.90000018524006;37.74293518066406;20.300025939941406;218.0;539.0
;;3.90400018543005;37.78213119506836;20.300033569335938;201.0;554.0
;;3.9080001856200397;37.8221435546875;20.30002212524414;229.0;547.0
;;3.9120001858100295;37.86274337768555;20.300029754638672;226.0;550.0
;;3.9160001860000193;37.90351486206055;20.300037384033203;216.0;557.0
;;3.920000186190009;37.94340515136719;20.300018310546875;222.0;550.0
;;3.924000186379999;37.98303985595703;20.30004119873047;222.0;536.0
;;3.9280001865699887;38.023101806640625;20.300048828125;217.0;548.0
;;3.9320001867599785;38.06249237060547;20.30002212524414;204.0;541.0
;;3.9360001869499683;38.10340118408203;20.300033569335938;214.0;554.0
;;3.940000187139958;38.143959045410156;20.300033569335938;198.0;547.0
;;3.944000187329948;38.183448791503906;20.300025939941406;212.0;550.0
;;3.9480001875199378;38.22346878051758;20.300006866455078;200.0;549.0
;;3.9520001877099276;38.26370620727539;20.300029754638672;208.0;551.0
;;3.9560001878999174;38.30333709716797;20.300018310546875;199.0;561.0
;;3.960000188089907;38.343505859375;20.30002212524414;209.0;551.0
;;3.964000188279897;38.38377380371094;20.30004119873047;203.0;553.0
;;3.968000188469887;38.42392349243164;20.300029754638672;198.0;530.0
;;3.9720001886598766;38.4638786315918;20.300037384033203;191.0;538.0
;;3.9760001888498664;38.50352096557617;20.299999237060547;209.0;548.0
;;3.980000189039856;38.543243408203125;20.300052642822266;201.0;556.0
;;3.984000189229846;38.58369445800781;20.299991607666016;210.0;535.0
;;3.988000189419836;38.622840881347656;20.300037384033203;196.0;555.0
;;3.9920001896098256;38.66283416748047;20.30001449584961;187.0;518.0
;;3.9960001897998154;38.70307922363281;20.299983978271484;189.0;534.0
;;4.000000189989805;38.743064880371094;20.300052642822266;199.0;553.0
;;4.004000190179795;38.78258514404297;20.29999542236328;190.0;550.0
;;4.008000190369785;38.823020935058594;20.300006866455078;193.0;545.0
;;4.012000190559775;38.86322021484375;20.30004119873047;187.0;545.0
;;4.016000190749764;38.90299987792969;20.29998779296875;176.0;540.0
;;4.020000190939754;38.943023681640625;20.300045013427734;197.0;546.0
;;4.024000191129744;38.98280334472656;20.29998779296875;204.0;534.0
;;4.028000191319734;39.02318572998047;20.299976348876953;164.0;553.0
;;4.032000191509724;39.06342315673828;20.300037384033203;176.0;533.0
;;4.0360001916997135;39.103416442871094;20.299983978271484;184.0;547.0
;;4.040000191889703;39.143516540527344;20.30004119873047;186.0;549.0
;;4.044000192079693;39.18378448486328;20.300029754638672;178.0;525.0
;;4.048000192269683;39.22395324707031;20.299957275390625;170.0;544.0
;;4.052000192459673;39.264007568359375;20.30005645751953;180.0;554.0
;;4.0560001926496625;39.303680419921875;20.300025939941406;195.0;550.0
;;4.060000192839652;39.343345642089844;20.30002212524414;175.0;552.0
;;4.064000193029642;39.38325500488281;20.30008316040039;181.0;547.0
;;4.068000193219632;39.42329406738281;20.299976348876953;172.0;539.0
;;4.072000193409622;39.46306610107422;20.300052642822266;172.0;545.0
;;4.0760001935996115;39.502784729003906;20.300071716308594;185.0;548.0
;;4.080000193789601;39.54280090332031;20.300018310546875;171.0;556.0
;;4.084000193979591;39.582984924316406;20.300060272216797;167.0;548.0
;;4.088000194169581;39.62281036376953;20.300045013427734;167.0;563.0
;;4.092000194359571;39.66248321533203;20.30002212524414;170.0;536.0
;;4.0960001945495605;39.702415466308594;20.300094604492188;167.0;547.0
;;4.10000019473955;39.74260711669922;20.300052642822266;164.0;554.0
;;4.10400019492954;39.78246307373047;20.300045013427734;155.0;539.0
;;4.10800019511953;39.822265625;20.300140380859375;172.0;564.0
;;4.11200019530952;39.86204528808594;20.30002212524414;158.0;548.0
;;4.11600019549951;39.90229797363281;20.30008316040039;176.0;547.0
;;4.120000195689499;39.94324493408203;20.300140380859375;165.0;534.0
;;4.124000195879489;39.983421325683594;20.300048828125;174.0;541.0
;;4.128000196069479;40.023223876953125;20.30013656616211;176.0;550.0
;;4.132000196259469;40.063209533691406;20.300125122070312;159.0;554.0
;;4.136000196449459;40.10333251953125;20.300067901611328;155.0;555.0
;;4.140000196639448;40.1434326171875;20.30017852783203;151.0;556.0
;;4.144000196829438;40.18347930908203;20.30010223388672;154.0;525.0
;;4.148000197019428;40.22349548339844;20.300067901611328;152.0;546.0
;;4.152000197209418;40.26325988769531;20.300182342529297;154.0;547.0
;;4.156000197399408;40.303016662597656;20.30010986328125;157.0;554.0
;;4.160000197589397;40.343414306640625;20.30010986328125;152.0;532.0
;;4.164000197779387;40.383636474609375;20.300148010253906;160.0;547.0
;;4.168000197969377;40.42340087890625;20.30010986328125;163.0;556.0
;;4.172000198159367;40.4630126953125;20.300148010253906;168.0;532.0
;;4.176000198349357;40.503028869628906;20.300155639648438;154.0;548.0
;;4.1800001985393465;40.54304504394531;20.300106048583984;174.0;548.0
;;4.184000198729336;40.58293914794922;20.300167083740234;148.0;549.0
;;4.188000198919326;40.62260437011719;20.300125122070312;151.0;539.0
;;4.192000199109316;40.662391662597656;20.300094604492188;145.0;535.0
;;4.196000199299306;40.70256805419922;20.30014419555664;145.0;542.0
;;4.2000001994892955;40.74308776855469;20.300132751464844;166.0;547.0
;;4.204000199679285;40.783302307128906;20.300106048583984;139.0;557.0
;;4.208000199869275;40.823143005371094;20.300140380859375;166.0;540.0
;;4.212000200059265;40.8631591796875;20.300125122070312;161.0;547.0
;;4.216000200249255;40.90303039550781;20.300121307373047;164.0;537.0
;;4.2200002004392445;40.94318389892578;20.30010986328125;166.0;548.0
;;4.224000200629234;40.982749938964844;20.30010223388672;175.0;547.0
;;4.228000200819224;41.023033142089844;20.30010986328125;163.0;538.0
;;4.232000201009214;41.0631103515625;20.300067901611328;163.0;555.0
;;4.236000201199204;41.103309631347656;20.300132751464844;164.0;550.0
;;4.2400002013891935;41.14379119873047;20.300079345703125;171.0;550.0
;;4.244000201579183;41.18385314941406;20.30007553100586;166.0;529.0
;;4.248000201769173;41.22380828857422;20.300094604492188;171.0;544.0
;;4.252000201959163;41.263877868652344;20.300071716308594;152.0;537.0
;;4.256000202149153;41.30377960205078;20.30008316040039;172.0;550.0
;;4.260000202339143;41.34355163574219;20.30007553100586;182.0;534.0
;;4.264000202529132;41.38323974609375;20.30004119873047;184.0;545.0
;;4.268000202719122;41.423004150390625;20.300079345703125;170.0;524.0
;;4.272000202909112;41.46281433105469;20.300060272216797;183.0;540.0
;;4.276000203099102;41.503028869628906;20.300048828125;188.0;549.0
;;4.280000203289092;41.543495178222656;20.300045013427734;185.0;550.0
;;4.284000203479081;41.582923889160156;20.300045013427734;199.0;546.0
;;4.288000203669071;41.62262725830078;20.300045013427734;191.0;551.0
;;4.292000203859061;41.66266632080078;20.30002212524414;206.0;547.0
;;4.296000204049051;41.70274353027344;20.300048828125;174.0;542.0
;;4.300000204239041;41.742759704589844;20.300045013427734;183.0;556.0
;;4.30400020442903;41.78236389160156;20.300033569335938;195.0;533.0
;;4.30800020461902;41.821983337402344;20.30004119873047;200.0;556.0
;;4.31200020480901;41.862220764160156;20.300029754638672;199.0;546.0
;;4.316000204999;41.90252685546875;20.30002212524414;213.0;537.0
;;4.32000020518899;41.94286346435547;20.300071716308594;202.0;533.0
;;4.3240002053789794;41.98285675048828;20.299976348876953;216.0;538.0
;;4.328000205568969;42.02531433105469;20.300048828125;214.0;548.0
;;4.332000205758959;42.065643310546875;20.300033569335938;214.0;545.0
;;4.336000205948949;42.10589599609375;20.30002212524414;199.0;541.0
;;4.340000206138939;42.145713806152344;20.300071716308594;205.0;531.0
;;4.3440002063289285;42.185516357421875;20.299999237060547;218.0;543.0
;;4.348000206518918;42.22566223144531;20.300025939941406;207.0;543.0
;;4.352000206708908;42.26575469970703;20.30005645751953;210.0;565.0
;;4.356000206898898;42.305572509765625;20.299991607666016;183.0;541.0
;;4.360000207088888;42.345252990722656;20.300060272216797;216.0;540.0
;;4.3640002072788775;42.38551330566406;20.300048828125;225.0;545.0
;;4.368000207468867;42.42584991455078;20.299999237060547;193.0;554.0
;;4.372000207658857;42.46581268310547;20.300079345703125;217.0;536.0
;;4.376000207848847;42.505638122558594;20.299999237060547;205.0;544.0
;;4.380000208038837;42.5452880859375;20.29999542236328;216.0;554.0
;;4.3840002082288265;42.585113525390625;20.30008316040039;236.0;539.0
;;4.388000208418816;42.62513732910156;20.299999237060547;219.0;549.0
;;4.392000208608806;42.66502380371094;20.30001449584961;216.0;555.0
;;4.396000208798796;42.70506286621094;20.300079345703125;209.0;542.0
;;4.400000208988786;42.74519348144531;20.300006866455078;217.0;553.0
;;4.4040002091787755;42.7852783203125;20.300052642822266;227.0;537.0
;;4.408000209368765;42.82502746582031;20.300067901611328;222.0;556.0
;;4.412000209558755;42.86547088623047;20.299999237060547;225.0;547.0
;;4.416000209748745;42.90607452392578;20.300052642822266;216.0;544.0
;;4.420000209938735;42.945526123046875;20.300048828125;214.0;543.0
;;4.424000210128725;42.985328674316406;20.300018310546875;233.0;552.0
;;4.428000210318714;43.02543640136719;20.300060272216797;213.0;548.0
;;4.432000210508704;43.06562042236328;20.300029754638672;224.0;548.0
;;4.436000210698694;43.105682373046875;20.300052642822266;232.0;540.0
;;4.440000210888684;43.146339416503906;20.30002212524414;231.0;533.0
;;4.444000211078674;43.18601989746094;20.300037384033203;214.0;557.0
;;4.448000211268663;43.226036071777344;20.300060272216797;223.0;552.0
;;4.452000211458653;43.26575469970703;20.300037384033203;205.0;533.0
;;4.456000211648643;43.306396484375;20.300067901611328;212.0;551.0
;;4.460000211838633;43.34547424316406;20.300037384033203;215.0;540.0
;;4.464000212028623;43.385467529296875;20.300037384033203;226.0;560.0
;;4.468000212218612;43.425559997558594;20.300052642822266;229.0;543.0
;;4.472000212408602;43.46570587158203;20.300018310546875;212.0;556.0
;;4.476000212598592;43.505332946777344;20.300052642822266;222.0;568.0
;;4.480000212788582;43.544700622558594;20.300045013427734;214.0;554.0
;;4.484000212978572;43.58500671386719;20.30002212524414;243.0;554.0
;;4.4880002131685615;43.625343322753906;20.300052642822266;212.0;550.0
;;4.492000213358551;43.66505432128906;20.300045013427734;209.0;552.0
;;4.496000213548541;43.70476531982422;20.30004119873047;217.0;552.0
;;4.500000213738531;43.74510955810547;20.30010986328125;210.0;538.0
;;4.504000213928521;43.78551483154297;20.30002212524414;188.0;548.0
;;4.5080002141185105;43.82478332519531;20.300048828125;226.0;544.0
;;4.5120002143085;43.86516571044922;20.30010223388672;208.0;540.0
;;4.51600021449849;43.905067443847656;20.30001449584961;198.0;543.0
;;4.52000021468848;43.94508361816406;20.30005645751953;213.0;546.0
;;4.52400021487847;43.9853515625;20.30005645751953;212.0;547.0
;;4.5280002150684595;44.02532958984375;20.300025939941406;217.0;543.0
;;4.532000215258449;44.065338134765625;20.300033569335938;201.0;536.0
;;4.536000215448439;44.105064392089844;20.300064086914062;214.0;548.0
;;4.540000215638429;44.14507293701172;20.30004119873047;205.0;553.0
;;4.544000215828419;44.18555450439453;20.300048828125;188.0;569.0
;;4.5480002160184085;44.22583770751953;20.300048828125;191.0;548.0
;;4.552000216208398;44.26567840576172;20.300037384033203;207.0;545.0
;;4.556000216398388;44.3050537109375;20.300052642822266;201.0;547.0
;;4.560000216588378;44.344886779785156;20.300045013427734;184.0;551.0
;;4.564000216778368;44.385040283203125;20.30005645751953;195.0;531.0
;;4.568000216968358;44.42479705810547;20.30002212524414;198.0;539.0
;;4.572000217158347;44.464759826660156;20.300048828125;192.0;551.0
;;4.576000217348337;44.50470733642578;20.300052642822266;192.0;550.0
;;4.580000217538327;44.544769287109375;20.30004119873047;191.0;549.0
;;4.584000217728317;44.58538818359375;20.300071716308594;193.0;541.0
;;4.588000217918307;44.62535095214844;20.300052642822266;185.0;555.0
;;4.592000218108296;44.6636962890625;20.30004119873047;194.0;569.0
;;4.596000218298286;44.70497131347656;20.30008316040039;180.0;554.0
;;4.600000218488276;44.74440002441406;20.300052642822266;134.0;550.0
;;4.604000218678266;44.78382873535156;20.300037384033203;175.0;542.0
;;4.608000218868256;44.82408142089844;20.30010223388672;159.0;557.0
;;4.612000219058245;44.86461639404297;20.300006866455078;157.0;553.0
;;4.616000219248235;44.904212951660156;20.30005645751953;162.0;549.0
;;4.620000219438225;44.94403076171875;20.300086975097656;165.0;554.0
;;4.624000219628215;44.98467254638672;20.300029754638672;174.0;547.0
;;4.628000219818205;45.022682189941406;20.300079345703125;148.0;549.0
;;4.6320002200081944;45.06482696533203;20.300079345703125;163.0;558.0
;;4.636000220198184;45.10492706298828;20.300045013427734;179.0;543.0
;;4.640000220388174;45.145103454589844;20.30008316040039;151.0;548.0
;;4.644000220578164;45.18505859375;20.30005645751953;171.0;546.0
;;4.648000220768154;45.22498321533203;20.300060272216797;149.0;543.0
;;4.6520002209581435;45.26494598388672;20.30008316040039;160.0;552.0
;;4.656000221148133;45.305419921875;20.300003051757812;159.0;553.0
;;4.660000221338123;45.34484100341797;20.300067901611328;179.0;535.0
;;4.664000221528113;45.38512420654297;20.30004119873047;160.0;544.0
;;4.668000221718103;45.424705505371094;20.300090789794922;172.0;558.0
;;4.6720002219080925;45.46490478515625;20.300045013427734;149.0;548.0
;;4.676000222098082;45.50440979003906;20.300079345703125;166.0;552.0
;;4.680000222288072;45.544395446777344;20.300113677978516;181.0;538.0
;;4.684000222478062;45.58429718017578;20.299976348876953;152.0;541.0
;;4.688000222668052;45.62391662597656;20.300094604492188;167.0;560.0
;;4.6920002228580415;45.66368865966797;20.29995346069336;166.0;549.0
;;4.696000223048031;45.70381164550781;20.299945831298828;162.0;544.0
;;4.700000223238021;45.7442626953125;20.300033569335938;159.0;544.0
;;4.704000223428011;45.78455352783203;20.299942016601562;153.0;546.0
;;4.708000223618001;45.8240966796875;20.299964904785156;168.0;536.0
;;4.7120002238079906;45.86400604248047;20.300037384033203;191.0;546.0
;;4.71600022399798;45.904335021972656;20.299903869628906;165.0;536.0
;;4.72000022418797;45.94458770751953;20.300010681152344;167.0;560.0
;;4.72400022437796;45.984161376953125;20.29999542236328;153.0;561.0
;;4.72800022456795;46.024330139160156;20.29993438720703;165.0;548.0
;;4.73200022475794;46.064414978027344;20.30002212524414;179.0;546.0
;;4.736000224947929;46.10444641113281;20.299991607666016;165.0;549.0
;;4.740000225137919;46.144775390625;20.299976348876953;155.0;522.0
;;4.744000225327909;46.18535614013672;20.30002212524414;173.0;544.0
;;4.748000225517899;46.22521209716797;20.299991607666016;164.0;560.0
;;4.752000225707889;46.26495361328125;20.300006866455078;159.0;531.0
;;4.756000225897878;46.30476379394531;20.300045013427734;174.0;540.0
;;4.760000226087868;46.344757080078125;20.300006866455078;174.0;546.0
;;4.764000226277858;46.384483337402344;20.300033569335938;183.0;540.0
;;4.768000226467848;46.42424011230469;20.300064086914062;184.0;547.0
;;4.772000226657838;46.46410369873047;20.299983978271484;177.0;534.0
;;4.776000226847827;46.504150390625;20.300067901611328;187.0;545.0
;;4.780000227037817;46.544281005859375;20.30002212524414;180.0;545.0
;;4.784000227227807;46.584327697753906;20.300048828125;172.0;539.0
;;4.788000227417797;46.62413024902344;20.300071716308594;185.0;546.0
;;4.792000227607787;46.66399383544922;20.300067901611328;183.0;565.0
;;4.7960002277977765;46.704071044921875;20.30008316040039;175.0;536.0
;;4.800000227987766;46.744110107421875;20.300067901611328;186.0;551.0
;;4.804000228177756;46.783714294433594;20.30011749267578;187.0;540.0
;;4.808000228367746;46.82322692871094;20.30010986328125;204.0;538.0
;;4.812000228557736;46.86363983154297;20.300086975097656;192.0;549.0
;;4.8160002287477255;46.903602600097656;20.300167083740234;181.0;531.0
;;4.820000228937715;46.943946838378906;20.30008316040039;181.0;554.0
;;4.824000229127705;46.98399353027344;20.30008316040039;189.0;544.0
;;4.828000229317695;47.02417755126953;20.300125122070312;181.0;547.0
;;4.832000229507685;47.064353942871094;20.300098419189453;196.0;539.0
;;4.8360002296976745;47.10459899902344;20.300113677978516;186.0;549.0
;;4.840000229887664;47.14451599121094;20.300125122070312;195.0;564.0
;;4.844000230077654;47.184165954589844;20.30010986328125;207.0;555.0
;;4.848000230267644;47.224273681640625;20.300125122070312;195.0;549.0
;;4.852000230457634;47.26448059082031;20.300132751464844;180.0;551.0
;;4.8560002306476235;47.30485534667969;20.300106048583984;183.0;546.0
;;4.860000230837613;47.344451904296875;20.300125122070312;205.0;545.0
;;4.864000231027603;47.38458251953125;20.30010986328125;185.0;534.0
;;4.868000231217593;47.424591064453125;20.30011749267578;201.0;543.0
;;4.872000231407583;47.46477508544922;20.300113677978516;201.0;553.0
;;4.876000231597573;47.504920959472656;20.300106048583984;196.0;540.0
;;4.880000231787562;47.54423522949219;20.30011749267578;213.0;558.0
;;4.884000231977552;47.5841064453125;20.30010986328125;212.0;548.0
;;4.888000232167542;47.62421417236328;20.30011749267578;206.0;547.0
;;4.892000232357532;47.6640625;20.300094604492188;201.0;552.0
;;4.896000232547522;47.70423889160156;20.30008316040039;193.0;552.0
;;4.900000232737511;47.74433898925781;20.300125122070312;214.0;542.0
;;4.904000232927501;47.784400939941406;20.300064086914062;196.0;557.0
;;4.908000233117491;47.823951721191406;20.300079345703125;209.0;544.0
;;4.912000233307481;47.8643798828125;20.300071716308594;212.0;544.0
;;4.916000233497471;47.9049072265625;20.300064086914062;201.0;546.0
;;4.92000023368746;47.94415283203125;20.300067901611328;201.0;536.0
;;4.92400023387745;47.98430633544922;20.300067901611328;222.0;542.0
;;4.92800023406744;48.02470397949219;20.300067901611328;197.0;561.0
;;4.93200023425743;48.06462097167969;20.300067901611328;202.0;540.0
;;4.93600023444742;48.105133056640625;20.300052642822266;199.0;540.0
;;4.9400002346374094;48.144874572753906;20.300052642822266;213.0;548.0
;;4.944000234827399;48.184814453125;20.300052642822266;203.0;529.0
;;4.948000235017389;48.22520446777344;20.300029754638672;209.0;525.0
;;4.952000235207379;48.26548767089844;20.300033569335938;202.0;541.0
;;4.956000235397369;48.30499267578125;20.300048828125;204.0;534.0
;;4.9600002355873585;48.344642639160156;20.300037384033203;219.0;544.0
;;4.964000235777348;48.38482666015625;20.300025939941406;210.0;554.0
;;4.968000235967338;48.42491149902344;20.300048828125;194.0;538.0
;;4.972000236157328;48.46446990966797;20.300052642822266;199.0;533.0
;;4.976000236347318;48.50489807128906;20.300037384033203;203.0;543.0
;;4.9800002365373075;48.5435791015625;20.300033569335938;197.0;537.0
;;4.984000236727297;48.58403778076172;20.300033569335938;216.0;545.0
;;4.988000236917287;48.624671936035156;20.300033569335938;165.0;541.0
;;4.992000237107277;48.66423034667969;20.300033569335938;210.0;564.0
;;4.996000237297267;48.70398712158203;20.300033569335938;189.0;540.0
;;5.0000002374872565;48.74382781982422;20.300029754638672;187.0;547.0
;;5.004000237677246;48.78411102294922;20.300045013427734;169.0;537.0
;;5.008000237867236;48.82421112060547;20.300029754638672;185.0;536.0
;;5.012000238057226;48.864097595214844;20.30004119873047;186.0;527.0
;;5.016000238247216;48.90416717529297;20.300045013427734;176.0;547.0
;;5.0200002384372056;48.944190979003906;20.300037384033203;180.0;552.0
;;5.024000238627195;48.98645782470703;20.30002212524414;191.0;550.0
;;5.028000238817185;49.02696990966797;20.300048828125;174.0;554.0
;;5.032000239007175;49.06707763671875;20.300037384033203;165.0;544.0
;;5.036000239197165;49.10676574707031;20.300052642822266;172.0;529.0
;;5.040000239387155;49.14701843261719;20.300033569335938;186.0;539.0
;;5.044000239577144;49.1873779296875;20.30005645751953;171.0;528.0
;;5.048000239767134;49.227569580078125;20.300006866455078;169.0;548.0
;;5.052000239957124;49.26757049560547;20.30004119873047;163.0;549.0
;;5.056000240147114;49.307220458984375;20.30007553100586;173.0;551.0
;;5.060000240337104;49.347023010253906;20.300033569335938;166.0;549.0
;;5.064000240527093;49.386985778808594;20.30008316040039;174.0;539.0
;;5.068000240717083;49.42723083496094;20.300045013427734;163.0;541.0
;;5.072000240907073;49.466094970703125;20.300018310546875;166.0;539.0
;;5.076000241097063;49.506431579589844;20.300086975097656;173.0;555.0
;;5.080000241287053;49.54729461669922;20.300025939941406;166.0;550.0
;;5.084000241477042;49.58673095703125;20.300045013427734;168.0;536.0
;;5.088000241667032;49.626609802246094;20.300098419189453;179.0;551.0
;;5.092000241857022;49.66637420654297;20.300003051757812;132.0;545.0
;;5.096000242047012;49.70649719238281;20.30005645751953;153.0;540.0
;;5.100000242237002;49.746673583984375;20.300094604492188;154.0;537.0
;;5.1040002424269915;49.78655242919922;20.299976348876953;158.0;551.0
;;5.108000242616981;49.82652282714844;20.300052642822266;168.0;555.0
;;5.112000242806971;49.863983154296875;20.300067901611328;159.0;554.0
;;5.116000242996961;49.90422821044922;20.300006866455078;153.0;546.0
;;5.120000243186951;49.94691467285156;20.300052642822266;173.0;531.0
;;5.1240002433769405;49.98677062988281;20.300045013427734;144.0;546.0
;;5.12800024356693;50.027198791503906;20.300037384033203;144.0;548.0
;;5.13200024375692;50.067161560058594;20.300037384033203;163.0;544.0
;;5.13600024394691;50.10737609863281;20.300045013427734;163.0;555.0
;;5.1400002441369;50.14720153808594;20.300037384033203;153.0;535.0
;;5.1440002443268895;50.18731689453125;20.300045013427734;163.0;535.0
;;5.148000244516879;50.22675323486328;20.300037384033203;154.0;546.0
;;5.152000244706869;50.26750946044922;20.300045013427734;129.0;562.0
;;5.156000244896859;50.306968688964844;20.300045013427734;146.0;555.0
;;5.160000245086849;50.34691619873047;20.300018310546875;169.0;541.0
;;5.1640002452768385;50.387657165527344;20.300037384033203;150.0;539.0
;;5.168000245466828;50.42756652832031;20.300037384033203;158.0;546.0
;;5.172000245656818;50.46720886230469;20.300037384033203;164.0;553.0
;;5.176000245846808;50.504661560058594;20.300086975097656;166.0;558.0
;;5.180000246036798;50.54704284667969;20.300018310546875;149.0;555.0
;;5.184000246226788;50.58642578125;20.300048828125;155.0;544.0
;;5.188000246416777;50.626243591308594;20.300067901611328;150.0;553.0
;;5.192000246606767;50.66609191894531;20.299991607666016;150.0;550.0
;;5.196000246796757;50.70616912841797;20.300064086914062;148.0;535.0
;;5.200000246986747;50.74628448486328;20.300025939941406;150.0;545.0
;;5.204000247176737;50.78650665283203;20.299976348876953;155.0;542.0
;;5.208000247366726;50.82640838623047;20.300090789794922;156.0;544.0
;;5.212000247556716;50.86646270751953;20.299991607666016;140.0;546.0
;;5.216000247746706;50.90685272216797;20.300025939941406;152.0;543.0
;;5.220000247936696;50.946937561035156;20.30007553100586;172.0;544.0
;;5.224000248126686;50.986297607421875;20.299991607666016;162.0;549.0
;;5.228000248316675;51.02641296386719;20.299999237060547;160.0;547.0
;;5.232000248506665;51.06682586669922;20.300090789794922;151.0;548.0
;;5.236000248696655;51.10725402832031;20.299983978271484;164.0;543.0
;;5.240000248886645;51.147430419921875;20.300006866455078;162.0;558.0
;;5.244000249076635;51.18755340576172;20.30010986328125;166.0;556.0
;;5.2480002492666245;51.227622985839844;20.29998016357422;152.0;542.0
;;5.252000249456614;51.26781463623047;20.29999542236328;163.0;557.0
;;5.256000249646604;51.30784606933594;20.300094604492188;165.0;552.0
;;5.260000249836594;51.34739685058594;20.29999542236328;161.0;552.0
;;5.264000250026584;51.3870849609375;20.30002212524414;177.0;553.0
;;5.2680002502165735;51.42669677734375;20.30008316040039;170.0;540.0
;;5.272000250406563;51.46675109863281;20.300003051757812;161.0;550.0
;;5.276000250596553;51.50675964355469;20.30004119873047;179.0;551.0
;;5.280000250786543;51.54676055908203;20.300086975097656;193.0;552.0
;;5.284000250976533;51.58619689941406;20.299999237060547;184.0;552.0
;;5.2880002511665225;51.62550354003906;20.300048828125;187.0;549.0
;;5.292000251356512;51.665626525878906;20.30008316040039;180.0;562.0
;;5.296000251546502;51.70623016357422;20.299991607666016;169.0;550.0
;;5.300000251736492;51.746368408203125;20.300067901611328;175.0;557.0
;;5.304000251926482;51.786293029785156;20.300048828125;184.0;551.0
;;5.3080002521164715;51.825965881347656;20.300006866455078;182.0;541.0
;;5.312000252306461;51.86567687988281;20.300033569335938;178.0;543.0
;;5.316000252496451;51.90546417236328;20.300018310546875;197.0;552.0
;;5.320000252686441;51.94721221923828;20.300006866455078;203.0;536.0
;;5.324000252876431;51.98632049560547;20.300037384033203;187.0;555.0
;;5.3280002530664206;52.02606201171875;20.30001449584961;201.0;533.0
;;5.33200025325641;52.066261291503906;20.300006866455078;204.0;535.0
;;5.3360002534464;52.10755157470703;20.30001449584961;192.0;546.0
;;5.34000025363639;52.14659881591797;20.30002212524414;203.0;554.0
;;5.34400025382638;52.18641662597656;20.300010681152344;211.0;535.0
;;5.34800025401637;52.22693634033203;20.300006866455078;205.0;549.0
;;5.352000254206359;52.26691436767578;20.30001449584961;185.0;551.0
;;5.356000254396349;52.30702209472656;20.299999237060547;191.0;546.0
;;5.360000254586339;52.34685516357422;20.300010681152344;200.0;546.0
;;5.364000254776329;52.38658905029297;20.300006866455078;187.0;551.0
;;5.368000254966319;52.42741394042969;20.300003051757812;221.0;555.0
;;5.372000255156308;52.467124938964844;20.299991607666016;200.0;541.0
;;5.376000255346298;52.506256103515625;20.299999237060547;197.0;545.0
;;5.380000255536288;52.54637145996094;20.300003051757812;209.0;561.0
;;5.384000255726278;52.58641052246094;20.300006866455078;198.0;556.0
;;5.388000255916268;52.62675476074219;20.29999542236328;194.0;542.0
;;5.392000256106257;52.666229248046875;20.299999237060547;214.0;538.0
;;5.396000256296247;52.70612335205078;20.300067901611328;201.0;552.0
;;5.400000256486237;52.74635314941406;20.300006866455078;207.0;544.0
;;5.404000256676227;52.78607177734375;20.300045013427734;215.0;539.0
;;5.408000256866217;52.82599639892578;20.30002212524414;212.0;547.0
;;5.4120002570562065;52.8665771484375;20.300033569335938;217.0;544.0
;;5.416000257246196;52.90662384033203;20.300064086914062;212.0;552.0
;;5.420000257436186;52.946014404296875;20.300025939941406;213.0;545.0
;;5.424000257626176;52.98590087890625;20.300037384033203;218.0;541.0
;;5.428000257816166;53.02655029296875;20.300048828125;216.0;552.0
;;5.4320002580061555;53.066749572753906;20.300010681152344;198.0;555.0
;;5.436000258196145;53.106956481933594;20.300090789794922;219.0;562.0
;;5.440000258386135;53.14686584472656;20.300029754638672;222.0;540.0
;;5.444000258576125;53.18689727783203;20.300048828125;210.0;541.0
;;5.448000258766115;53.22730255126953;20.300106048583984;213.0;540.0
;;5.4520002589561045;53.267852783203125;20.300018310546875;205.0;538.0
;;5.456000259146094;53.307411193847656;20.30010986328125;201.0;546.0
;;5.460000259336084;53.346893310546875;20.300045013427734;216.0;552.0
;;5.464000259526074;53.38628387451172;20.300025939941406;213.0;547.0
;;5.468000259716064;53.42766571044922;20.30013656616211;207.0;544.0
;;5.4720002599060535;53.46730041503906;20.300094604492188;207.0;562.0
;;5.476000260096043;53.50677490234375;20.300098419189453;222.0;554.0
;;5.480000260286033;53.546241760253906;20.30016326904297;224.0;548.0
;;5.484000260476023;53.58607482910156;20.300067901611328;217.0;536.0
;;5.488000260666013;53.626609802246094;20.30010986328125;219.0;546.0
;;5.492000260856003;53.66649627685547;20.30016326904297;200.0;542.0
;;5.496000261045992;53.70622253417969;20.300079345703125;211.0;532.0
;;5.500000261235982;53.74628448486328;20.300155639648438;219.0;545.0
;;5.504000261425972;53.786041259765625;20.300148010253906;198.0;540.0
;;5.508000261615962;53.82624053955078;20.30008316040039;204.0;543.0
;;5.512000261805952;53.86646270751953;20.300174713134766;214.0;554.0
;;5.516000261995941;53.90644073486328;20.300106048583984;197.0;526.0
;;5.520000262185931;53.945648193359375;20.30007553100586;210.0;540.0
;;5.524000262375921;53.987091064453125;20.300189971923828;197.0;551.0
;;5.528000262565911;54.0269775390625;20.30008316040039;193.0;546.0
;;5.532000262755901;54.06688690185547;20.300094604492188;200.0;538.0
;;5.53600026294589;54.10699462890625;20.300189971923828;202.0;544.0
;;5.54000026313588;54.14708709716797;20.300067901611328;187.0;535.0
;;5.54400026332587;54.18742370605469;20.300106048583984;182.0;532.0
;;5.54800026351586;54.22777557373047;20.300186157226562;192.0;526.0
;;5.55200026370585;54.26775360107422;20.300067901611328;169.0;546.0
;;5.5560002638958395;54.30732727050781;20.30010986328125;182.0;551.0
;;5.560000264085829;54.34710693359375;20.300132751464844;205.0;555.0
;;5.564000264275819;54.38709259033203;20.30005645751953;196.0;533.0
;;5.568000264465809;54.427345275878906;20.300121307373047;177.0;547.0
;;5.572000264655799;54.4671630859375;20.300098419189453;198.0;529.0
;;5.5760002648457885;54.50678253173828;20.300029754638672;190.0;541.0
;;5.580000265035778;54.546897888183594;20.300125122070312;181.0;556.0
;;5.584000265225768;54.587066650390625;20.300033569335938;175.0;552.0
;;5.588000265415758;54.62709045410156;20.30004119873047;183.0;542.0
;;5.592000265605748;54.66668701171875;20.300071716308594;181.0;542.0
;;5.5960002657957375;54.70658874511719;20.300052642822266;181.0;554.0
;;5.600000265985727;54.74687194824219;20.300060272216797;183.0;560.0
;;5.604000266175717;54.78667449951172;20.300064086914062;185.0;537.0
;;5.608000266365707;54.8262939453125;20.30005645751953;183.0;553.0
;;5.612000266555697;54.867103576660156;20.300067901611328;163.0;560.0
;;5.6160002667456865;54.90685272216797;20.300052642822266;173.0;561.0
;;5.620000266935676;54.94706726074219;20.300094604492188;182.0;548.0
;;5.624000267125666;54.98747253417969;20.300018310546875;188.0;559.0
;;5.628000267315656;55.02765655517578;20.300045013427734;171.0;555.0
;;5.632000267505646;55.06739044189453;20.300086975097656;178.0;550.0
;;5.636000267695636;55.10752868652344;20.299999237060547;185.0;541.0
;;5.640000267885625;55.147666931152344;20.30008316040039;165.0;551.0
;;5.644000268075615;55.18781280517578;20.300067901611328;176.0;531.0
;;5.648000268265605;55.22754669189453;20.300037384033203;185.0;546.0
;;5.652000268455595;55.267906188964844;20.300052642822266;161.0;541.0
;;5.656000268645585;55.30775451660156;20.300045013427734;156.0;542.0
;;5.660000268835574;55.34745788574219;20.300037384033203;197.0;556.0
;;5.664000269025564;55.3876953125;20.300052642822266;170.0;556.0
;;5.668000269215554;55.427711486816406;20.300033569335938;175.0;540.0
;;5.672000269405544;55.467247009277344;20.300045013427734;203.0;553.0
;;5.676000269595534;55.50715637207031;20.300067901611328;178.0;541.0
;;5.680000269785523;55.54711151123047;20.300048828125;178.0;561.0
;;5.684000269975513;55.58695983886719;20.300045013427734;177.0;547.0
;;5.688000270165503;55.62664794921875;20.300048828125;184.0;544.0
;;5.692000270355493;55.66645812988281;20.300045013427734;168.0;542.0
;;5.696000270545483;55.70668029785156;20.30008316040039;182.0;551.0
;;5.700000270735472;55.74713897705078;20.300079345703125;172.0;548.0
;;5.704000270925462;55.787254333496094;20.300067901611328;175.0;531.0
;;5.708000271115452;55.826744079589844;20.300071716308594;185.0;542.0
;;5.712000271305442;55.8668212890625;20.30008316040039;188.0;552.0
;;5.716000271495432;55.90730285644531;20.300067901611328;175.0;560.0
;;5.7200002716854215;55.949806213378906;20.300071716308594;201.0;542.0
;;5.724000271875411;55.98931884765625;20.300071716308594;180.0;559.0
;;5.728000272065401;56.029632568359375;20.300071716308594;191.0;537.0
;;5.732000272255391;56.06968688964844;20.300067901611328;187.0;554.0
;;5.736000272445381;56.10993194580078;20.300071716308594;198.0;542.0
;;5.7400002726353705;56.15032958984375;20.300037384033203;205.0;530.0
;;5.74400027282536;56.1904296875;20.300025939941406;190.0;538.0
;;5.74800027301535;56.230445861816406;20.300067901611328;198.0;539.0
;;5.75200027320534;56.270729064941406;20.300025939941406;177.0;534.0
;;5.75600027339533;56.30987548828125;20.300052642822266;194.0;547.0
;;5.7600002735853195;56.35016632080078;20.300045013427734;211.0;572.0
;;5.764000273775309;56.38996124267578;20.300045013427734;188.0;547.0
;;5.768000273965299;56.42931365966797;20.300045013427734;201.0;544.0
;;5.772000274155289;56.46947479248047;20.300037384033203;194.0;542.0
;;5.776000274345279;56.51008605957031;20.300037384033203;215.0;549.0
;;5.7800002745352685;56.549964904785156;20.300037384033203;210.0;537.0
;;5.784000274725258;56.58940124511719;20.300033569335938;200.0;537.0
;;5.788000274915248;56.62956237792969;20.300029754638672;211.0;541.0
;;5.792000275105238;56.669334411621094;20.300006866455078;206.0;543.0
;;5.796000275295228;56.70873260498047;20.300025939941406;224.0;558.0
;;5.800000275485218;56.749061584472656;20.300045013427734;206.0;554.0
;;5.804000275675207;56.78959655761719;20.299991607666016;210.0;556.0
;;5.808000275865197;56.82878112792969;20.300037384033203;214.0;543.0
;;5.812000276055187;56.86848449707031;20.30002212524414;223.0;565.0
;;5.816000276245177;56.909217834472656;20.299999237060547;217.0;541.0
;;5.820000276435167;56.94989013671875;20.300045013427734;213.0;547.0
;;5.824000276625156;56.99016571044922;20.299968719482422;230.0;542.0
;;5.828000276815146;57.030059814453125;20.300006866455078;224.0;551.0
;;5.832000277005136;57.07036590576172;20.300037384033203;219.0;544.0
;;5.836000277195126;57.11119079589844;20.299991607666016;212.0;550.0
;;5.840000277385116;57.15071105957031;20.30001449584961;219.0;555.0
;;5.844000277575105;57.19000244140625;20.299999237060547;243.0;545.0
;;5.848000277765095;57.231048583984375;20.300045013427734;226.0;559.0
;;5.852000277955085;57.27056884765625;20.29999542236328;205.0;528.0
;;5.856000278145075;57.31024169921875;20.300006866455078;234.0;551.0
;;5.860000278335065;57.35093688964844;20.300048828125;232.0;548.0
;;5.8640002785250545;57.39081573486328;20.300006866455078;226.0;558.0
;;5.868000278715044;57.43035888671875;20.300045013427734;229.0;556.0
;;5.872000278905034;57.47027587890625;20.300037384033203;231.0;538.0
;;5.876000279095024;57.51029968261719;20.30001449584961;240.0;543.0
;;5.880000279285014;57.550323486328125;20.300052642822266;247.0;536.0
;;5.8840002794750035;57.58992004394531;20.30001449584961;229.0;556.0
;;5.888000279664993;57.629730224609375;20.30001449584961;234.0;543.0
;;5.892000279854983;57.669769287109375;20.300060272216797;214.0;554.0
;;5.896000280044973;57.70990753173828;20.300018310546875;233.0;544.0
;;5.900000280234963;57.750152587890625;20.300052642822266;247.0;549.0
;;5.9040002804249525;57.790672302246094;20.30005645751953;215.0;539.0
;;5.908000280614942;57.829803466796875;20.300033569335938;227.0;548.0
;;5.912000280804932;57.87017822265625;20.30004119873047;220.0;544.0
;;5.916000280994922;57.910728454589844;20.300045013427734;226.0;554.0
;;5.920000281184912;57.95048522949219;20.300037384033203;238.0;538.0
;;5.9240002813749015;57.99047088623047;20.300045013427734;242.0;533.0
;;5.928000281564891;58.03077697753906;20.300037384033203;251.0;533.0
;;5.932000281754881;58.07086944580078;20.300037384033203;215.0;539.0
;;5.936000281944871;58.11102294921875;20.300052642822266;233.0;563.0
;;5.940000282134861;58.1510009765625;20.300025939941406;229.0;552.0
;;5.944000282324851;58.191009521484375;20.300025939941406;240.0;543.0
;;5.94800028251484;58.23126983642578;20.300052642822266;237.0;549.0
;;5.95200028270483;58.27117919921875;20.300006866455078;220.0;551.0
;;5.95600028289482;58.310264587402344;20.300067901611328;216.0;540.0
;;5.96000028308481;58.35070037841797;20.300018310546875;230.0;546.0
;;5.9640002832748;58.391212463378906;20.299991607666016;202.0;554.0
;;5.968000283464789;58.431121826171875;20.30008316040039;217.0;552.0
;;5.972000283654779;58.47114562988281;20.299999237060547;233.0;548.0
;;5.976000283844769;58.51072692871094;20.300025939941406;235.0;541.0
;;5.980000284034759;58.550331115722656;20.30007553100586;221.0;545.0
;;5.984000284224749;58.59095001220703;20.299972534179688;209.0;541.0
;;5.988000284414738;58.62989044189453;20.300048828125;228.0;544.0
;;5.992000284604728;58.67042541503906;20.300071716308594;232.0;548.0
;;5.996000284794718;58.710479736328125;20.29998016357422;215.0;561.0
;;6.000000284984708;58.750572204589844;20.300052642822266;223.0;540.0
;;6.004000285174698;58.79033660888672;20.30001449584961;201.0;544.0
;;6.008000285364687;58.82969665527344;20.29998779296875;211.0;553.0
;;6.012000285554677;58.8707275390625;20.300067901611328;216.0;542.0
;;6.016000285744667;58.91050720214844;20.300006866455078;196.0;567.0
;;6.020000285934657;58.950096130371094;20.299991607666016;218.0;554.0
;;6.024000286124647;58.990394592285156;20.300071716308594;201.0;557.0
;;6.0280002863146365;59.031341552734375;20.299983978271484;212.0;542.0
;;6.032000286504626;59.07060241699219;20.30001449584961;201.0;535.0
;;6.036000286694616;59.11058807373047;20.300037384033203;213.0;550.0
;;6.040000286884606;59.15061950683594;20.299991607666016;207.0;551.0
;;6.044000287074596;59.19110107421875;20.300006866455078;206.0;542.0
;;6.0480002872645855;59.231040954589844;20.300003051757812;199.0;564.0
;;6.052000287454575;59.271217346191406;20.300010681152344;189.0;556.0
;;6.056000287644565;59.31117248535156;20.300037384033203;205.0;552.0
;;6.060000287834555;59.350685119628906;20.299991607666016;188.0;557.0
;;6.064000288024545;59.390663146972656;20.300025939941406;198.0;545.0
;;6.0680002882145345;59.430885314941406;20.300037384033203;197.0;565.0
;;6.072000288404524;59.47046661376953;20.300006866455078;206.0;541.0
;;6.076000288594514;59.510162353515625;20.30004119873047;210.0;541.0
;;6.080000288784504;59.550254821777344;20.300025939941406;190.0;551.0
;;6.084000288974494;59.590354919433594;20.30002212524414;202.0;544.0
;;6.0880002891644835;59.630165100097656;20.300037384033203;185.0;535.0
;;6.092000289354473;59.66991424560547;20.30001449584961;167.0;551.0
;;6.096000289544463;59.70989227294922;20.300045013427734;172.0;546.0
;;6.100000289734453;59.750022888183594;20.300037384033203;172.0;534.0
;;6.104000289924443;59.78990936279297;20.30005645751953;160.0;545.0
;;6.108000290114433;59.8297119140625;20.30005645751953;175.0;556.0
;;6.112000290304422;59.869728088378906;20.300006866455078;160.0;557.0
;;6.116000290494412;59.90998840332031;20.300071716308594;175.0;553.0
;;6.120000290684402;59.95005798339844;20.300029754638672;161.0;553.0
;;6.124000290874392;59.99079132080078;20.30005645751953;167.0;539.0
;;6.128000291064382;60.031402587890625;20.300086975097656;177.0;556.0
;;6.132000291254371;60.07093811035156;20.300094604492188;152.0;532.0
;;6.136000291444361;60.1103515625;20.300128936767578;175.0;544.0
;;6.140000291634351;60.15107727050781;20.300086975097656;195.0;555.0
;;6.144000291824341;60.1900634765625;20.300113677978516;170.0;549.0
;;6.148000292014331;60.23088073730469;20.300106048583984;183.0;549.0
;;6.15200029220432;60.27095031738281;20.300113677978516;165.0;535.0
;;6.15600029239431;60.310523986816406;20.300125122070312;164.0;542.0
;;6.1600002925843;60.3505859375;20.30010986328125;184.0;551.0
;;6.16400029277429;60.39093017578125;20.300148010253906;178.0;535.0
;;6.16800029296428;60.43059539794922;20.300148010253906;146.0;534.0
;;6.1720002931542695;60.47001647949219;20.300125122070312;168.0;550.0
;;6.176000293344259;60.510101318359375;20.30014419555664;181.0;538.0
;;6.180000293534249;60.54998016357422;20.300128936767578;156.0;549.0
;;6.184000293724239;60.589942932128906;20.300155639648438;165.0;552.0
;;6.188000293914229;60.629539489746094;20.300155639648438;164.0;537.0
;;6.1920002941042185;60.66924285888672;20.30014419555664;157.0;543.0
;;6.196000294294208;60.70954895019531;20.300140380859375;176.0;552.0
;;6.200000294484198;60.75001525878906;20.300125122070312;148.0;532.0
;;6.204000294674188;60.79010772705078;20.30013656616211;163.0;554.0
;;6.208000294864178;60.82958984375;20.30010986328125;167.0;535.0
;;6.2120002950541675;60.869651794433594;20.30014419555664;155.0;538.0
;;6.216000295244157;60.91001892089844;20.300140380859375;158.0;541.0
;;6.220000295434147;60.95014953613281;20.300106048583984;169.0;540.0
;;6.224000295624137;60.989845275878906;20.300140380859375;182.0;531.0
;;6.228000295814127;61.02977752685547;20.300094604492188;150.0;533.0
;;6.2320002960041165;61.06941223144531;20.300113677978516;190.0;557.0
;;6.236000296194106;61.11048126220703;20.300151824951172;167.0;536.0
;;6.240000296384096;61.15077209472656;20.300094604492188;170.0;539.0
;;6.244000296574086;61.19062805175781;20.300121307373047;171.0;554.0
;;6.248000296764076;61.23066711425781;20.30011749267578;182.0;541.0
;;6.252000296954066;61.27070617675781;20.30004119873047;166.0;536.0
;;6.256000297144055;61.31053924560547;20.30013656616211;167.0;552.0
;;6.260000297334045;61.350425720214844;20.300060272216797;171.0;546.0
;;6.264000297524035;61.39012145996094;20.30004119873047;164.0;545.0
;;6.268000297714025;61.429931640625;20.300098419189453;184.0;550.0
;;6.272000297904015;61.469757080078125;20.300052642822266;197.0;543.0
;;6.276000298094004;61.51001739501953;20.300067901611328;183.0;550.0
;;6.280000298283994;61.549842834472656;20.300071716308594;179.0;546.0
;;6.284000298473984;61.58970642089844;20.300052642822266;183.0;545.0
;;6.288000298663974;61.62980651855469;20.30005645751953;190.0;559.0
;;6.292000298853964;61.67052459716797;20.30005645751953;172.0;564.0
;;6.296000299043953;61.709922790527344;20.300025939941406;163.0;526.0
;;6.300000299233943;61.74958038330078;20.300048828125;190.0;563.0
;;6.304000299423933;61.789451599121094;20.300052642822266;181.0;546.0
;;6.308000299613923;61.829078674316406;20.30001449584961;179.0;550.0
;;6.312000299803913;61.869239807128906;20.300060272216797;165.0;550.0
;;6.3160002999939024;61.909645080566406;20.300010681152344;185.0;552.0
;;6.320000300183892;61.950042724609375;20.300029754638672;169.0;549.0
;;6.324000300373882;61.98991394042969;20.300052642822266;199.0;546.0
;;6.328000300563872;62.02989959716797;20.29998779296875;201.0;537.0
;;6.332000300753862;62.07032012939453;20.30005645751953;181.0;545.0
;;6.3360003009438515;62.11060333251953;20.30002212524414;186.0;533.0
;;6.340000301133841;62.15039825439453;20.30002212524414;193.0;552.0
;;6.344000301323831;62.190269470214844;20.300060272216797;206.0;546.0
;;6.348000301513821;62.23041534423828;20.30001449584961;183.0;541.0
;;6.352000301703811;62.270538330078125;20.300006866455078;192.0;549.0
;;6.3560003018938005;62.310325622558594;20.30005645751953;202.0;551.0
;;6.36000030208379;62.34986114501953;20.300025939941406;191.0;549.0
;;6.36400030227378;62.390289306640625;20.300033569335938;193.0;546.0
;;6.36800030246377;62.43064880371094;20.300029754638672;192.0;536.0
;;6.37200030265376;62.470611572265625;20.300018310546875;197.0;561.0
;;6.3760003028437495;62.51033020019531;20.300025939941406;207.0;553.0
;;6.380000303033739;62.549949645996094;20.300037384033203;198.0;539.0
;;6.384000303223729;62.58985900878906;20.300033569335938;198.0;537.0
;;6.388000303413719;62.629852294921875;20.300029754638672;200.0;548.0
;;6.392000303603709;62.66474914550781;20.300037384033203;208.0;549.0
;;6.3960003037936985;62.70984649658203;20.300033569335938;196.0;549.0
;;6.400000303983688;62.74994659423828;20.300029754638672;193.0;543.0
;;6.404000304173678;62.79052734375;20.300033569335938;198.0;553.0
;;6.408000304363668;62.82976531982422;20.300033569335938;202.0;556.0
;;6.412000304553658;62.870025634765625;20.300033569335938;203.0;543.0
;;6.416000304743648;62.91291809082031;20.300033569335938;188.0;541.0
;;6.420000304933637;62.949981689453125;20.300033569335938;213.0;554.0
;;6.424000305123627;62.99236297607422;20.300037384033203;211.0;550.0
;;6.428000305313617;63.032859802246094;20.300033569335938;191.0;539.0
;;6.432000305503607;63.07300567626953;20.30002212524414;197.0;539.0
;;6.436000305693597;63.11308288574219;20.300045013427734;196.0;536.0
;;6.440000305883586;63.15306091308594;20.30002212524414;197.0;542.0
;;6.444000306073576;63.193145751953125;20.300033569335938;208.0;541.0
;;6.448000306263566;63.23346710205078;20.300010681152344;179.0;562.0
;;6.452000306453556;63.27372741699219;20.300025939941406;190.0;537.0
;;6.456000306643546;63.31233215332031;20.300060272216797;177.0;553.0
;;6.460000306833535;63.35301208496094;20.300006866455078;208.0;559.0
;;6.464000307023525;63.39302062988281;20.300052642822266;180.0;543.0
;;6.468000307213515;63.43274688720703;20.300025939941406;205.0;534.0
;;6.472000307403505;63.47338104248047;20.300037384033203;183.0;544.0
;;6.476000307593495;63.51313018798828;20.300052642822266;181.0;560.0
;;6.4800003077834845;63.55207824707031;20.300018310546875;193.0;544.0
;;6.484000307973474;63.592498779296875;20.30007553100586;196.0;547.0
;;6.488000308163464;63.63282775878906;20.300025939941406;190.0;552.0
;;6.492000308353454;63.672447204589844;20.30002212524414;190.0;550.0
;;6.496000308543444;63.71227264404297;20.30010986328125;186.0;540.0
;;6.5000003087334335;63.752349853515625;20.300006866455078;169.0;540.0
;;6.504000308923423;63.79302978515625;20.300079345703125;189.0;555.0
;;6.508000309113413;63.83203125;20.30010223388672;174.0;536.0
;;6.512000309303403;63.87248992919922;20.29999542236328;183.0;536.0
;;6.516000309493393;63.91297912597656;20.300045013427734;166.0;550.0
;;6.5200003096833825;63.9525146484375;20.30013656616211;177.0;556.0
;;6.524000309873372;63.99261474609375;20.299991607666016;169.0;542.0
;;6.528000310063362;64.03272247314453;20.30002212524414;169.0;535.0
;;6.532000310253352;64.07270812988281;20.300113677978516;168.0;557.0
;;6.536000310443342;64.11248779296875;20.299999237060547;178.0;542.0
;;6.5400003106333315;64.15255737304688;20.300052642822266;165.0;554.0
;;6.544000310823321;64.1927490234375;20.30010986328125;171.0;542.0
;;6.548000311013311;64.23323822021484;20.299991607666016;151.0;557.0
;;6.552000311203301;64.27066802978516;20.300060272216797;148.0;545.0
;;6.556000311393291;64.312744140625;20.300106048583984;159.0;547.0
;;6.560000311583281;64.35238647460938;20.299991607666016;165.0;548.0
;;6.56400031177327;64.3923568725586;20.300067901611328;160.0;526.0
;;6.56800031196326;64.43266296386719;20.300086975097656;141.0;539.0
;;6.57200031215325;64.47258758544922;20.29999542236328;158.0;543.0
;;6.57600031234324;64.51214599609375;20.30008316040039;172.0;555.0
;;6.58000031253323;64.55241394042969;20.300067901611328;156.0;550.0
;;6.584000312723219;64.59234619140625;20.300006866455078;163.0;552.0
;;6.588000312913209;64.63249206542969;20.300106048583984;158.0;555.0
;;6.592000313103199;64.67205047607422;20.299999237060547;149.0;553.0
;;6.596000313293189;64.71186828613281;20.30002212524414;162.0;542.0
;;6.600000313483179;64.75135803222656;20.30010986328125;144.0;556.0
;;6.604000313673168;64.79176330566406;20.300010681152344;132.0;555.0
;;6.608000313863158;64.83221435546875;20.300037384033203;124.0;533.0
;;6.612000314053148;64.87187957763672;20.300121307373047;150.0;538.0
;;6.616000314243138;64.91165924072266;20.29998016357422;148.0;549.0
;;6.620000314433128;64.95204162597656;20.30008316040039;144.0;534.0
;;6.6240003146231174;64.9924545288086;20.300125122070312;133.0;539.0
;;6.628000314813107;65.03253936767578;20.29998779296875;149.0;546.0
;;6.632000315003097;65.0723648071289;20.30010223388672;147.0;531.0
;;6.636000315193087;65.1124038696289;20.300125122070312;148.0;543.0
;;6.640000315383077;65.15245056152344;20.299968719482422;145.0;548.0
;;6.6440003155730665;65.1926498413086;20.300052642822266;131.0;535.0
;;6.648000315763056;65.2328109741211;20.30010223388672;153.0;548.0
;;6.652000315953046;65.2729721069336;20.300037384033203;144.0;552.0
;;6.656000316143036;65.31280517578125;20.30008316040039;133.0;559.0
;;6.660000316333026;65.35254669189453;20.300094604492188;153.0;549.0
;;6.6640003165230155;65.3929672241211;20.299949645996094;145.0;561.0
;;6.668000316713005;65.43277740478516;20.300140380859375;134.0;536.0
;;6.672000316902995;65.47234344482422;20.300098419189453;143.0;551.0
;;6.676000317092985;65.51225280761719;20.299945831298828;122.0;548.0
;;6.680000317282975;65.55205535888672;20.300098419189453;149.0;537.0
;;6.6840003174729645;65.5915756225586;20.30005645751953;147.0;538.0
;;6.688000317662954;65.63150024414062;20.30002212524414;130.0;546.0
;;6.692000317852944;65.67201232910156;20.300125122070312;148.0;555.0
;;6.696000318042934;65.71147155761719;20.300094604492188;143.0;555.0
;;6.700000318232924;65.7518310546875;20.300025939941406;146.0;547.0
;;6.7040003184229136;65.79228973388672;20.30002212524414;150.0;546.0
;;6.708000318612903;65.832275390625;20.30001449584961;148.0;551.0
;;6.712000318802893;65.87167358398438;20.299976348876953;150.0;549.0
;;6.716000318992883;65.91102600097656;20.300003051757812;162.0;551.0
;;6.720000319182873;65.95208740234375;20.300018310546875;171.0;563.0
;;6.724000319372863;65.99250030517578;20.29993438720703;144.0;543.0
;;6.728000319562852;66.03128814697266;20.299991607666016;131.0;558.0
;;6.732000319752842;66.07171630859375;20.299999237060547;172.0;539.0
;;6.736000319942832;66.112548828125;20.299968719482422;157.0;542.0
;;6.740000320132822;66.15258026123047;20.299991607666016;153.0;550.0
;;6.744000320322812;66.19271850585938;20.299968719482422;174.0;541.0
;;6.748000320512801;66.23283386230469;20.30002212524414;156.0;538.0
;;6.752000320702791;66.27266693115234;20.299999237060547;144.0;546.0
;;6.756000320892781;66.31237030029297;20.29998016357422;155.0;552.0
;;6.760000321082771;66.35227966308594;20.300052642822266;195.0;541.0
;;6.764000321272761;66.3919677734375;20.299991607666016;168.0;544.0
;;6.76800032146275;66.43168640136719;20.300003051757812;146.0;541.0
;;6.77200032165274;66.47148895263672;20.300067901611328;170.0;549.0
;;6.77600032184273;66.51165771484375;20.29999542236328;163.0;553.0
;;6.78000032203272;66.55260467529297;20.30004119873047;176.0;546.0
;;6.78400032222271;66.59182739257812;20.300052642822266;177.0;544.0
;;6.7880003224126995;66.6313705444336;20.300006866455078;187.0;549.0
;;6.792000322602689;66.67156219482422;20.300052642822266;175.0;535.0
;;6.796000322792679;66.71162414550781;20.300060272216797;168.0;553.0
;;6.800000322982669;66.75155639648438;20.30002212524414;184.0;559.0
;;6.804000323172659;66.79119873046875;20.300090789794922;183.0;552.0
;;6.8080003233626485;66.83098602294922;20.30008316040039;193.0;541.0
;;6.812000323552638;66.87102508544922;20.300094604492188;188.0;543.0
;;6.816000323742628;66.9112777709961;20.300125122070312;203.0;541.0
;;6.820000323932618;66.95137023925781;20.30008316040039;186.0;557.0
;;6.824000324122608;66.99140930175781;20.30008316040039;188.0;548.0
;;6.8280003243125975;67.0319595336914;20.300132751464844;197.0;549.0
;;6.832000324502587;67.07173919677734;20.300094604492188;170.0;554.0
;;6.836000324692577;67.11214447021484;20.300094604492188;209.0;547.0
;;6.840000324882567;67.15178680419922;20.300125122070312;176.0;536.0
;;6.844000325072557;67.19094848632812;20.300079345703125;191.0;550.0
;;6.8480003252625465;67.23187255859375;20.300125122070312;191.0;548.0
;;6.852000325452536;67.27245330810547;20.300167083740234;190.0;534.0
;;6.856000325642526;67.31193542480469;20.300094604492188;192.0;550.0
;;6.860000325832516;67.35183715820312;20.300159454345703;205.0;541.0
;;6.864000326022506;67.39188385009766;20.300090789794922;201.0;545.0
;;6.868000326212496;67.43208312988281;20.30010986328125;204.0;558.0
;;6.872000326402485;67.47222137451172;20.300155639648438;206.0;551.0
;;6.876000326592475;67.51194763183594;20.300071716308594;208.0;547.0
;;6.880000326782465;67.5514907836914;20.30013656616211;219.0;539.0
;;6.884000326972455;67.59142303466797;20.300155639648438;210.0;539.0
;;6.888000327162445;67.6314468383789;20.300067901611328;204.0;542.0
;;6.892000327352434;67.67134094238281;20.300128936767578;205.0;555.0
;;6.896000327542424;67.7114486694336;20.300094604492188;200.0;542.0
;;6.900000327732414;67.75138854980469;20.300071716308594;211.0;550.0
;;6.904000327922404;67.79170227050781;20.30011749267578;206.0;543.0
;;6.908000328112394;67.83100128173828;20.30008316040039;217.0;556.0
;;6.912000328302383;67.87157440185547;20.300045013427734;205.0;530.0
;;6.916000328492373;67.9117660522461;20.300113677978516;216.0;547.0
;;6.920000328682363;67.9512939453125;20.300033569335938;213.0;540.0
;;6.924000328872353;67.9913330078125;20.30008316040039;217.0;537.0
;;6.928000329062343;68.03170013427734;20.300121307373047;206.0;544.0
;;6.9320003292523324;68.07183837890625;20.300025939941406;214.0;537.0
;;6.936000329442322;68.11196899414062;20.300086975097656;216.0;542.0
;;6.940000329632312;68.15177154541016;20.300079345703125;212.0;540.0
;;6.944000329822302;68.1917953491211;20.30002212524414;217.0;543.0
;;6.948000330012292;68.23224639892578;20.300067901611328;220.0;548.0
;;6.9520003302022815;68.27240753173828;20.300060272216797;207.0;537.0
;;6.956000330392271;68.3119125366211;20.300025939941406;206.0;544.0
;;6.960000330582261;68.35152435302734;20.300067901611328;227.0;545.0
;;6.964000330772251;68.39168548583984;20.30004119873047;201.0;535.0
;;6.968000330962241;68.4317855834961;20.300048828125;212.0;551.0
;;6.9720003311522305;68.47185516357422;20.300052642822266;219.0;538.0
;;6.97600033134222;68.51127624511719;20.300033569335938;216.0;559.0
;;6.98000033153221;68.5512924194336;20.300052642822266;214.0;551.0
;;6.9840003317222;68.5910415649414;20.300010681152344;213.0;539.0
;;6.98800033191219;68.6312484741211;20.300006866455078;214.0;546.0
;;6.9920003321021795;68.67110443115234;20.30004119873047;200.0;529.0
;;6.996000332292169;68.7108154296875;20.300037384033203;227.0;542.0
;;7.000000332482159;68.75091552734375;20.30002212524414;211.0;547.0
;;7.004000332672149;68.79094696044922;20.300037384033203;185.0;545.0
;;7.008000332862139;68.83086395263672;20.300045013427734;207.0;534.0
;;7.0120003330521286;68.8709945678711;20.300052642822266;208.0;531.0
;;7.016000333242118;68.91091918945312;20.300045013427734;214.0;547.0
;;7.020000333432108;68.95060729980469;20.30002212524414;211.0;560.0
;;7.024000333622098;68.98396301269531;20.300045013427734;145.0;554.0
;;7.028000333812088;69.00640106201172;20.300029754638672;171.0;543.0
;;7.032000334002078;69.02234649658203;20.30002212524414;196.0;532.0
;;7.036000334192067;69.03852844238281;20.300033569335938;220.0;538.0
;;7.040000334382057;69.05332946777344;20.30004119873047;204.0;550.0
;;7.044000334572047;69.06547546386719;20.300029754638672;206.0;556.0
;;7.048000334762037;69.07579040527344;20.300029754638672;197.0;532.0
;;7.052000334952027;69.08454895019531;20.300048828125;216.0;546.0
;;7.056000335142016;69.09196472167969;20.300025939941406;194.0;544.0
;;7.060000335332006;69.09809875488281;20.300037384033203;190.0;547.0
;;7.064000335521996;69.10304260253906;20.300033569335938;195.0;545.0
;;7.068000335711986;69.10669708251953;20.300033569335938;201.0;551.0
;;7.072000335901976;69.10929107666016;20.300037384033203;194.0;548.0
;;7.076000336091965;69.1111068725586;20.300060272216797;180.0;526.0
;;7.080000336281955;69.1122055053711;20.300045013427734;175.0;551.0
;;7.084000336471945;69.11256408691406;20.30004119873047;185.0;549.0
;;7.088000336661935;69.11221313476562;20.300045013427734;164.0;532.0
;;7.092000336851925;69.111572265625;20.300045013427734;164.0;537.0
;;7.0960003370419145;69.11077880859375;20.30005645751953;154.0;544.0
;;7.100000337231904;69.10977172851562;20.300045013427734;135.0;534.0
;;7.104000337421894;69.1082992553711;20.300045013427734;109.0;540.0
;;7.108000337611884;69.10661315917969;20.300045013427734;87.0;553.0
;;7.112000337801874;69.10470581054688;20.300045013427734;45.0;554.0
;;7.1160003379918635;69.10236358642578;20.300045013427734;7.0;538.0
;;7.120000338181853;69.09986877441406;20.300033569335938;-31.0;543.0
;;7.124000338371843;69.09712219238281;20.300052642822266;-57.0;548.0
;;7.128000338561833;69.09402465820312;20.300029754638672;-99.0;544.0
;;7.132000338751823;69.09065246582031;20.300048828125;-134.0;559.0
;;7.1360003389418125;69.08686065673828;20.30004119873047;-174.0;563.0
;;7.140000339131802;69.08283233642578;20.300033569335938;-225.0;563.0
;;7.144000339321792;69.0784912109375;20.300048828125;-271.0;550.0
;;7.148000339511782;69.07372283935547;20.300018310546875;-319.0;547.0
;;7.152000339701772;69.06858825683594;20.300045013427734;-353.0;536.0
;;7.1560003398917615;69.06307220458984;20.300064086914062;-403.0;552.0
;;7.160000340081751;69.05719757080078;20.300006866455078;-445.0;546.0
;;7.164000340271741;69.05116271972656;20.30008316040039;-477.0;542.0
;;7.168000340461731;69.04570770263672;20.300003051757812;-503.0;531.0
;;7.172000340651721;69.04059600830078;20.30002212524414;-528.0;540.0
;;7.176000340841711;69.03572845458984;20.300106048583984;-536.0;541.0
;;7.1800003410317;69.03119659423828;20.299991607666016;-550.0;547.0
;;7.18400034122169;69.02704620361328;20.300067901611328;-562.0;527.0
;;7.18800034141168;69.02320098876953;20.30007553100586;-564.0;557.0
;;7.19200034160167;69.01962280273438;20.299991607666016;-575.0;539.0
;;7.19600034179166;69.01636505126953;20.300037384033203;-570.0;541.0
;;7.200000341981649;69.01347351074219;20.30010223388672;-580.0;541.0
;;7.204000342171639;69.01083374023438;20.299938201904297;-577.0;549.0
;;7.208000342361629;69.00846099853516;20.300037384033203;-591.0;529.0
;;7.212000342551619;69.00635528564453;20.300067901611328;-581.0;537.0
;;7.216000342741609;69.0046157836914;20.299991607666016;-563.0;540.0
;;7.220000342931598;69.0031967163086;20.30004119873047;-563.0;554.0
;;7.224000343121588;69.0020751953125;20.300064086914062;-590.0;560.0
;;7.228000343311578;69.0011978149414;20.299983978271484;-577.0;542.0
;;7.232000343501568;69.00089263916016;20.300045013427734;-577.0;564.0
;;7.236000343691558;69.00076293945312;20.300094604492188;-550.0;533.0
;;7.2400003438815475;69.00048828125;20.299964904785156;-566.0;543.0
;;7.244000344071537;69.00038146972656;20.300060272216797;-555.0;534.0
;;7.248000344261527;69.00041198730469;20.300090789794922;-553.0;539.0
;;7.252000344451517;69.00027465820312;20.299945831298828;-561.0;552.0
;;7.256000344641507;69.00025939941406;20.30008316040039;-546.0;536.0
;;7.2600003448314965;69.000244140625;20.300071716308594;-532.0;551.0
;;7.264000345021486;69.00016021728516;20.299945831298828;-538.0;544.0
;;7.268000345211476;69.00017547607422;20.30011749267578;-546.0;558.0
;;7.272000345401466;69.00015258789062;20.300067901611328;-533.0;550.0
;;7.276000345591456;69.00015258789062;20.29999542236328;-536.0;563.0
;;7.2800003457814455;69.00012969970703;20.30007553100586;-524.0;546.0
;;7.284000345971435;69.00006103515625;20.300048828125;-541.0;557.0
;;7.288000346161425;69.00013732910156;20.30002212524414;-525.0;540.0
;;7.292000346351415;69.00006103515625;20.300048828125;-538.0;543.0
;;7.296000346541405;69.00007629394531;20.300045013427734;-518.0;532.0
;;7.3000003467313945;69.00009155273438;20.300037384033203;-527.0;546.0
;;7.304000346921384;69.0000228881836;20.300048828125;-517.0;538.0
;;7.308000347111374;69.0000991821289;20.300010681152344;-528.0;549.0
;;7.312000347301364;69.00001525878906;20.30005645751953;-525.0;526.0
;;7.316000347491354;69.00004577636719;20.30004119873047;-520.0;550.0
;;7.3200003476813436;69.00004577636719;20.29999542236328;-538.0;556.0
;;7.324000347871333;68.99998474121094;20.300060272216797;-531.0;554.0
;;7.328000348061323;69.0000991821289;20.300010681152344;-529.0;548.0
;;7.332000348251313;68.99999237060547;20.300025939941406;-503.0;541.0
;;7.336000348441303;69.00003051757812;20.300079345703125;-513.0;539.0
;;7.340000348631293;69.00008392333984;20.299976348876953;-517.0;540.0
;;7.344000348821282;68.9999771118164;20.300052642822266;-524.0;549.0
;;7.348000349011272;69.0000991821289;20.300060272216797;-512.0;549.0
;;7.352000349201262;69.00000762939453;20.299972534179688;-514.0;551.0
;;7.356000349391252;69.00007629394531;20.300067901611328;-514.0;546.0
;;7.360000349581242;69.0001220703125;20.30004119873047;-509.0;540.0
;;7.364000349771231;69.00001525878906;20.299964904785156;-521.0;537.0
;;7.368000349961221;69.00015258789062;20.30007553100586;-518.0;546.0
;;7.372000350151211;69.00006866455078;20.299999237060547;-510.0;549.0
;;7.376000350341201;69.00010681152344;20.299999237060547;-505.0;549.0
;;7.380000350531191;69.00015258789062;20.300071716308594;-511.0;546.0
;;7.38400035072118;69.00006866455078;20.299976348876953;-516.0;538.0
;;7.38800035091117;69.00019073486328;20.300003051757812;-496.0;544.0
;;7.39200035110116;69.00016021728516;20.300064086914062;-509.0;535.0
;;7.39600035129115;69.00012969970703;20.29998779296875;-520.0;536.0
;;7.40000035148114;69.0002212524414;20.300052642822266;-502.0;552.0
;;7.4040003516711295;69.00012969970703;20.300045013427734;-510.0;560.0
;;7.408000351861119;69.0002212524414;20.299972534179688;-527.0;547.0
;;7.412000352051109;69.000244140625;20.30005645751953;-501.0;542.0
;;7.416000352241099;69.00017547607422;20.300052642822266;-510.0;545.0
;;7.420000352431089;69.00025939941406;20.30001449584961;-517.0;548.0
;;7.4240003526210785;69.00019073486328;20.30004119873047;-515.0;559.0
;;7.428000352811068;69.00021362304688;20.300037384033203;-514.0;542.0
;;7.432000353001058;69.0002670288086;20.300037384033203;-510.0;548.0
;;7.436000353191048;69.00018310546875;20.300094604492188;-503.0;547.0
;;7.440000353381038;69.00030517578125;20.300006866455078;-505.0;542.0
;;7.4440003535710275;69.00023651123047;20.300071716308594;-500.0;543.0
;;7.448000353761017;69.00025177001953;20.300071716308594;-507.0;541.0
;;7.452000353951007;69.00031280517578;20.300037384033203;-492.0;536.0
;;7.456000354140997;69.00020599365234;20.300071716308594;-499.0;545.0
;;7.460000354330987;69.00032043457031;20.300037384033203;-500.0;538.0
;;7.4640003545209765;69.00023651123047;20.300048828125;-515.0;537.0
;;7.468000354710966;69.00025939941406;20.300094604492188;-516.0;538.0
;;7.472000354900956;69.00030517578125;20.30002212524414;-513.0;556.0
;;7.476000355090946;69.00020599365234;20.300106048583984;-503.0;551.0
;;7.480000355280936;69.00032806396484;20.300128936767578;-503.0;542.0
;;7.484000355470926;69.0002212524414;20.30008316040039;-500.0;552.0
;;7.488000355660915;69.000244140625;20.300121307373047;-507.0;534.0
;;7.492000355850905;69.0002670288086;20.300125122070312;-503.0;547.0
;;7.496000356040895;69.00019836425781;20.300106048583984;-512.0;555.0
;;7.500000356230885;69.00028991699219;20.300140380859375;-500.0;541.0
;;7.504000356420875;69.00022888183594;20.300125122070312;-488.0;549.0
;;7.508000356610864;69.00016784667969;20.30010986328125;-502.0;541.0
;;7.512000356800854;69.00030517578125;20.300167083740234;-487.0;540.0
;;7.516000356990844;69.00006866455078;20.300125122070312;-510.0;550.0
;;7.520000357180834;69.0000991821289;20.30010986328125;-509.0;548.0
;;7.524000357370824;69.000244140625;20.30016326904297;-506.0;550.0
;;7.528000357560813;69.0001449584961;20.300125122070312;-508.0;541.0
;;7.532000357750803;69.00018310546875;20.300140380859375;-513.0;557.0
;;7.536000357940793;69.0002212524414;20.300167083740234;-500.0;539.0
;;7.540000358130783;69.00012969970703;20.300094604492188;-498.0;545.0
;;7.544000358320773;69.00021362304688;20.300140380859375;-497.0;535.0
;;7.5480003585107625;69.00022888183594;20.300140380859375;-498.0;552.0
;;7.552000358700752;69.00005340576172;20.300086975097656;-501.0;537.0
;;7.556000358890742;69.0002212524414;20.300140380859375;-507.0;529.0
;;7.560000359080732;69.00006866455078;20.30010986328125;-483.0;529.0
;;7.564000359270722;69.00016021728516;20.300090789794922;-495.0;554.0
;;7.5680003594607115;69.00003814697266;20.30014419555664;-504.0;540.0
;;7.572000359650701;69.0001220703125;20.300086975097656;-499.0;546.0
;;7.576000359840691;69.00006866455078;20.300121307373047;-497.0;532.0
;;7.580000360030681;69.00011444091797;20.300128936767578;-507.0;559.0
;;7.584000360220671;69.00010681152344;20.300060272216797;-492.0;555.0
;;7.5880003604106605;69.0000991821289;20.30008316040039;-501.0;532.0
;;7.59200036060065;69.00012969970703;20.300098419189453;-489.0;554.0
;;7.59600036079064;69.0000991821289;20.300067901611328;-479.0;548.0
;;7.60000036098063;69.0000991821289;20.300067901611328;-499.0;537.0
;;7.60400036117062;69.00017547607422;20.300071716308594;-485.0;552.0
;;7.6080003613606095;69.00008392333984;20.300071716308594;-489.0;528.0
;;7.612000361550599;69.00016021728516;20.30008316040039;-498.0;558.0
;;7.616000361740589;69.00016021728516;20.300052642822266;-493.0;549.0
;;7.620000361930579;69.00016021728516;20.300090789794922;-500.0;541.0
;;7.624000362120569;69.00016021728516;20.300045013427734;-495.0;536.0
;;7.628000362310559;69.00012969970703;20.30004119873047;-495.0;551.0
;;7.632000362500548;69.0001449584961;20.30008316040039;-501.0;545.0
;;7.636000362690538;69.00012969970703;20.300037384033203;-491.0;541.0
;;7.640000362880528;69.00016784667969;20.300064086914062;-494.0;547.0
;;7.644000363070518;69.00015258789062;20.300052642822266;-500.0;545.0
;;7.648000363260508;69.00016784667969;20.300052642822266;-488.0;542.0
;;7.652000363450497;69.00015258789062;20.300052642822266;-500.0;539.0
;;7.656000363640487;69.00016021728516;20.300060272216797;-494.0;536.0
;;7.660000363830477;69.00016021728516;20.300048828125;-497.0;550.0
;;7.664000364020467;69.00015258789062;20.300060272216797;-489.0;536.0
;;7.668000364210457;69.00016784667969;20.300048828125;-501.0;541.0
;;7.672000364400446;69.00016021728516;20.300006866455078;-495.0;545.0
;;7.676000364590436;69.00016021728516;20.300098419189453;-496.0;541.0
;;7.680000364780426;69.00016784667969;20.30001449584961;-497.0;544.0
;;7.684000364970416;69.00016021728516;20.30002212524414;-483.0;531.0
;;7.688000365160406;69.00016021728516;20.300098419189453;-501.0;532.0
;;7.692000365350395;69.00016021728516;20.29999542236328;-477.0;542.0
;;7.696000365540385;69.00017547607422;20.300052642822266;-486.0;540.0
;;7.700000365730375;69.00017547607422;20.300086975097656;-485.0;552.0
;;7.704000365920365;69.00016021728516;20.29999542236328;-475.0;548.0
;;7.708000366110355;69.00019073486328;20.300094604492188;-505.0;542.0
;;7.7120003663003445;69.00016021728516;20.30010986328125;-486.0;534.0
;;7.716000366490334;69.00018310546875;20.300025939941406;-486.0;562.0
;;7.720000366680324;69.00015258789062;20.300094604492188;-491.0;539.0
;;7.724000366870314;69.00015258789062;20.300094604492188;-495.0;539.0
;;7.728000367060304;69.00019073486328;20.30002212524414;-488.0;541.0
;;7.7320003672502935;69.00012969970703;20.30010986328125;-493.0;534.0
;;7.736000367440283;69.00018310546875;20.30010986328125;-489.0;539.0
;;7.740000367630273;69.00019836425781;20.299972534179688;-495.0;543.0
;;7.744000367820263;69.00011444091797;20.30010223388672;-488.0;530.0
;;7.748000368010253;69.0002212524414;20.300064086914062;-486.0;541.0
;;7.7520003682002425;69.00019073486328;20.29998016357422;-481.0;541.0
;;7.756000368390232;69.00016021728516;20.30008316040039;-488.0;550.0
;;7.760000368580222;69.00025177001953;20.300052642822266;-486.0;539.0
;;7.764000368770212;69.00013732910156;20.29998016357422;-482.0;533.0
;;7.768000368960202;69.00019836425781;20.300090789794922;-502.0;545.0
;;7.7720003691501915;69.00022888183594;20.300033569335938;-497.0;551.0
;;7.776000369340181;69.00012969970703;20.29999542236328;-490.0;538.0
;;7.780000369530171;69.00028228759766;20.30008316040039;-485.0;539.0
;;7.784000369720161;69.00016784667969;20.299999237060547;-498.0;526.0
;;7.788000369910151;69.00019073486328;20.300010681152344;-496.0;524.0
;;7.792000370100141;69.00027465820312;20.300067901611328;-475.0;543.0
;;7.79600037029013;69.0000991821289;20.299999237060547;-491.0;567.0
;;7.80000037048012;69.00021362304688;20.300006866455078;-505.0;542.0
;;7.80400037067011;69.00025177001953;20.30002212524414;-487.0;535.0
;;7.8080003708601;69.00016021728516;20.300006866455078;-487.0;532.0
;;7.81200037105009;69.00025939941406;20.30002212524414;-483.0;559.0
;;7.816000371240079;69.00022888183594;20.29999542236328;-497.0;536.0
;;7.820000371430069;69.0002212524414;20.300018310546875;-496.0;561.0
;;7.824000371620059;69.00025177001953;20.300037384033203;-476.0;550.0
;;7.828000371810049;69.0002212524414;20.29996109008789;-500.0;552.0
;;7.832000372000039;69.00025177001953;20.300052642822266;-476.0;542.0
;;7.836000372190028;69.000244140625;20.299991607666016;-482.0;547.0
;;7.840000372380018;69.0002212524414;20.299991607666016;-483.0;537.0
;;7.844000372570008;69.00033569335938;20.300052642822266;-495.0;549.0
;;7.848000372759998;69.00023651123047;20.299949645996094;-476.0;535.0
;;7.852000372949988;69.0002212524414;20.300037384033203;-496.0;545.0
;;7.8560003731399775;69.00028228759766;20.300052642822266;-495.0;560.0
;;7.860000373329967;69.00019073486328;20.299957275390625;-485.0;546.0
;;7.864000373519957;69.00030517578125;20.30005645751953;-482.0;536.0
;;7.868000373709947;69.0002670288086;20.300045013427734;-478.0;548.0
;;7.872000373899937;69.00023651123047;20.299949645996094;-493.0;536.0
;;7.8760003740899265;69.00033569335938;20.300067901611328;-496.0;534.0
;;7.880000374279916;69.00017547607422;20.300048828125;-492.0;550.0
;;7.884000374469906;69.0002670288086;20.299949645996094;-495.0;543.0
;;7.888000374659896;69.0002670288086;20.300094604492188;-511.0;561.0
;;7.892000374849886;69.00018310546875;20.300037384033203;-503.0;538.0
;;7.8960003750398755;69.00022888183594;20.299957275390625;-489.0;542.0
;;7.900000375229865;69.00019836425781;20.30010986328125;-483.0;562.0
;;7.904000375419855;69.00018310546875;20.30004119873047;-509.0;548.0
;;7.908000375609845;69.00025939941406;20.29999542236328;-493.0;546.0
;;7.912000375799835;69.0001449584961;20.300098419189453;-492.0;544.0
;;7.9160003759898245;69.00019836425781;20.300037384033203;-495.0;531.0
;;7.920000376179814;69.00019836425781;20.30002212524414;-477.0;555.0
;;7.924000376369804;69.00012969970703;20.30010986328125;-495.0;543.0
;;7.928000376559794;69.0007553100586;20.300010681152344;-483.0;545.0
;;7.932000376749784;69.00664520263672;20.300048828125;-314.0;537.0
;;7.936000376939774;69.02354431152344;20.30010223388672;-70.0;539.0
;;7.940000377129763;69.0508804321289;20.29999542236328;156.0;538.0
;;7.944000377319753;69.08715057373047;20.300064086914062;291.0;542.0
;;7.948000377509743;69.13129425048828;20.30005645751953;302.0;540.0
;;7.952000377699733;69.17879486083984;20.300006866455078;245.0;535.0
;;7.956000377889723;69.22279357910156;20.30008316040039;179.0;554.0
;;7.960000378079712;69.2651138305664;20.30005645751953;191.0;542.0
;;7.964000378269702;69.30731201171875;20.299991607666016;219.0;560.0
;;7.968000378459692;69.35015106201172;20.300064086914062;201.0;538.0
;;7.972000378649682;69.39232635498047;20.300033569335938;170.0;538.0
;;7.976000378839672;69.43446350097656;20.300025939941406;193.0;553.0
;;7.980000379029661;69.47592163085938;20.300048828125;186.0;541.0
;;7.984000379219651;69.51712799072266;20.300033569335938;191.0;542.0
;;7.988000379409641;69.55867004394531;20.300033569335938;164.0;551.0
;;7.992000379599631;69.60014343261719;20.300033569335938;181.0;545.0
;;7.996000379789621;69.6409683227539;20.300033569335938;170.0;556.0
;;8.00000037997961;69.68135070800781;20.300033569335938;181.0;555.0
;;8.0040003801696;69.72171783447266;20.300029754638672;172.0;550.0
;;8.00800038035959;69.7625732421875;20.300025939941406;167.0;559.0
;;8.01200038054958;69.80317687988281;20.300018310546875;165.0;558.0
;;8.01600038073957;69.8436279296875;20.300037384033203;170.0;553.0
;;8.02000038092956;69.88402557373047;20.300018310546875;172.0;550.0
;;8.02400038111955;69.92436981201172;20.300018310546875;189.0;544.0
;;8.028000381309539;69.96487426757812;20.300003051757812;170.0;541.0
;;8.032000381499529;70.00570678710938;20.300006866455078;161.0;540.0
;;8.036000381689519;70.04603576660156;20.300018310546875;161.0;546.0
;;8.040000381879508;70.08602142333984;20.300010681152344;173.0;552.0
;;8.044000382069498;70.12657928466797;20.299999237060547;161.0;541.0
;;8.048000382259488;70.16669464111328;20.300029754638672;167.0;550.0
;;8.052000382449478;70.20720672607422;20.299976348876953;177.0;555.0
;;8.056000382639468;70.24663543701172;20.300029754638672;159.0;541.0
;;8.060000382829458;70.28765869140625;20.30002212524414;151.0;542.0
;;8.064000383019447;70.32711791992188;20.299983978271484;159.0;549.0
;;8.068000383209437;70.36740112304688;20.300010681152344;176.0;554.0
;;8.072000383399427;70.4076919555664;20.30001449584961;158.0;551.0
;;8.076000383589417;70.44677734375;20.29998779296875;169.0;538.0
;;8.080000383779407;70.48804473876953;20.300037384033203;167.0;530.0
;;8.084000383969396;70.52729797363281;20.30002212524414;148.0;543.0
;;8.088000384159386;70.56694030761719;20.300003051757812;176.0;547.0
;;8.092000384349376;70.60704040527344;20.300037384033203;165.0;547.0
;;8.096000384539366;70.6446762084961;20.300025939941406;151.0;548.0
;;8.100000384729356;70.68427276611328;20.300010681152344;155.0;536.0
;;8.104000384919345;70.72447967529297;20.300064086914062;179.0;547.0
;;8.108000385109335;70.76761627197266;20.300010681152344;182.0;531.0
;;8.112000385299325;70.80748748779297;20.30005645751953;170.0;540.0
;;8.116000385489315;70.84716796875;20.300064086914062;175.0;554.0
;;8.120000385679305;70.8874740600586;20.300033569335938;186.0;553.0
;;8.124000385869294;70.92787170410156;20.300060272216797;171.0;552.0
;;8.128000386059284;70.96786499023438;20.30004119873047;173.0;545.0
;;8.132000386249274;71.00760650634766;20.30002212524414;183.0;536.0
;;8.136000386439264;71.04745483398438;20.30008316040039;191.0;558.0
;;8.140000386629254;71.08779907226562;20.300064086914062;184.0;541.0
;;8.144000386819243;71.12762451171875;20.300064086914062;171.0;547.0
;;8.148000387009233;71.16876220703125;20.300106048583984;179.0;541.0
;;8.152000387199223;71.20880889892578;20.300094604492188;164.0;534.0
;;8.156000387389213;71.24846649169922;20.300098419189453;199.0;535.0
;;8.160000387579203;71.28832244873047;20.300106048583984;186.0;569.0
;;8.164000387769192;71.32865142822266;20.300086975097656;178.0;541.0
;;8.168000387959182;71.36792755126953;20.300159454345703;201.0;548.0
;;8.172000388149172;71.4076919555664;20.300125122070312;208.0;549.0
;;8.176000388339162;71.44781494140625;20.300121307373047;193.0;556.0
;;8.180000388529152;71.48751831054688;20.300159454345703;188.0;550.0
;;8.184000388719141;71.52766418457031;20.300121307373047;183.0;552.0
;;8.188000388909131;71.56788635253906;20.300159454345703;186.0;555.0
;;8.192000389099121;71.60772705078125;20.30013656616211;183.0;555.0
;;8.196000389289111;71.64750671386719;20.30013656616211;188.0;546.0
;;8.2000003894791;71.68758392333984;20.30013656616211;189.0;541.0
;;8.20400038966909;71.72750854492188;20.30013656616211;195.0;543.0
;;8.20800038985908;71.7676773071289;20.30014419555664;204.0;549.0
;;8.21200039004907;71.80729675292969;20.300140380859375;197.0;554.0
;;8.21600039023906;71.8470458984375;20.30014419555664;202.0;553.0
;;8.22000039042905;71.88739013671875;20.300140380859375;198.0;554.0
;;8.22400039061904;71.92756652832031;20.300148010253906;200.0;535.0
;;8.22800039080903;71.96765899658203;20.300148010253906;216.0;533.0
;;8.23200039099902;72.00686645507812;20.300121307373047;218.0;528.0
;;8.236000391189009;72.04651641845703;20.30014419555664;213.0;559.0
;;8.240000391378999;72.08856964111328;20.300140380859375;198.0;540.0
;;8.244000391568989;72.12763977050781;20.300140380859375;210.0;548.0
;;8.248000391758978;72.16535186767578;20.300121307373047;220.0;540.0
;;8.252000391948968;72.205322265625;20.300086975097656;214.0;550.0
;;8.256000392138958;72.24791717529297;20.300125122070312;209.0;539.0
;;8.260000392328948;72.28828430175781;20.300098419189453;193.0;533.0
;;8.264000392518938;72.32815551757812;20.300086975097656;211.0;553.0
;;8.268000392708927;72.3680419921875;20.300098419189453;238.0;541.0
;;8.272000392898917;72.4079360961914;20.300094604492188;227.0;550.0
;;8.276000393088907;72.44828796386719;20.300086975097656;225.0;544.0
;;8.280000393278897;72.4883804321289;20.300090789794922;213.0;559.0
;;8.284000393468887;72.5279312133789;20.300071716308594;216.0;550.0
;;8.288000393658876;72.5674819946289;20.300064086914062;224.0;543.0
;;8.292000393848866;72.60750579833984;20.300079345703125;229.0;550.0
;;8.296000394038856;72.64751434326172;20.300052642822266;204.0;543.0
;;8.300000394228846;72.68740844726562;20.300067901611328;209.0;548.0
;;8.304000394418836;72.72754669189453;20.300052642822266;239.0;542.0
;;8.308000394608825;72.76756286621094;20.300048828125;211.0;543.0
;;8.312000394798815;72.80796813964844;20.300060272216797;217.0;547.0
;;8.316000394988805;72.84741973876953;20.300048828125;221.0;537.0
;;8.320000395178795;72.88762664794922;20.300037384033203;205.0;556.0
;;8.324000395368785;72.92778778076172;20.300033569335938;212.0;547.0
;;8.328000395558774;72.96745300292969;20.300037384033203;221.0;543.0
;;8.332000395748764;73.00758361816406;20.300045013427734;226.0;535.0
;;8.336000395938754;73.04541778564453;20.30004119873047;225.0;538.0
;;8.340000396128744;73.08814239501953;20.300048828125;212.0;542.0
;;8.344000396318734;73.12812805175781;20.300029754638672;219.0;552.0
;;8.348000396508723;73.16802215576172;20.30005645751953;229.0;551.0
;;8.352000396698713;73.20820617675781;20.300033569335938;242.0;549.0
;;8.356000396888703;73.24856567382812;20.300025939941406;211.0;556.0
;;8.360000397078693;73.28852081298828;20.300037384033203;226.0;546.0
;;8.364000397268683;73.32794952392578;20.300033569335938;202.0;534.0
;;8.368000397458673;73.36772918701172;20.300018310546875;222.0;548.0
;;8.372000397648662;73.40798950195312;20.300052642822266;209.0;541.0
;;8.376000397838652;73.4481201171875;20.30002212524414;207.0;550.0
;;8.380000398028642;73.4878158569336;20.30002212524414;206.0;547.0
;;8.384000398218632;73.52750396728516;20.300052642822266;212.0;549.0
;;8.388000398408622;73.56429290771484;20.29999542236328;203.0;542.0
;;8.392000398598611;73.6075439453125;20.30007553100586;214.0;551.0
;;8.396000398788601;73.6451416015625;20.300033569335938;187.0;549.0
;;8.400000398978591;73.68476867675781;20.299991607666016;185.0;549.0
;;8.40400039916858;73.72467041015625;20.300071716308594;205.0;552.0
;;8.40800039935857;73.76729583740234;20.300003051757812;186.0;538.0
;;8.41200039954856;73.80725860595703;20.30002212524414;202.0;559.0
;;8.41600039973855;73.84732818603516;20.300086975097656;194.0;538.0
;;8.42000039992854;73.8874282836914;20.299983978271484;197.0;545.0
;;8.42400040011853;73.92730712890625;20.300025939941406;190.0;556.0
;;8.42800040030852;73.9671401977539;20.30008316040039;203.0;548.0
;;8.43200040049851;74.00743865966797;20.29999542236328;189.0;546.0
;;8.4360004006885;74.04784393310547;20.300060272216797;185.0;538.0
;;8.440000400878489;74.08776092529297;20.300064086914062;203.0;550.0
;;8.444000401068479;74.12525939941406;20.299983978271484;180.0;540.0
;;8.448000401258469;74.16802215576172;20.300071716308594;178.0;562.0
;;8.452000401448458;74.20832824707031;20.30005645751953;186.0;549.0
;;8.456000401638448;74.24850463867188;20.299999237060547;179.0;548.0
;;8.460000401828438;74.28820037841797;20.300067901611328;160.0;546.0
;;8.464000402018428;74.327880859375;20.300045013427734;159.0;548.0
;;8.468000402208418;74.36780548095703;20.30001449584961;168.0;544.0
;;8.472000402398407;74.40788269042969;20.300071716308594;171.0;547.0
;;8.476000402588397;74.44803619384766;20.30005645751953;176.0;539.0
;;8.480000402778387;74.4876708984375;20.30004119873047;173.0;538.0
;;8.484000402968377;74.52754211425781;20.30004119873047;172.0;536.0
;;8.488000403158367;74.56770324707031;20.300003051757812;164.0;562.0
;;8.492000403348356;74.60780334472656;20.300060272216797;168.0;551.0
;;8.496000403538346;74.6475830078125;20.300060272216797;153.0;535.0
;;8.500000403728336;74.687744140625;20.300018310546875;162.0;540.0
;;8.504000403918326;74.72959899902344;20.300067901611328;152.0;546.0
;;8.508000404108316;74.76947784423828;20.300037384033203;183.0;540.0
;;8.512000404298306;74.80975341796875;20.300060272216797;134.0;541.0
;;8.516000404488295;74.84974670410156;20.300060272216797;148.0;554.0
;;8.520000404678285;74.88716888427734;20.300037384033203;139.0;543.0
;;8.524000404868275;74.93064880371094;20.300067901611328;172.0;546.0
;;8.528000405058265;74.97035217285156;20.300052642822266;167.0;536.0
;;8.532000405248255;75.01005554199219;20.300060272216797;152.0;540.0
;;8.536000405438244;75.05046081542969;20.300060272216797;175.0;564.0
;;8.540000405628234;75.09075164794922;20.30005645751953;153.0;548.0
;;8.544000405818224;75.13052368164062;20.300045013427734;152.0;560.0
;;8.548000406008214;75.17041778564453;20.300052642822266;153.0;547.0
;;8.552000406198204;75.2100601196289;20.30005645751953;148.0;541.0
;;8.556000406388193;75.25054168701172;20.300052642822266;148.0;544.0
;;8.560000406578183;75.29061126708984;20.300052642822266;153.0;549.0
;;8.564000406768173;75.33033752441406;20.30005645751953;137.0;548.0
;;8.568000406958163;75.37055969238281;20.300052642822266;152.0;546.0
;;8.572000407148153;75.410888671875;20.300033569335938;134.0;544.0
;;8.576000407338142;75.45076751708984;20.300052642822266;133.0;542.0
;;8.580000407528132;75.49018859863281;20.300052642822266;163.0;536.0
;;8.584000407718122;75.5301284790039;20.300037384033203;157.0;556.0
;;8.588000407908112;75.5689926147461;20.300064086914062;157.0;545.0
;;8.592000408098102;75.60926055908203;20.30005645751953;150.0;548.0
;;8.596000408288091;75.64901733398438;20.30007553100586;172.0;545.0
;;8.600000408478081;75.689208984375;20.300037384033203;170.0;550.0
;;8.604000408668071;75.73040771484375;20.300037384033203;148.0;539.0
;;8.60800040885806;75.76945495605469;20.300064086914062;144.0;568.0
;;8.61200040904805;75.80854034423828;20.300060272216797;168.0;557.0
;;8.61600040923804;75.8495864868164;20.300045013427734;169.0;547.0
;;8.62000040942803;75.88963317871094;20.300045013427734;142.0;537.0
;;8.62400040961802;75.92969512939453;20.300060272216797;148.0;540.0
;;8.62800040980801;75.96977996826172;20.300060272216797;167.0;532.0
;;8.632000409998;76.0091552734375;20.300052642822266;171.0;555.0
;;8.63600041018799;76.0491714477539;20.30005645751953;148.0;552.0
;;8.64000041037798;76.08985137939453;20.30005645751953;155.0;544.0
;;8.644000410567969;76.13018798828125;20.300052642822266;156.0;545.0
;;8.648000410757959;76.17018127441406;20.300071716308594;184.0;551.0
;;8.652000410947949;76.21021270751953;20.300071716308594;175.0;551.0
;;8.656000411137938;76.25045013427734;20.30010223388672;184.0;556.0
;;8.660000411327928;76.29049682617188;20.300052642822266;186.0;546.0
;;8.664000411517918;76.3302993774414;20.300067901611328;193.0;538.0
;;8.668000411707908;76.3698959350586;20.300071716308594;210.0;524.0
;;8.672000411897898;76.40946197509766;20.300064086914062;210.0;527.0
;;8.676000412087888;76.44932556152344;20.30007553100586;206.0;540.0
;;8.680000412277877;76.49009704589844;20.300064086914062;219.0;544.0
;;8.684000412467867;76.52964782714844;20.300064086914062;210.0;547.0
;;8.688000412657857;76.56914520263672;20.30007553100586;232.0;554.0
;;8.692000412847847;76.60888671875;20.30004119873047;231.0;549.0
;;8.696000413037837;76.64857482910156;20.300048828125;256.0;545.0
;;8.700000413227826;76.68885803222656;20.300060272216797;232.0;541.0
;;8.704000413417816;76.72908782958984;20.300052642822266;262.0;548.0
;;8.708000413607806;76.76870727539062;20.300090789794922;278.0;545.0
;;8.712000413797796;76.80841827392578;20.30002212524414;269.0;541.0
;;8.716000413987786;76.84822082519531;20.300094604492188;270.0;544.0
;;8.720000414177775;76.88846588134766;20.29998016357422;285.0;542.0
;;8.724000414367765;76.92948913574219;20.29993438720703;282.0;558.0
;;8.728000414557755;76.96943664550781;20.300094604492188;302.0;564.0
;;8.732000414747745;77.0085678100586;20.29998779296875;331.0;554.0
;;8.736000414937735;77.04862976074219;20.299911499023438;349.0;539.0
;;8.740000415127724;77.08950805664062;20.30008316040039;361.0;549.0
;;8.744000415317714;77.12957763671875;20.299968719482422;370.0;546.0
;;8.748000415507704;77.168701171875;20.299938201904297;388.0;548.0
;;8.752000415697694;77.20852661132812;20.300052642822266;397.0;545.0
;;8.756000415887684;77.24935150146484;20.299972534179688;398.0;545.0
;;8.760000416077673;77.28910064697266;20.299991607666016;413.0;532.0
;;8.764000416267663;77.32878875732422;20.300064086914062;429.0;547.0
;;8.768000416457653;77.36852264404297;20.29995346069336;463.0;526.0
;;8.772000416647643;77.4083023071289;20.30002212524414;462.0;531.0
;;8.776000416837633;77.4490966796875;20.300048828125;486.0;533.0
;;8.780000417027622;77.48812866210938;20.299957275390625;506.0;544.0
;;8.784000417217612;77.52779388427734;20.300071716308594;554.0;557.0
;;8.788000417407602;77.5673828125;20.300018310546875;597.0;542.0
;;8.792000417597592;77.60742950439453;20.29999542236328;566.0;545.0
;;8.796000417787582;77.64692687988281;20.300086975097656;515.0;548.0
;;8.800000417977571;77.68692779541016;20.29999542236328;512.0;538.0
;;8.804000418167561;77.72663116455078;20.300006866455078;449.0;539.0
;;8.808000418357551;77.7675552368164;20.30008316040039;426.0;542.0
;;8.812000418547541;77.80714416503906;20.300037384033203;347.0;527.0
;;8.81600041873753;77.84712982177734;20.300067901611328;375.0;540.0
;;8.82000041892752;77.88809967041016;20.300094604492188;430.0;538.0
;;8.82400041911751;77.92761993408203;20.300071716308594;463.0;540.0
;;8.8280004193075;77.96688079833984;20.300094604492188;457.0;541.0
;;8.83200041949749;78.00736999511719;20.300094604492188;448.0;551.0
;;8.83600041968748;78.04774475097656;20.30008316040039;450.0;552.0
;;8.84000041987747;78.08783721923828;20.30013656616211;433.0;528.0
;;8.84400042006746;78.12783813476562;20.300094604492188;437.0;537.0
;;8.84800042025745;78.16769409179688;20.300140380859375;443.0;528.0
;;8.852000420447439;78.20785522460938;20.300125122070312;440.0;545.0
;;8.856000420637429;78.24840545654297;20.300067901611328;446.0;547.0
;;8.860000420827419;78.2884750366211;20.300140380859375;439.0;534.0
;;8.864000421017408;78.32784271240234;20.300125122070312;443.0;559.0
;;8.868000421207398;78.3675765991211;20.300106048583984;435.0;543.0
;;8.872000421397388;78.40753936767578;20.300140380859375;395.0;527.0
;;8.876000421587378;78.44867706298828;20.300125122070312;420.0;555.0
;;8.880000421777368;78.48787689208984;20.30010986328125;423.0;541.0
;;8.884000421967357;78.52738952636719;20.300140380859375;427.0;554.0
;;8.888000422157347;78.56680297851562;20.300106048583984;434.0;539.0
;;8.892000422347337;78.60721588134766;20.30011749267578;429.0;542.0
;;8.896000422537327;78.64741516113281;20.300140380859375;408.0;545.0
;;8.900000422727317;78.68717956542969;20.300098419189453;416.0;548.0
;;8.904000422917306;78.72708892822266;20.30010986328125;421.0;541.0
;;8.908000423107296;78.76708221435547;20.300125122070312;403.0;559.0
;;8.912000423297286;78.80692291259766;20.300090789794922;399.0;543.0
;;8.916000423487276;78.8471450805664;20.30013656616211;406.0;534.0
;;8.920000423677266;78.88727569580078;20.30008316040039;390.0;536.0
;;8.924000423867255;78.9271011352539;20.300071716308594;403.0;548.0
;;8.928000424057245;78.96692657470703;20.300125122070312;403.0;549.0
;;8.932000424247235;79.0073471069336;20.30007553100586;401.0;550.0
;;8.936000424437225;79.04856872558594;20.300079345703125;377.0;544.0
;;8.940000424627215;79.08766174316406;20.300098419189453;398.0;547.0
;;8.944000424817204;79.12757110595703;20.300079345703125;389.0;545.0
;;8.948000425007194;79.1681137084961;20.30008316040039;379.0;544.0
;;8.952000425197184;79.20831298828125;20.300060272216797;376.0;542.0
;;8.956000425387174;79.24840545654297;20.300071716308594;364.0;539.0
;;8.960000425577164;79.28813171386719;20.30008316040039;373.0;549.0
;;8.964000425767154;79.32778930664062;20.300033569335938;366.0;540.0
;;8.968000425957143;79.36766815185547;20.300048828125;372.0;542.0
;;8.972000426147133;79.40758514404297;20.300067901611328;365.0;546.0
;;8.976000426337123;79.44778442382812;20.300029754638672;369.0;544.0
;;8.980000426527113;79.48746490478516;20.300052642822266;369.0;554.0
;;8.984000426717103;79.52716064453125;20.30002212524414;359.0;569.0
;;8.988000426907092;79.56729888916016;20.300052642822266;365.0;549.0
;;8.992000427097082;79.60748291015625;20.300052642822266;364.0;547.0
;;8.996000427287072;79.64730072021484;20.300029754638672;346.0;564.0
;;9.000000427477062;79.68695831298828;20.300060272216797;347.0;547.0
;;9.004000427667052;79.72648620605469;20.30004119873047;340.0;544.0
;;9.008000427857041;79.76747131347656;20.30004119873047;343.0;536.0
;;9.012000428047031;79.80724334716797;20.300052642822266;314.0;552.0
;;9.016000428237021;79.84696960449219;20.300048828125;347.0;535.0
;;9.02000042842701;79.88719940185547;20.300052642822266;330.0;528.0
;;9.024000428617;79.92733001708984;20.300048828125;348.0;535.0
;;9.02800042880699;79.9676284790039;20.300033569335938;341.0;545.0
;;9.03200042899698;80.00794219970703;20.300037384033203;350.0;546.0
;;9.03600042918697;80.04789733886719;20.300052642822266;324.0;538.0
;;9.04000042937696;80.08779907226562;20.300037384033203;338.0;554.0
;;9.04400042956695;80.12793731689453;20.300045013427734;338.0;563.0
;;9.04800042975694;80.16801452636719;20.300052642822266;333.0;538.0
;;9.05200042994693;80.2081298828125;20.300033569335938;346.0;528.0
;;9.056000430136919;80.24810028076172;20.300037384033203;326.0;551.0
;;9.060000430326909;80.2879638671875;20.300029754638672;320.0;539.0
;;9.064000430516899;80.32781982421875;20.30002212524414;330.0;539.0
;;9.068000430706888;80.36871337890625;20.30004119873047;325.0;533.0
;;9.072000430896878;80.40850830078125;20.300029754638672;325.0;531.0
;;9.076000431086868;80.44783020019531;20.300052642822266;331.0;554.0
;;9.080000431276858;80.48778533935547;20.300033569335938;322.0;549.0
;;9.084000431466848;80.52787780761719;20.300045013427734;317.0;533.0
;;9.088000431656837;80.5676040649414;20.300052642822266;334.0;542.0
;;9.092000431846827;80.60729217529297;20.300033569335938;326.0;561.0
;;9.096000432036817;80.64703369140625;20.30004119873047;320.0;547.0
;;9.100000432226807;80.68694305419922;20.30005645751953;335.0;539.0
;;9.104000432416797;80.72733306884766;20.300060272216797;341.0;534.0
;;9.108000432606786;80.76763916015625;20.30005645751953;326.0;540.0
;;9.112000432796776;80.80742645263672;20.300045013427734;323.0;543.0
;;9.116000432986766;80.8471908569336;20.300079345703125;323.0;546.0
;;9.120000433176756;80.8874282836914;20.300060272216797;325.0;545.0
;;9.124000433366746;80.9276123046875;20.300029754638672;329.0;556.0
;;9.128000433556736;80.96711730957031;20.300060272216797;345.0;545.0
;;9.132000433746725;81.00773620605469;20.300048828125;337.0;547.0
;;9.136000433936715;81.04669952392578;20.300060272216797;327.0;552.0
;;9.140000434126705;81.087646484375;20.300060272216797;343.0;543.0
;;9.144000434316695;81.12737274169922;20.30005645751953;335.0;535.0
;;9.148000434506685;81.1681137084961;20.300052642822266;339.0;534.0
;;9.152000434696674;81.20842742919922;20.300060272216797;323.0;549.0
;;9.156000434886664;81.24797821044922;20.300052642822266;317.0;532.0
;;9.160000435076654;81.28828430175781;20.300025939941406;341.0;554.0
;;9.164000435266644;81.32756805419922;20.300064086914062;350.0;546.0
;;9.168000435456634;81.36764526367188;20.29996109008789;344.0;550.0
;;9.172000435646623;81.40743255615234;20.300094604492188;343.0;544.0
;;9.176000435836613;81.4471206665039;20.300060272216797;333.0;557.0
;;9.180000436026603;81.48786926269531;20.299976348876953;356.0;536.0
;;9.184000436216593;81.52750396728516;20.300094604492188;343.0;546.0
;;9.188000436406583;81.567138671875;20.300052642822266;329.0;538.0
;;9.192000436596572;81.60733795166016;20.300006866455078;356.0;543.0
;;9.196000436786562;81.64703369140625;20.300064086914062;361.0;564.0
;;9.200000436976552;81.68699645996094;20.30005645751953;363.0;532.0
;;9.204000437166542;81.72972106933594;20.300037384033203;360.0;541.0
;;9.208000437356532;81.76937103271484;20.30005645751953;354.0;542.0
;;9.212000437546521;81.80902099609375;20.300045013427734;369.0;540.0
;;9.216000437736511;81.8487777709961;20.300048828125;374.0;538.0
;;9.220000437926501;81.88887023925781;20.300033569335938;388.0;540.0
;;9.22400043811649;81.92928314208984;20.300003051757812;372.0;555.0
;;9.22800043830648;81.9697494506836;20.30002212524414;368.0;537.0
;;9.23200043849647;82.0099868774414;20.300033569335938;390.0;557.0
;;9.23600043868646;82.05035400390625;20.300006866455078;390.0;554.0
;;9.24000043887645;82.09082794189453;20.300033569335938;390.0;564.0
;;9.24400043906644;82.13081359863281;20.300018310546875;368.0;542.0
;;9.24800043925643;82.17010498046875;20.299991607666016;373.0;517.0
;;9.25200043944642;82.21007537841797;20.300064086914062;387.0;547.0
;;9.25600043963641;82.25057220458984;20.300006866455078;377.0;546.0
;;9.260000439826399;82.28963470458984;20.300018310546875;369.0;557.0
;;9.264000440016389;82.330322265625;20.300067901611328;377.0;541.0
;;9.268000440206379;82.37062072753906;20.300006866455078;381.0;565.0
;;9.272000440396369;82.41007995605469;20.30004119873047;397.0;557.0
;;9.276000440586358;82.44488525390625;20.300064086914062;396.0;553.0
;;9.280000440776348;82.48963928222656;20.30001449584961;385.0;544.0
;;9.284000440966338;82.5299301147461;20.300071716308594;377.0;550.0
;;9.288000441156328;82.56961822509766;20.30001449584961;395.0;524.0
;;9.292000441346318;82.60948944091797;20.300006866455078;397.0;547.0
;;9.296000441536307;82.64934539794922;20.300106048583984;395.0;546.0
;;9.300000441726297;82.6894760131836;20.299999237060547;385.0;539.0
;;9.304000441916287;82.72489166259766;20.300006866455078;384.0;547.0
;;9.308000442106277;82.76973724365234;20.300098419189453;396.0;541.0
;;9.312000442296267;82.80428314208984;20.300006866455078;420.0;547.0
;;9.316000442486256;82.8494873046875;20.300018310546875;418.0;543.0
;;9.320000442676246;82.89058685302734;20.300067901611328;398.0;537.0
;;9.324000442866236;82.92906188964844;20.29999542236328;400.0;527.0
;;9.328000443056226;82.96977996826172;20.30001449584961;404.0;548.0
;;9.332000443246216;83.01020050048828;20.30008316040039;405.0;547.0
;;9.336000443436205;83.05003356933594;20.299991607666016;401.0;548.0
;;9.340000443626195;83.0902099609375;20.300037384033203;397.0;546.0
;;9.344000443816185;83.13034057617188;20.300037384033203;407.0;545.0
;;9.348000444006175;83.17017364501953;20.29998779296875;419.0;546.0
;;9.352000444196165;83.2052230834961;20.300052642822266;398.0;540.0
;;9.356000444386154;83.25045013427734;20.30005645751953;413.0;543.0
;;9.360000444576144;83.29051971435547;20.300006866455078;402.0;534.0
;;9.364000444766134;83.32976531982422;20.300033569335938;404.0;554.0
;;9.368000444956124;83.3695297241211;20.30002212524414;416.0;528.0
;;9.372000445146114;83.41020202636719;20.300025939941406;407.0;552.0
;;9.376000445336103;83.44537353515625;20.300025939941406;406.0;550.0
;;9.380000445526093;83.48954010009766;20.300003051757812;394.0;542.0
;;9.384000445716083;83.5295181274414;20.300006866455078;410.0;540.0
;;9.388000445906073;83.57008361816406;20.30002212524414;407.0;541.0
;;9.392000446096063;83.60932922363281;20.300010681152344;410.0;541.0
;;9.396000446286052;83.64905548095703;20.30001449584961;402.0;549.0
;;9.400000446476042;83.6894760131836;20.300006866455078;400.0;540.0
;;9.404000446666032;83.72932434082031;20.29999542236328;412.0;537.0
;;9.408000446856022;83.76953125;20.30001449584961;407.0;538.0
;;9.412000447046012;83.80877685546875;20.30001449584961;406.0;553.0
;;9.416000447236001;83.84931182861328;20.300010681152344;408.0;538.0
;;9.420000447425991;83.88973236083984;20.300029754638672;396.0;556.0
;;9.424000447615981;83.92913818359375;20.299991607666016;400.0;542.0
;;9.428000447805971;83.96731567382812;20.30001449584961;400.0;547.0
;;9.43200044799596;83.99540710449219;20.30001449584961;361.0;546.0
;;9.43600044818595;84.01373291015625;20.300037384033203;347.0;544.0
;;9.44000044837594;84.02973175048828;20.300006866455078;385.0;547.0
;;9.44400044856593;84.04608154296875;20.300052642822266;392.0;530.0
;;9.44800044875592;84.05988311767578;20.300045013427734;389.0;540.0
;;9.45200044894591;84.0711441040039;20.300052642822266;403.0;540.0
;;9.4560004491359;84.0806884765625;20.30005645751953;404.0;545.0
;;9.46000044932589;84.08890533447266;20.29999542236328;395.0;542.0
;;9.46400044951588;84.09571075439453;20.300060272216797;396.0;551.0
;;9.468000449705869;84.10132598876953;20.300052642822266;395.0;542.0
;;9.472000449895859;84.10575103759766;20.30002212524414;391.0;533.0
;;9.476000450085849;84.1090316772461;20.300079345703125;387.0;537.0
;;9.480000450275838;84.11119842529297;20.300052642822266;373.0;546.0
;;9.484000450465828;84.11254119873047;20.300064086914062;392.0;546.0
;;9.488000450655818;84.11328125;20.300067901611328;375.0;532.0
;;9.492000450845808;84.1134033203125;20.30008316040039;364.0;540.0
;;9.496000451035798;84.1129150390625;20.30010986328125;356.0;543.0
;;9.500000451225787;84.11199951171875;20.300098419189453;371.0;550.0
;;9.504000451415777;84.1108627319336;20.30008316040039;373.0;559.0
;;9.508000451605767;84.10965728759766;20.300151824951172;364.0;545.0
;;9.512000451795757;84.10822296142578;20.300094604492188;360.0;536.0
;;9.516000451985747;84.10615539550781;20.30010986328125;340.0;545.0
;;9.520000452175736;84.10395812988281;20.300140380859375;361.0;547.0
;;9.524000452365726;84.10137939453125;20.300106048583984;347.0;554.0
;;9.528000452555716;84.09839630126953;20.300128936767578;326.0;550.0
;;9.532000452745706;84.09516143798828;20.30013656616211;332.0;551.0
;;9.536000452935696;84.09165954589844;20.300121307373047;300.0;550.0
;;9.540000453125685;84.08782196044922;20.3001708984375;285.0;547.0
;;9.544000453315675;84.08357238769531;20.30010986328125;213.0;544.0
;;9.548000453505665;84.07921600341797;20.300125122070312;159.0;551.0
;;9.552000453695655;84.07454681396484;20.30016326904297;70.0;533.0
;;9.556000453885645;84.06969451904297;20.30010223388672;-25.0;555.0
;;9.560000454075634;84.06437683105469;20.30011749267578;-136.0;546.0
;;9.564000454265624;84.05890655517578;20.300182342529297;-222.0;519.0
;;9.568000454455614;84.05305480957031;20.30007553100586;-328.0;546.0
;;9.572000454645604;84.04771423339844;20.300140380859375;-401.0;538.0
;;9.576000454835594;84.04279327392578;20.300128936767578;-452.0;544.0
;;9.580000455025584;84.03804016113281;20.300064086914062;-495.0;523.0
;;9.584000455215573;84.03367614746094;20.300128936767578;-535.0;517.0
;;9.588000455405563;84.02960968017578;20.30011749267578;-557.0;538.0
;;9.592000455595553;84.0257568359375;20.30008316040039;-590.0;543.0
;;9.596000455785543;84.02223205566406;20.300132751464844;-602.0;534.0
;;9.600000455975533;84.01937103271484;20.300067901611328;-626.0;538.0
;;9.604000456165522;84.0160140991211;20.300045013427734;-620.0;542.0
;;9.608000456355512;84.01327514648438;20.300125122070312;-641.0;553.0
;;9.612000456545502;84.01082611083984;20.30002212524414;-641.0;536.0
;;9.616000456735492;84.00867462158203;20.300067901611328;-652.0;537.0
;;9.620000456925482;84.00674438476562;20.30010986328125;-660.0;528.0
;;9.624000457115471;84.00494384765625;20.300025939941406;-649.0;546.0
;;9.628000457305461;84.00370788574219;20.30008316040039;-663.0;548.0
;;9.632000457495451;84.00257873535156;20.30008316040039;-660.0;532.0
;;9.63600045768544;84.0015869140625;20.300018310546875;-657.0;539.0
;;9.64000045787543;84.0011215209961;20.300064086914062;-657.0;529.0
;;9.64400045806542;84.00106811523438;20.300052642822266;-666.0;522.0
;;9.64800045825541;84.00082397460938;20.300025939941406;-647.0;556.0
;;9.6520004584454;84.00057983398438;20.300094604492188;-620.0;541.0
;;9.65600045863539;84.00057983398438;20.300018310546875;-632.0;532.0
;;9.66000045882538;84.0004653930664;20.300037384033203;-641.0;525.0
;;9.66400045901537;84.00039672851562;20.300113677978516;-631.0;528.0
;;9.66800045920536;84.00033569335938;20.299983978271484;-637.0;539.0
;;9.672000459395349;84.00037384033203;20.300052642822266;-639.0;542.0
;;9.676000459585339;84.00028228759766;20.300106048583984;-639.0;549.0
;;9.680000459775329;84.00025177001953;20.299999237060547;-629.0;544.0
;;9.684000459965318;84.00025939941406;20.300052642822266;-624.0;538.0
;;9.688000460155308;84.00025177001953;20.300067901611328;-625.0;540.0
;;9.692000460345298;84.00020599365234;20.300010681152344;-624.0;529.0
;;9.696000460535288;84.00022888183594;20.300048828125;-631.0;549.0
;;9.700000460725278;84.00021362304688;20.300067901611328;-621.0;542.0
;;9.704000460915267;84.0002212524414;20.300018310546875;-625.0;542.0
;;9.708000461105257;84.00016784667969;20.300064086914062;-617.0;536.0
;;9.712000461295247;84.00019073486328;20.300048828125;-623.0;554.0
;;9.716000461485237;84.00016784667969;20.30001449584961;-617.0;522.0
;;9.720000461675227;84.00025177001953;20.30005645751953;-626.0;542.0
;;9.724000461865216;84.0001449584961;20.300037384033203;-602.0;533.0
;;9.728000462055206;84.00019073486328;20.300045013427734;-621.0;541.0
;;9.732000462245196;84.00018310546875;20.300094604492188;-618.0;544.0
;;9.736000462435186;84.00017547607422;20.300037384033203;-614.0;547.0
;;9.740000462625176;84.00019073486328;20.30008316040039;-607.0;525.0
;;9.744000462815166;84.00012969970703;20.30008316040039;-616.0;539.0
;;9.748000463005155;84.00020599365234;20.300064086914062;-621.0;551.0
;;9.752000463195145;84.00017547607422;20.300086975097656;-625.0;522.0
;;9.756000463385135;84.00011444091797;20.30008316040039;-620.0;536.0
;;9.760000463575125;84.0002212524414;20.300029754638672;-618.0;541.0
;;9.764000463765115;84.00011444091797;20.300033569335938;-613.0;534.0
;;9.768000463955104;84.0014877319336;20.29901123046875;-530.0;529.0
;;9.772000464145094;84.04782104492188;20.32128143310547;298.0;871.0
;;9.776000464335084;84.09723663330078;20.357009887695312;363.0;623.0
;;9.780000464525074;84.12327575683594;20.378868103027344;401.0;765.0
;;9.784000464715064;84.15474700927734;20.401756286621094;447.0;786.0
;;9.788000464905053;84.19098663330078;20.428089141845703;448.0;755.0
;;9.792000465095043;84.22154235839844;20.453903198242188;424.0;777.0
;;9.796000465285033;84.2526626586914;20.479114532470703;417.0;767.0
;;9.800000465475023;84.28578186035156;20.50494384765625;431.0;719.0
;;9.804000465665013;84.31868743896484;20.529720306396484;414.0;734.0
;;9.808000465855002;84.35135650634766;20.558063507080078;413.0;733.0
;;9.812000466044992;84.38429260253906;20.584922790527344;415.0;721.0
;;9.816000466234982;84.41749572753906;20.612083435058594;400.0;735.0
;;9.820000466424972;84.45054626464844;20.639739990234375;404.0;753.0
;;9.824000466614962;84.48371887207031;20.667739868164062;399.0;719.0
;;9.828000466804951;84.5172119140625;20.695316314697266;391.0;726.0
;;9.832000466994941;84.55091857910156;20.721370697021484;393.0;716.0
;;9.836000467184931;84.58020782470703;20.7513427734375;410.0;729.0
;;9.84000046737492;84.61357879638672;20.77963638305664;401.0;740.0
;;9.84400046756491;84.64713287353516;20.80816650390625;399.0;729.0
;;9.8480004677549;84.68484497070312;20.83660125732422;404.0;722.0
;;9.85200046794489;84.71867370605469;20.865161895751953;391.0;702.0
;;9.85600046813488;84.75260925292969;20.89426040649414;390.0;699.0
;;9.86000046832487;84.78668975830078;20.92316436767578;389.0;711.0
;;9.86400046851486;84.81639862060547;20.952224731445312;396.0;688.0
;;9.86800046870485;84.8543930053711;20.979881286621094;402.0;691.0
;;9.87200046889484;84.88858795166016;21.011028289794922;398.0;703.0
;;9.876000469084829;84.92282104492188;21.04046630859375;389.0;713.0
;;9.880000469274819;84.95769500732422;21.069686889648438;391.0;698.0
;;9.884000469464809;84.98728942871094;21.099002838134766;384.0;719.0
;;9.888000469654799;85.02584075927734;21.12845230102539;402.0;724.0
;;9.892000469844788;85.06012725830078;21.15746307373047;397.0;735.0
;;9.896000470034778;85.09662628173828;21.186485290527344;401.0;748.0
;;9.900000470224768;85.13111114501953;21.21533203125;397.0;740.0
;;9.904000470414758;85.16512298583984;21.244537353515625;389.0;723.0
;;9.908000470604748;85.2004165649414;21.274044036865234;403.0;754.0
;;9.912000470794737;85.23419952392578;21.30352020263672;409.0;753.0
;;9.916000470984727;85.26653289794922;21.332725524902344;400.0;751.0
;;9.920000471174717;85.3034896850586;21.362171173095703;397.0;743.0
;;9.924000471364707;85.33827209472656;21.391910552978516;392.0;738.0
;;9.928000471554697;85.37348175048828;21.423545837402344;414.0;744.0
;;9.932000471744686;85.40784454345703;21.453689575195312;404.0;760.0
;;9.936000471934676;85.44203186035156;21.483993530273438;418.0;741.0
;;9.940000472124666;85.47701263427734;21.51422119140625;416.0;750.0
;;9.944000472314656;85.51123046875;21.54480743408203;418.0;725.0
;;9.948000472504646;85.54578399658203;21.575576782226562;421.0;737.0
;;9.952000472694635;85.57921600341797;21.606216430664062;424.0;744.0
;;9.956000472884625;85.61402130126953;21.636962890625;430.0;740.0
;;9.960000473074615;85.64934539794922;21.668354034423828;420.0;725.0
;;9.964000473264605;85.68333435058594;21.699676513671875;418.0;716.0
;;9.968000473454595;85.71604919433594;21.730724334716797;420.0;706.0
;;9.972000473644584;85.75316619873047;21.761932373046875;424.0;705.0
;;9.976000473834574;85.78817749023438;21.79344940185547;434.0;695.0
;;9.980000474024564;85.8232650756836;21.825634002685547;417.0;679.0
;;9.984000474214554;85.85816192626953;21.857585906982422;413.0;692.0
;;9.988000474404544;85.8910140991211;21.889724731445312;428.0;687.0
;;9.992000474594533;85.92828369140625;21.921634674072266;420.0;674.0
;;9.996000474784523;85.96295928955078;21.95400619506836;423.0;647.0
;;10.000000474974513;85.99793243408203;21.98593521118164;441.0;677.0
;;10.004000475164503;86.03287506103516;22.018383026123047;421.0;705.0
;;10.008000475354493;86.0658187866211;22.050922393798828;427.0;704.0
;;10.012000475544482;86.10337829589844;22.082550048828125;431.0;690.0
;;10.016000475734472;86.13878631591797;22.114456176757812;422.0;706.0
;;10.020000475924462;86.17405700683594;22.146305084228516;425.0;721.0
;;10.024000476114452;86.20934295654297;22.177494049072266;435.0;715.0
;;10.028000476304442;86.24470520019531;22.209339141845703;431.0;697.0
;;10.032000476494431;86.28009796142578;22.24163055419922;422.0;710.0
;;10.036000476684421;86.3151626586914;22.272899627685547;427.0;729.0
;;10.040000476874411;86.35016632080078;22.305065155029297;448.0;724.0
;;10.044000477064401;86.3852767944336;22.33751678466797;443.0;721.0
;;10.04800047725439;86.42057800292969;22.368976593017578;432.0;709.0
;;10.05200047744438;86.4557113647461;22.401138305664062;460.0;719.0
;;10.05600047763437;86.4908447265625;22.433578491210938;437.0;757.0
;;10.06000047782436;86.52608489990234;22.464977264404297;442.0;739.0
;;10.06400047801435;86.56124877929688;22.497005462646484;453.0;750.0
;;10.06800047820434;86.59593963623047;22.529285430908203;463.0;734.0
;;10.07200047839433;86.63164520263672;22.56155014038086;462.0;738.0
;;10.07600047858432;86.6661605834961;22.591934204101562;450.0;733.0
;;10.08000047877431;86.7021255493164;22.626373291015625;451.0;739.0
;;10.084000478964299;86.7379150390625;22.659042358398438;466.0;731.0
;;10.088000479154289;86.77302551269531;22.69195556640625;459.0;739.0
;;10.092000479344279;86.80830383300781;22.725025177001953;446.0;716.0
;;10.096000479534268;86.84333801269531;22.75887680053711;450.0;721.0
;;10.100000479724258;86.87841033935547;22.78960418701172;457.0;707.0
;;10.104000479914248;86.91554260253906;22.824581146240234;465.0;717.0
;;10.108000480104238;86.95093536376953;22.857933044433594;472.0;733.0
;;10.112000480294228;86.98551940917969;22.888980865478516;459.0;736.0
;;10.116000480484217;87.02155303955078;22.924072265625;471.0;692.0
;;10.120000480674207;87.05677795410156;22.95691680908203;460.0;706.0
;;10.124000480864197;87.09379577636719;22.990402221679688;455.0;702.0
;;10.128000481054187;87.12862396240234;23.023353576660156;457.0;717.0
;;10.132000481244177;87.16407012939453;23.05672836303711;464.0;732.0
;;10.136000481434166;87.19970703125;23.090431213378906;458.0;730.0
;;10.140000481624156;87.23558807373047;23.123432159423828;464.0;731.0
;;10.144000481814146;87.27151489257812;23.15665054321289;462.0;730.0
;;10.148000482004136;87.30691528320312;23.18947982788086;471.0;736.0
;;10.152000482194126;87.34252166748047;23.222381591796875;479.0;758.0
;;10.156000482384115;87.37825012207031;23.255096435546875;474.0;768.0
;;10.160000482574105;87.41405487060547;23.287368774414062;482.0;782.0
;;10.164000482764095;87.4497299194336;23.31930160522461;479.0;777.0
;;10.168000482954085;87.48534393310547;23.351917266845703;476.0;786.0
;;10.172000483144075;87.5203628540039;23.385112762451172;475.0;794.0
;;10.176000483334064;87.55638122558594;23.418346405029297;478.0;769.0
;;10.180000483524054;87.59186553955078;23.45102310180664;488.0;803.0
;;10.184000483714044;87.62776947021484;23.483829498291016;483.0;787.0
;;10.188000483904034;87.66314697265625;23.51667022705078;494.0;776.0
;;10.192000484094024;87.6996841430664;23.550594329833984;478.0;764.0
;;10.196000484284014;87.73533630371094;23.583457946777344;486.0;787.0
;;10.200000484474003;87.7708969116211;23.61712646484375;469.0;787.0
;;10.204000484663993;87.80677032470703;23.650169372558594;479.0;770.0
;;10.208000484853983;87.8424072265625;23.683120727539062;490.0;773.0
;;10.212000485043973;87.87897491455078;23.71664047241211;471.0;772.0
;;10.216000485233963;87.91478729248047;23.749923706054688;477.0;762.0
;;10.220000485423952;87.95034790039062;23.784469604492188;469.0;763.0
;;10.224000485613942;87.9863510131836;23.818252563476562;461.0;739.0
;;10.228000485803932;88.02275085449219;23.851905822753906;503.0;754.0
;;10.232000485993922;88.05883026123047;23.886245727539062;481.0;745.0
;;10.236000486183912;88.09508514404297;23.920692443847656;479.0;736.0
;;10.240000486373901;88.13116455078125;23.9547119140625;472.0;720.0
;;10.244000486563891;88.1672134399414;23.988704681396484;466.0;719.0
;;10.248000486753881;88.20366668701172;24.022411346435547;466.0;734.0
;;10.25200048694387;88.24006652832031;24.056015014648438;469.0;749.0
;;10.25600048713386;88.27643585205078;24.08979034423828;447.0;725.0
;;10.26000048732385;88.31241607666016;24.12411880493164;447.0;745.0
;;10.26400048751384;88.34856414794922;24.157421112060547;464.0;753.0
;;10.26800048770383;88.38505554199219;24.191162109375;461.0;736.0
;;10.27200048789382;88.42147827148438;24.225711822509766;473.0;743.0
;;10.27600048808381;88.45671844482422;24.259902954101562;465.0;763.0
;;10.2800004882738;88.49390411376953;24.293411254882812;474.0;765.0
;;10.28400048846379;88.52987670898438;24.32730484008789;475.0;754.0
;;10.288000488653779;88.56582641601562;24.360492706298828;473.0;752.0
;;10.292000488843769;88.60206604003906;24.395111083984375;473.0;763.0
;;10.296000489033759;88.63860321044922;24.428863525390625;472.0;780.0
;;10.300000489223748;88.67488098144531;24.46221160888672;468.0;807.0
;;10.304000489413738;88.71112060546875;24.495773315429688;478.0;801.0
;;10.308000489603728;88.74735260009766;24.52972412109375;486.0;807.0
;;10.312000489793718;88.7836685180664;24.56433868408203;501.0;810.0
;;10.316000489983708;88.81990814208984;24.598358154296875;498.0;836.0
;;10.320000490173697;88.85616302490234;24.63188934326172;493.0;845.0
;;10.324000490363687;88.89250946044922;24.665618896484375;504.0;853.0
;;10.328000490553677;88.92845153808594;24.69976043701172;525.0;856.0
;;10.332000490743667;88.96412658691406;24.733570098876953;555.0;865.0
;;10.336000490933657;89.00006103515625;24.766742706298828;581.0;862.0
;;10.340000491123646;89.03597259521484;24.800098419189453;596.0;876.0
;;10.344000491313636;89.07119750976562;24.833023071289062;606.0;914.0
;;10.348000491503626;89.10672760009766;24.86617660522461;642.0;978.0
;;10.352000491693616;89.1418685913086;24.899166107177734;649.0;1018.0
;;10.356000491883606;89.17709350585938;24.931636810302734;676.0;1048.0
;;10.360000492073596;89.21223449707031;24.963970184326172;709.0;1092.0
;;10.364000492263585;89.24690246582031;24.99557113647461;730.0;1160.0
;;10.368000492453575;89.2810287475586;25.026351928710938;769.0;1246.0
;;10.372000492643565;89.31510925292969;25.05782699584961;795.0;1302.0
;;10.376000492833555;89.34892272949219;25.08749008178711;827.0;1358.0
;;10.380000493023545;89.38259887695312;25.117164611816406;847.0;1409.0
;;10.384000493213534;89.41421508789062;25.146404266357422;863.0;1476.0
;;10.388000493403524;89.44976806640625;25.174423217773438;867.0;1541.0
;;10.392000493593514;89.48313903808594;25.20244598388672;875.0;1627.0
;;10.396000493783504;89.5166244506836;25.230281829833984;869.0;1685.0
;;10.400000493973494;89.55057525634766;25.257266998291016;856.0;1748.0
;;10.404000494163483;89.58446502685547;25.284385681152344;854.0;1827.0
;;10.408000494353473;89.6185073852539;25.310916900634766;837.0;1890.0
;;10.412000494543463;89.6526107788086;25.337535858154297;852.0;1918.0
;;10.416000494733453;89.686767578125;25.36343765258789;848.0;2015.0
;;10.420000494923443;89.7209701538086;25.388599395751953;850.0;2068.0
;;10.424000495113432;89.75498962402344;25.413692474365234;842.0;2148.0
;;10.428000495303422;89.7892074584961;25.438480377197266;866.0;2222.0
;;10.432000495493412;89.82335662841797;25.463146209716797;843.0;2270.0
;;10.436000495683402;89.8578109741211;25.487560272216797;847.0;2290.0
;;10.440000495873392;89.89242553710938;25.511470794677734;840.0;2347.0
;;10.444000496063381;89.92684936523438;25.534687042236328;834.0;2396.0
;;10.448000496253371;89.96148681640625;25.557353973388672;831.0;2454.0
;;10.452000496443361;89.99604034423828;25.580219268798828;842.0;2536.0
;;10.45600049663335;90.03044891357422;25.60242462158203;850.0;2583.0
;;10.46000049682334;90.06470489501953;25.624717712402344;832.0;2642.0
;;10.46400049701333;90.09896850585938;25.64685821533203;852.0;2712.0
;;10.46800049720332;90.1334228515625;25.668514251708984;853.0;2766.0
;;10.47200049739331;90.16763305664062;25.688846588134766;833.0;2858.0
;;10.4760004975833;90.20216369628906;25.708988189697266;844.0;2902.0
;;10.48000049777329;90.23661041259766;25.728981018066406;835.0;2959.0
;;10.48400049796328;90.27078247070312;25.74863052368164;828.0;3001.0
;;10.48800049815327;90.30516815185547;25.767715454101562;833.0;3047.0
;;10.492000498343259;90.33963775634766;25.786884307861328;847.0;3097.0
;;10.496000498533249;90.37429809570312;25.80529022216797;843.0;3170.0
;;10.500000498723239;90.40862274169922;25.82318115234375;845.0;3234.0
;;10.504000498913229;90.44252014160156;25.840972900390625;850.0;3295.0
;;10.508000499103218;90.47677612304688;25.858413696289062;833.0;3318.0
;;10.512000499293208;90.51112365722656;25.875;855.0;3403.0
;;10.516000499483198;90.5453109741211;25.891307830810547;847.0;3453.0
;;10.520000499673188;90.57935333251953;25.907543182373047;850.0;3501.0
;;10.524000499863178;90.6134262084961;25.92284393310547;858.0;3544.0
;;10.528000500053167;90.6474380493164;25.938365936279297;859.0;3594.0
;;10.532000500243157;90.68180084228516;25.953369140625;849.0;3641.0
;;10.536000500433147;90.71632385253906;25.968345642089844;847.0;3696.0
;;10.540000500623137;90.7507553100586;25.983421325683594;862.0;3765.0
;;10.544000500813127;90.78522491455078;25.99797821044922;870.0;3804.0
;;10.548000501003116;90.81890106201172;26.011245727539062;856.0;3866.0
;;10.552000501193106;90.85330963134766;26.02444839477539;861.0;3932.0
;;10.556000501383096;90.8880386352539;26.03753662109375;873.0;3971.0
;;10.560000501573086;90.91983795166016;26.05007553100586;867.0;4013.0
;;10.564000501763076;90.95648956298828;26.06230926513672;879.0;4065.0
;;10.568000501953065;90.99015808105469;26.074359893798828;884.0;4105.0
;;10.572000502143055;91.02412414550781;26.085887908935547;908.0;4174.0
;;10.576000502333045;91.05851745605469;26.09682846069336;925.0;4230.0
;;10.580000502523035;91.0923080444336;26.107433319091797;986.0;4260.0
;;10.584000502713025;91.12609100341797;26.11798858642578;1082.0;4303.0
;;10.588000502903014;91.15872192382812;26.128124237060547;1183.0;4352.0
;;10.592000503093004;91.19202423095703;26.138023376464844;1315.0;4396.0
;;10.596000503282994;91.22224426269531;26.14767074584961;1442.0;4463.0
;;10.600000503472984;91.25135803222656;26.156387329101562;1530.0;4512.0
;;10.604000503662974;91.28008270263672;26.166187286376953;1589.0;4539.0
;;10.608000503852963;91.30816650390625;26.174781799316406;1681.0;4615.0
;;10.612000504042953;91.3360595703125;26.183242797851562;1832.0;4677.0
;;10.616000504232943;91.36214447021484;26.19121551513672;1854.0;4720.0
;;10.620000504422933;91.38812255859375;26.198802947998047;1957.0;4773.0
;;10.624000504612923;91.41354370117188;26.20667266845703;2052.0;4807.0
;;10.628000504802912;91.43852233886719;26.213665008544922;2132.0;4865.0
;;10.632000504992902;91.46255493164062;26.220386505126953;2228.0;4908.0
;;10.636000505182892;91.48682403564453;26.226680755615234;2307.0;4956.0
;;10.640000505372882;91.50987243652344;26.232601165771484;2400.0;5009.0
;;10.644000505562872;91.53258514404297;26.238433837890625;2487.0;5051.0
;;10.648000505752861;91.554443359375;26.24384307861328;2564.0;5101.0
;;10.652000505942851;91.57579040527344;26.24899673461914;2667.0;5128.0
;;10.656000506132841;91.59646606445312;26.253841400146484;2725.0;5168.0
;;10.660000506322831;91.61661529541016;26.258464813232422;2847.0;5205.0
;;10.66400050651282;91.63605499267578;26.262920379638672;2914.0;5232.0
;;10.66800050670281;91.65514373779297;26.26718521118164;3006.0;5252.0
;;10.6720005068928;91.67416381835938;26.271713256835938;3098.0;5318.0
;;10.67600050708279;91.692626953125;26.27630615234375;3160.0;5358.0
;;10.68000050727278;91.71073150634766;26.28097915649414;3244.0;5404.0
;;10.68400050746277;91.72884368896484;26.28586196899414;3333.0;5447.0
;;10.68800050765276;91.7461929321289;26.290542602539062;3412.0;5482.0
;;10.69200050784275;91.76346588134766;26.296001434326172;3480.0;5520.0
;;10.69600050803274;91.78047180175781;26.301197052001953;3565.0;5568.0
;;10.700000508222729;91.79608917236328;26.30646514892578;3651.0;5595.0
;;10.704000508412719;91.81382751464844;26.311920166015625;3719.0;5642.0
;;10.708000508602709;91.83029174804688;26.317039489746094;3777.0;5686.0
;;10.712000508792698;91.84674072265625;26.323089599609375;3866.0;5752.0
;;10.716000508982688;91.86288452148438;26.328968048095703;3932.0;5784.0
;;10.720000509172678;91.87887573242188;26.334888458251953;4002.0;5855.0
;;10.724000509362668;91.89456176757812;26.340896606445312;4081.0;5871.0
;;10.728000509552658;91.90995025634766;26.34689712524414;4157.0;5920.0
;;10.732000509742647;91.92532348632812;26.352954864501953;4230.0;5961.0
;;10.736000509932637;91.94100952148438;26.358959197998047;4294.0;6024.0
;;10.740000510122627;91.95569610595703;26.364803314208984;4365.0;6055.0
;;10.744000510312617;91.97040557861328;26.370746612548828;4434.0;6112.0
;;10.748000510502607;91.9849853515625;26.376686096191406;4498.0;6166.0
;;10.752000510692596;91.99947357177734;26.38268280029297;4588.0;6213.0
;;10.756000510882586;92.01402282714844;26.388629913330078;4656.0;6263.0
;;10.760000511072576;92.02822875976562;26.39459991455078;4716.0;6319.0
;;10.764000511262566;92.04227447509766;26.400615692138672;4793.0;6357.0
;;10.768000511452556;92.05621337890625;26.40627670288086;4853.0;6423.0
;;10.772000511642545;92.07013702392578;26.412517547607422;4928.0;6469.0
;;10.776000511832535;92.08389282226562;26.41844940185547;4987.0;6507.0
;;10.780000512022525;92.09709167480469;26.424510955810547;5057.0;6571.0
;;10.784000512212515;92.11031341552734;26.430099487304688;5127.0;6592.0
;;10.788000512402505;92.12316131591797;26.43636703491211;5200.0;6660.0
;;10.792000512592494;92.1359634399414;26.442291259765625;5269.0;6712.0
;;10.796000512782484;92.14851379394531;26.448200225830078;5335.0;6755.0
;;10.800000512972474;92.16126251220703;26.453983306884766;5406.0;6804.0
;;10.804000513162464;92.17389678955078;26.459716796875;5481.0;6855.0
;;10.808000513352454;92.18588256835938;26.465595245361328;5541.0;6902.0
;;10.812000513542444;92.19831085205078;26.471656799316406;5599.0;6943.0
;;10.816000513732433;92.21090698242188;26.47791290283203;5691.0;6979.0
;;10.820000513922423;92.22306823730469;26.484325408935547;5741.0;7047.0
;;10.824000514112413;92.23515319824219;26.49075698852539;5807.0;7087.0
;;10.828000514302403;92.24720764160156;26.49712371826172;5889.0;7131.0
;;10.832000514492393;92.25909423828125;26.503643035888672;5975.0;7203.0
;;10.836000514682382;92.27078247070312;26.510189056396484;6000.0;7252.0
;;10.840000514872372;92.28240966796875;26.516719818115234;6112.0;7318.0
;;10.844000515062362;92.29441833496094;26.523155212402344;6172.0;7364.0
;;10.848000515252352;92.30583190917969;26.52969741821289;6230.0;7421.0
;;10.852000515442342;92.31624603271484;26.53622817993164;6295.0;7471.0
;;10.856000515632331;92.32709503173828;26.542327880859375;6362.0;7517.0
;;10.860000515822321;92.33802795410156;26.5489501953125;6444.0;7580.0
;;10.864000516012311;92.34857940673828;26.555015563964844;6506.0;7635.0
;;10.8680005162023;92.35920715332031;26.561235427856445;6577.0;7651.0
;;10.87200051639229;92.37014770507812;26.567546844482422;6637.0;7733.0
;;10.87600051658228;92.38076782226562;26.57413101196289;6712.0;7787.0
;;10.88000051677227;92.3914794921875;26.580821990966797;6781.0;7860.0
;;10.88400051696226;92.40145874023438;26.587400436401367;6842.0;7899.0
;;10.88800051715225;92.41267395019531;26.59347152709961;6928.0;7964.0
;;10.89200051734224;92.42332458496094;26.59964370727539;6985.0;7997.0
;;10.89600051753223;92.43366241455078;26.605730056762695;7042.0;8049.0
;;10.90000051772222;92.44359588623047;26.611797332763672;7120.0;8091.0
;;10.904000517912209;92.45346069335938;26.61783218383789;7172.0;8153.0
;;10.908000518102199;92.46321868896484;26.623939514160156;7234.0;8201.0
;;10.912000518292189;92.47274780273438;26.629915237426758;7312.0;8251.0
;;10.916000518482178;92.48222351074219;26.6359920501709;7365.0;8304.0
;;10.920000518672168;92.49163818359375;26.64189338684082;7430.0;8336.0
;;10.924000518862158;92.50106048583984;26.648283004760742;7504.0;8413.0
;;10.928000519052148;92.51036834716797;26.654338836669922;7564.0;8455.0
;;10.932000519242138;92.51980590820312;26.66028594970703;7648.0;8512.0
;;10.936000519432127;92.52837371826172;26.667280197143555;7692.0;8561.0
;;10.940000519622117;92.53792572021484;26.673608779907227;7760.0;8623.0
;;10.944000519812107;92.54761505126953;26.679931640625;7829.0;8686.0
;;10.948000520002097;92.55738067626953;26.686431884765625;7901.0;8748.0
;;10.952000520192087;92.56694793701172;26.692636489868164;7961.0;8808.0
;;10.956000520382077;92.57637786865234;26.69945526123047;8013.0;8826.0
;;10.960000520572066;92.58558654785156;26.70588493347168;8094.0;8913.0
;;10.964000520762056;92.59418487548828;26.712438583374023;8136.0;8959.0
;;10.968000520952046;92.60371398925781;26.718950271606445;8215.0;9005.0
;;10.972000521142036;92.61271667480469;26.72542381286621;8257.0;9066.0
;;10.976000521332026;92.6216049194336;26.731725692749023;8328.0;9103.0
;;10.980000521522015;92.63025665283203;26.738056182861328;8396.0;9163.0
;;10.984000521712005;92.6388931274414;26.744510650634766;8469.0;9223.0
;;10.988000521901995;92.64754486083984;26.75093650817871;8519.0;9282.0
;;10.992000522091985;92.65605926513672;26.757335662841797;8582.0;9313.0
;;10.996000522281975;92.66433715820312;26.76361846923828;8643.0;9385.0
;;11.000000522471964;92.67268371582031;26.769325256347656;8693.0;9435.0
;;11.004000522661954;92.68109130859375;26.775829315185547;8763.0;9485.0
;;11.008000522851944;92.68946838378906;26.781871795654297;8832.0;9527.0
;;11.012000523041934;92.69790649414062;26.78778839111328;8873.0;9593.0
;;11.016000523231924;92.70632934570312;26.793535232543945;8935.0;9634.0
;;11.020000523421913;92.71479797363281;26.79926300048828;9006.0;9690.0
;;11.024000523611903;92.7234878540039;26.80523109436035;9063.0;9737.0
;;11.028000523801893;92.7320785522461;26.811038970947266;9134.0;9792.0
;;11.032000523991883;92.74077606201172;26.816909790039062;9205.0;9840.0
;;11.036000524181873;92.74945068359375;26.82292938232422;9259.0;9889.0
;;11.040000524371862;92.75797271728516;26.829004287719727;9308.0;9953.0
;;11.044000524561852;92.76618194580078;26.83523941040039;9386.0;10006.0
;;11.048000524751842;92.77456665039062;26.841007232666016;9433.0;10054.0
;;11.052000524941832;92.78314208984375;26.8475341796875;9494.0;10102.0
;;11.056000525131822;92.79157257080078;26.853723526000977;9527.0;10184.0
;;11.060000525321811;92.79953002929688;26.859960556030273;9603.0;10237.0
;;11.064000525511801;92.80735778808594;26.865869522094727;9668.0;10265.0
;;11.068000525701791;92.81499481201172;26.87261962890625;9732.0;10329.0
;;11.07200052589178;92.82325744628906;26.878955841064453;9791.0;10386.0
;;11.07600052608177;92.83126831054688;26.88528060913086;9837.0;10439.0
;;11.08000052627176;92.83891296386719;26.89162254333496;9899.0;10492.0
;;11.08400052646175;92.84650421142578;26.89797019958496;9961.0;10545.0
;;11.08800052665174;92.85396575927734;26.904251098632812;9984.0;10613.0
;;11.09200052684173;92.861572265625;26.91020393371582;10081.0;10661.0
;;11.09600052703172;92.8691635131836;26.916889190673828;10121.0;10733.0
;;11.10000052722171;92.8768310546875;26.923213958740234;10173.0;10760.0
;;11.1040005274117;92.88465881347656;26.929529190063477;10245.0;10824.0
;;11.108000527601689;92.89257049560547;26.935657501220703;10278.0;10877.0
;;11.112000527791679;92.90052032470703;26.941600799560547;10367.0;10949.0
;;11.116000527981669;92.90864562988281;26.947309494018555;10428.0;10987.0
;;11.120000528171659;92.91661071777344;26.953617095947266;10484.0;11050.0
;;11.124000528361648;92.92498016357422;26.959566116333008;10555.0;11105.0
;;11.128000528551638;92.93301391601562;26.965368270874023;10600.0;11143.0
;;11.132000528741628;92.94026947021484;26.970788955688477;10667.0;11202.0
;;11.136000528931618;92.94844055175781;26.976858139038086;10713.0;11260.0
;;11.140000529121608;92.9561996459961;26.98245620727539;10789.0;11325.0
;;11.144000529311597;92.96408081054688;26.98818588256836;10857.0;11364.0
;;11.148000529501587;92.97159576416016;26.99395179748535;10896.0;11421.0
;;11.152000529691577;92.97901153564453;26.999597549438477;10946.0;11483.0
;;11.156000529881567;92.98646545410156;27.004974365234375;11009.0;11522.0
;;11.160000530071557;92.99365997314453;27.011381149291992;11047.0;11593.0
;;11.164000530261546;93.0011215209961;27.01740074157715;11135.0;11639.0
;;11.168000530451536;93.00830841064453;27.023212432861328;11183.0;11708.0
;;11.172000530641526;93.01522064208984;27.029037475585938;11255.0;11749.0
;;11.176000530831516;93.0223617553711;27.035120010375977;11293.0;11815.0
;;11.180000531021506;93.02936553955078;27.041139602661133;11339.0;11851.0
;;11.184000531211495;93.0364990234375;27.047147750854492;11393.0;11911.0
;;11.188000531401485;93.04360961914062;27.053186416625977;11467.0;11976.0
;;11.192000531591475;93.0506820678711;27.059770584106445;11498.0;12020.0
;;11.196000531781465;93.05789947509766;27.066181182861328;11578.0;12079.0
;;11.200000531971455;93.06520080566406;27.07243537902832;11640.0;12131.0
;;11.204000532161444;93.07279205322266;27.07853889465332;11703.0;12206.0
;;11.208000532351434;93.0803451538086;27.08452796936035;11743.0;12236.0
;;11.212000532541424;93.0877685546875;27.090669631958008;11794.0;12308.0
;;11.216000532731414;93.09515380859375;27.09665870666504;11853.0;12354.0
;;11.220000532921404;93.10266876220703;27.1026554107666;11918.0;12414.0
;;11.224000533111393;93.11031341552734;27.10803985595703;11966.0;12470.0
;;11.228000533301383;93.1180419921875;27.114212036132812;12037.0;12510.0
;;11.232000533491373;93.12569427490234;27.119915008544922;12108.0;12585.0
;;11.236000533681363;93.13323211669922;27.12572479248047;12158.0;12633.0
;;11.240000533871353;93.14067840576172;27.13108253479004;12222.0;12688.0
;;11.244000534061342;93.14794158935547;27.13720703125;12265.0;12719.0
;;11.248000534251332;93.15523529052734;27.14287757873535;12348.0;12788.0
;;11.252000534441322;93.16226959228516;27.14849853515625;12376.0;12844.0
;;11.256000534631312;93.16921997070312;27.15435791015625;12444.0;12894.0
;;11.260000534821302;93.17601013183594;27.16013526916504;12493.0;12947.0
;;11.264000535011292;93.18293762207031;27.165817260742188;12533.0;13000.0
;;11.268000535201281;93.18956756591797;27.171358108520508;12591.0;13042.0
;;11.272000535391271;93.19622039794922;27.177066802978516;12656.0;13082.0
;;11.276000535581261;93.20281219482422;27.182659149169922;12694.0;13146.0
;;11.28000053577125;93.20939636230469;27.188459396362305;12758.0;13194.0
;;11.28400053596124;93.21668243408203;27.193950653076172;12801.0;13254.0
;;11.28800053615123;93.22331237792969;27.200117111206055;12878.0;13315.0
;;11.29200053634122;93.23016357421875;27.206079483032227;12937.0;13367.0
;;11.29600053653121;93.23725891113281;27.21210479736328;12994.0;13424.0
;;11.3000005367212;93.2439193725586;27.217987060546875;13036.0;13471.0
;;11.30400053691119;93.25079345703125;27.22378921508789;13088.0;13548.0
;;11.30800053710118;93.25736999511719;27.229127883911133;13134.0;13582.0
;;11.31200053729117;93.26398468017578;27.235065460205078;13206.0;13629.0
;;11.316000537481159;93.27031707763672;27.24049949645996;13254.0;13670.0
;;11.320000537671149;93.276611328125;27.245769500732422;13291.0;13730.0
;;11.324000537861139;93.28272247314453;27.251237869262695;13339.0;13791.0
;;11.328000538051128;93.28900909423828;27.256269454956055;13377.0;13807.0
;;11.332000538241118;93.29481506347656;27.261123657226562;13442.0;13868.0
;;11.336000538431108;93.3004379272461;27.265775680541992;13497.0;13903.0
;;11.340000538621098;93.30656433105469;27.270353317260742;13548.0;13938.0
;;11.344000538811088;93.31221771240234;27.274761199951172;13596.0;13992.0
;;11.348000539001077;93.31727600097656;27.2790584564209;13617.0;14005.0
;;11.352000539191067;93.32302856445312;27.283287048339844;13668.0;14057.0
;;11.356000539381057;93.32842254638672;27.287321090698242;13701.0;14106.0
;;11.360000539571047;93.3337631225586;27.29136848449707;13744.0;14134.0
;;11.364000539761037;93.3384780883789;27.295236587524414;13760.0;14158.0
;;11.368000539951026;93.34282684326172;27.298988342285156;13811.0;14193.0
;;11.372000540141016;93.34730529785156;27.302520751953125;13859.0;14232.0
;;11.376000540331006;93.3515853881836;27.306398391723633;13884.0;14267.0
;;11.380000540520996;93.3556900024414;27.309900283813477;13924.0;14298.0
;;11.384000540710986;93.35967254638672;27.313501358032227;13971.0;14325.0
;;11.388000540900975;93.36348724365234;27.31689453125;13990.0;14367.0
;;11.392000541090965;93.36724853515625;27.32023811340332;14031.0;14399.0
;;11.396000541280955;93.37110137939453;27.323570251464844;14049.0;14425.0
;;11.400000541470945;93.3746566772461;27.326791763305664;14089.0;14457.0
;;11.404000541660935;93.37865447998047;27.32996940612793;14109.0;14491.0
;;11.408000541850924;93.38236999511719;27.333026885986328;14148.0;14521.0
;;11.412000542040914;93.38609313964844;27.33601951599121;14176.0;14534.0
;;11.416000542230904;93.3897933959961;27.33892250061035;14203.0;14581.0
;;11.420000542420894;93.39335632324219;27.3417911529541;14241.0;14575.0
;;11.424000542610884;93.3970718383789;27.344585418701172;14244.0;14604.0
;;11.428000542800874;93.40074920654297;27.34734535217285;14296.0;14640.0
;;11.432000542990863;93.40435028076172;27.35009002685547;14322.0;14670.0
;;11.436000543180853;93.40795135498047;27.352691650390625;14341.0;14672.0
;;11.440000543370843;93.41154479980469;27.355253219604492;14395.0;14711.0
;;11.444000543560833;93.41497802734375;27.35781478881836;14424.0;14741.0
;;11.448000543750823;93.41845703125;27.36029624938965;14450.0;14758.0
;;11.452000543940812;93.42188262939453;27.3627872467041;14482.0;14798.0
;;11.456000544130802;93.42532348632812;27.36520767211914;14503.0;14797.0
;;11.460000544320792;93.42876434326172;27.367656707763672;14536.0;14812.0
;;11.464000544510782;93.43217468261719;27.370037078857422;14561.0;14853.0
;;11.468000544700772;93.4353256225586;27.372346878051758;14587.0;14867.0
;;11.472000544890761;93.43890380859375;27.374835968017578;14617.0;14894.0
;;11.476000545080751;93.4422836303711;27.377216339111328;14629.0;14924.0
;;11.480000545270741;93.44556427001953;27.37955093383789;14662.0;14948.0
;;11.48400054546073;93.44877624511719;27.381921768188477;14695.0;14963.0
;;11.48800054565072;93.45177459716797;27.384288787841797;14729.0;14980.0
;;11.49200054584071;93.45503234863281;27.38666343688965;14734.0;15003.0
;;11.4960005460307;93.4581069946289;27.38894271850586;14761.0;15018.0
;;11.50000054622069;93.46113586425781;27.3912410736084;14795.0;15041.0
;;11.50400054641068;93.46407318115234;27.393360137939453;14818.0;15075.0
;;11.50800054660067;93.46676635742188;27.395444869995117;14846.0;15093.0
;;11.51200054679066;93.46971893310547;27.39777374267578;14855.0;15101.0
;;11.51600054698065;93.47267150878906;27.39998435974121;14887.0;15136.0
;;11.520000547170639;93.47527313232422;27.40214729309082;14902.0;15147.0
;;11.524000547360629;93.47781372070312;27.40424919128418;14926.0;15154.0
;;11.528000547550619;93.48023223876953;27.406354904174805;14937.0;15176.0
;;11.532000547740608;93.48251342773438;27.408462524414062;14952.0;15212.0
;;11.536000547930598;93.48468017578125;27.410587310791016;14976.0;15210.0
;;11.540000548120588;93.48676300048828;27.41255760192871;14976.0;15229.0
;;11.544000548310578;93.48884582519531;27.414424896240234;15012.0;15254.0
;;11.548000548500568;93.49076843261719;27.416393280029297;15012.0;15258.0
;;11.552000548690557;93.4925308227539;27.418264389038086;15032.0;15284.0
;;11.556000548880547;93.49458312988281;27.420066833496094;15058.0;15291.0
;;11.560000549070537;93.49637603759766;27.421794891357422;15051.0;15311.0
;;11.564000549260527;93.49820709228516;27.423442840576172;15090.0;15325.0
;;11.568000549450517;93.5001220703125;27.425146102905273;15115.0;15347.0
;;11.572000549640507;93.50230407714844;27.427167892456055;15122.0;15366.0
;;11.576000549830496;93.50457000732422;27.42937469482422;15154.0;15375.0
;;11.580000550020486;93.5073471069336;27.431652069091797;15165.0;15417.0
;;11.584000550210476;93.51016235351562;27.43423080444336;15201.0;15434.0
;;11.588000550400466;93.51324462890625;27.436973571777344;15238.0;15452.0
;;11.592000550590456;93.51651763916016;27.439983367919922;15284.0;15500.0
;;11.596000550780445;93.52001190185547;27.443138122558594;15295.0;15536.0
;;11.600000550970435;93.52345275878906;27.446508407592773;15348.0;15585.0
;;11.604000551160425;93.52760314941406;27.450023651123047;15364.0;15597.0
;;11.608000551350415;93.53164672851562;27.453777313232422;15429.0;15626.0
;;11.612000551540405;93.53596496582031;27.457706451416016;15479.0;15672.0
;;11.616000551730394;93.5402603149414;27.46193504333496;15508.0;15716.0
;;11.620000551920384;93.54486083984375;27.466093063354492;15540.0;15762.0
;;11.624000552110374;93.54945373535156;27.47057342529297;15597.0;15817.0
;;11.628000552300364;93.55419158935547;27.475061416625977;15622.0;15842.0
;;11.632000552490354;93.55903625488281;27.479745864868164;15664.0;15915.0
;;11.636000552680343;93.56396484375;27.484464645385742;15695.0;15942.0
;;11.640000552870333;93.56876373291016;27.489242553710938;15743.0;16011.0
;;11.644000553060323;93.57410430908203;27.494125366210938;15815.0;16025.0
;;11.648000553250313;93.57992553710938;27.4990234375;15862.0;16101.0
;;11.652000553440303;93.58565521240234;27.503799438476562;15900.0;16147.0
;;11.656000553630292;93.5915298461914;27.509300231933594;15955.0;16205.0
;;11.660000553820282;93.59751892089844;27.514238357543945;16005.0;16249.0
;;11.664000554010272;93.60368347167969;27.519372940063477;16041.0;16299.0
;;11.668000554200262;93.61016845703125;27.524572372436523;16108.0;16362.0
;;11.672000554390252;93.61702728271484;27.529911041259766;16160.0;16402.0
;;11.676000554580241;93.62410736083984;27.5353946685791;16208.0;16460.0
;;11.680000554770231;93.63080596923828;27.541122436523438;16259.0;16511.0
;;11.684000554960221;93.63861846923828;27.546966552734375;16317.0;16567.0
;;11.68800055515021;93.64598846435547;27.552906036376953;16377.0;16633.0
;;11.6920005553402;93.65339660644531;27.559066772460938;16415.0;16691.0
;;11.69600055553019;93.66082000732422;27.565589904785156;16480.0;16759.0
;;11.70000055572018;93.66777801513672;27.57223129272461;16532.0;16797.0
;;11.70400055591017;93.6754379272461;27.578948974609375;16584.0;16868.0
;;11.70800055610016;93.6825942993164;27.5858154296875;16628.0;16934.0
;;11.71200055629015;93.6897201538086;27.592884063720703;16690.0;17006.0
;;11.71600055648014;93.69676971435547;27.60002899169922;16724.0;17065.0
;;11.72000055667013;93.7037582397461;27.60725975036621;16796.0;17141.0
;;11.724000556860119;93.71058654785156;27.614591598510742;16823.0;17209.0
;;11.728000557050109;93.7177734375;27.62192153930664;16900.0;17275.0
;;11.732000557240099;93.72486114501953;27.62911033630371;16947.0;17345.0
;;11.736000557430089;93.73193359375;27.63625717163086;17000.0;17398.0
;;11.740000557620078;93.73927307128906;27.64345359802246;17048.0;17466.0
;;11.744000557810068;93.74656677246094;27.650564193725586;17116.0;17537.0
;;11.748000558000058;93.75394439697266;27.657527923583984;17156.0;17599.0
;;11.752000558190048;93.76148986816406;27.6646671295166;17219.0;17653.0
;;11.756000558380038;93.76921081542969;27.671789169311523;17277.0;17733.0
;;11.760000558570027;93.77715301513672;27.678813934326172;17332.0;17810.0
;;11.764000558760017;93.78543853759766;27.685413360595703;17410.0;17873.0
;;11.768000558950007;93.79383850097656;27.692949295043945;17467.0;17926.0
;;11.772000559139997;93.80248260498047;27.69985008239746;17534.0;18005.0
;;11.776000559329987;93.81143951416016;27.706592559814453;17607.0;18058.0
;;11.780000559519976;93.8204116821289;27.71341896057129;17670.0;18126.0
;;11.784000559709966;93.82952880859375;27.72026252746582;17743.0;18220.0
;;11.788000559899956;93.83883666992188;27.72695541381836;17814.0;18255.0
;;11.792000560089946;93.8480224609375;27.73480224609375;17865.0;18340.0
;;11.796000560279936;93.8568344116211;27.74250602722168;17928.0;18415.0
;;11.800000560469925;93.86572265625;27.750320434570312;17986.0;18462.0
;;11.804000560659915;93.8743896484375;27.757736206054688;18043.0;18564.0
;;11.808000560849905;93.88289642333984;27.766376495361328;18132.0;18653.0
;;11.812000561039895;93.89130401611328;27.774639129638672;18184.0;18723.0
;;11.816000561229885;93.89984893798828;27.782896041870117;18259.0;18803.0
;;11.820000561419874;93.90845489501953;27.79128074645996;18321.0;18874.0
;;11.824000561609864;93.91677856445312;27.799701690673828;18391.0;18958.0
;;11.828000561799854;93.92436981201172;27.80824089050293;18457.0;19050.0
;;11.832000561989844;93.93244171142578;27.81690788269043;18523.0;19110.0
;;11.836000562179834;93.94147491455078;27.825313568115234;18590.0;19209.0
;;11.840000562369823;93.95037841796875;27.833566665649414;18658.0;19277.0
;;11.844000562559813;93.95960235595703;27.841808319091797;18725.0;19352.0
;;11.848000562749803;93.96907806396484;27.849639892578125;18804.0;19415.0
;;11.852000562939793;93.9788589477539;27.857479095458984;18866.0;19505.0
;;11.856000563129783;93.9889144897461;27.865243911743164;18959.0;19551.0
;;11.860000563319772;93.99906158447266;27.8726806640625;19014.0;19643.0
;;11.864000563509762;94.00936126708984;27.88035011291504;19091.0;19700.0
;;11.868000563699752;94.01951599121094;27.88745880126953;19176.0;19757.0
;;11.872000563889742;94.02853393554688;27.89563751220703;19245.0;19836.0
;;11.876000564079732;94.0379638671875;27.903568267822266;19310.0;19907.0
;;11.880000564269722;94.0479965209961;27.911712646484375;19388.0;19992.0
;;11.884000564459711;94.0576171875;27.919958114624023;19454.0;20040.0
;;11.888000564649701;94.0667953491211;27.928285598754883;19530.0;20144.0
;;11.892000564839691;94.07581329345703;27.936790466308594;19602.0;20202.0
;;11.89600056502968;94.08493041992188;27.945266723632812;19639.0;20285.0
;;11.90000056521967;94.09315490722656;27.95406150817871;19727.0;20351.0
;;11.90400056540966;94.10244750976562;27.963172912597656;19802.0;20431.0
;;11.90800056559965;94.11125183105469;27.972517013549805;19884.0;20500.0
;;11.91200056578964;94.12062072753906;27.98201560974121;19956.0;20582.0
;;11.91600056597963;94.12989807128906;27.991426467895508;20014.0;20667.0
;;11.92000056616962;94.13938903808594;27.99996566772461;20080.0;20736.0
;;11.92400056635961;94.14933776855469;28.009370803833008;20164.0;20807.0
;;11.9280005665496;94.15961456298828;28.017948150634766;20238.0;20891.0
;;11.932000566739589;94.16989135742188;28.026315689086914;20312.0;20940.0
;;11.936000566929579;94.17996978759766;28.034543991088867;20389.0;21016.0
;;11.940000567119569;94.19022369384766;28.04294204711914;20479.0;21094.0
;;11.944000567309558;94.20056915283203;28.051645278930664;20576.0;21166.0
;;11.948000567499548;94.21077728271484;28.060392379760742;20624.0;21230.0
;;11.952000567689538;94.22069549560547;28.068315505981445;20689.0;21316.0
;;11.956000567879528;94.23050689697266;28.07601547241211;20761.0;21370.0
;;11.960000568069518;94.24009704589844;28.085268020629883;20841.0;21446.0
;;11.964000568259507;94.24947357177734;28.093782424926758;20920.0;21510.0
;;11.968000568449497;94.25870513916016;28.102413177490234;20979.0;21595.0
;;11.972000568639487;94.26842498779297;28.11126136779785;21063.0;21665.0
;;11.976000568829477;94.27755737304688;28.120365142822266;21136.0;21762.0
;;11.980000569019467;94.2867660522461;28.1297607421875;21190.0;21822.0
;;11.984000569209456;94.2962875366211;28.139602661132812;21285.0;21905.0
;;11.988000569399446;94.30597686767578;28.14963722229004;21380.0;21989.0
;;11.992000569589436;94.31613159179688;28.159761428833008;21440.0;22074.0
;;11.996000569779426;94.32635498046875;28.16918182373047;21524.0;22126.0
;;12.000000569969416;94.33533477783203;28.178470611572266;21583.0;22226.0
;;12.004000570159405;94.34708404541016;28.187711715698242;21691.0;22300.0
;;12.008000570349395;94.3579330444336;28.196741104125977;21783.0;22381.0
;;12.012000570539385;94.36897277832031;28.205581665039062;21861.0;22455.0
;;12.016000570729375;94.38044738769531;28.21389389038086;21948.0;22526.0
;;12.020000570919365;94.39095306396484;28.223844528198242;22032.0;22605.0
;;12.024000571109354;94.40143585205078;28.232553482055664;22108.0;22673.0
;;12.028000571299344;94.4115982055664;28.241256713867188;22177.0;22764.0
;;12.032000571489334;94.42160034179688;28.249954223632812;22242.0;22835.0
;;12.036000571679324;94.43124389648438;28.258705139160156;22347.0;22906.0
;;12.040000571869314;94.43970489501953;28.26761245727539;22410.0;22984.0
;;12.044000572059304;94.45092010498047;28.276813507080078;22495.0;23048.0
;;12.048000572249293;94.46068572998047;28.28622055053711;22583.0;23143.0
;;12.052000572439283;94.47065734863281;28.29606819152832;22650.0;23221.0
;;12.056000572629273;94.48031616210938;28.306291580200195;22715.0;23305.0
;;12.060000572819263;94.489990234375;28.31684112548828;22790.0;23412.0
;;12.064000573009253;94.50022888183594;28.327472686767578;22872.0;23490.0
;;12.068000573199242;94.51029968261719;28.33802604675293;22941.0;23576.0
;;12.072000573389232;94.52056121826172;28.34689712524414;23035.0;23641.0
;;12.076000573579222;94.5312271118164;28.35779571533203;23109.0;23749.0
;;12.080000573769212;94.54197692871094;28.367019653320312;23198.0;23825.0
;;12.084000573959202;94.55241394042969;28.375865936279297;23267.0;23890.0
;;12.088000574149191;94.56278228759766;28.384441375732422;23351.0;23972.0
;;12.092000574339181;94.57266998291016;28.39308738708496;23429.0;24046.0
;;12.096000574529171;94.58228302001953;28.401384353637695;23475.0;24116.0
;;12.10000057471916;94.59176635742188;28.40951919555664;23571.0;24181.0
;;12.10400057490915;94.6009521484375;28.417551040649414;23625.0;24236.0
;;12.10800057509914;94.60967254638672;28.42542839050293;23708.0;24297.0
;;12.11200057528913;94.61847686767578;28.433156967163086;23757.0;24384.0
;;12.11600057547912;94.62700653076172;28.440914154052734;23837.0;24442.0
;;12.12000057566911;94.63543701171875;28.448549270629883;23912.0;24493.0
;;12.1240005758591;94.64402770996094;28.45634651184082;23961.0;24567.0
;;12.12800057604909;94.65155792236328;28.464447021484375;24010.0;24638.0
;;12.13200057623908;94.66001892089844;28.472684860229492;24077.0;24704.0
;;12.136000576429069;94.66964721679688;28.481136322021484;24162.0;24762.0
;;12.140000576619059;94.6783447265625;28.489870071411133;24227.0;24841.0
;;12.144000576809049;94.68729400634766;28.498567581176758;24292.0;24906.0
;;12.148000576999038;94.69659423828125;28.507410049438477;24357.0;24987.0
;;12.152000577189028;94.70613861083984;28.51607894897461;24451.0;25060.0
;;12.156000577379018;94.71553802490234;28.524084091186523;24520.0;25121.0
;;12.160000577569008;94.7248306274414;28.531991958618164;24571.0;25180.0
;;12.164000577758998;94.73397064208984;28.539852142333984;24648.0;25249.0
;;12.168000577948987;94.74273681640625;28.547344207763672;24696.0;25330.0
;;12.172000578138977;94.75113677978516;28.554523468017578;24769.0;25374.0
;;12.176000578328967;94.75931549072266;28.561330795288086;24831.0;25431.0
;;12.180000578518957;94.76704406738281;28.567968368530273;24888.0;25474.0
;;12.184000578708947;94.77459716796875;28.574539184570312;24948.0;25547.0
;;12.188000578898937;94.78216552734375;28.580799102783203;25015.0;25598.0
;;12.192000579088926;94.78955841064453;28.586973190307617;25071.0;25642.0
;;12.196000579278916;94.79693603515625;28.593141555786133;25118.0;25696.0
;;12.200000579468906;94.80423736572266;28.599031448364258;25194.0;25737.0
;;12.204000579658896;94.81143951416016;28.604978561401367;25253.0;25772.0
;;12.208000579848886;94.81851959228516;28.610946655273438;25279.0;25849.0
;;12.212000580038875;94.82546997070312;28.616052627563477;25339.0;25883.0
;;12.216000580228865;94.83232879638672;28.623023986816406;25413.0;25939.0
;;12.220000580418855;94.839111328125;28.6292724609375;25471.0;25974.0
;;12.224000580608845;94.84601593017578;28.63583755493164;25523.0;26055.0
;;12.228000580798835;94.85303497314453;28.64254379272461;25592.0;26109.0
;;12.232000580988824;94.86018371582031;28.649431228637695;25638.0;26185.0
;;12.236000581178814;94.86773681640625;28.656383514404297;25688.0;26219.0
;;12.240000581368804;94.87518310546875;28.663597106933594;25747.0;26290.0
;;12.244000581558794;94.88267517089844;28.670963287353516;25793.0;26378.0
;;12.248000581748784;94.89037322998047;28.678274154663086;25869.0;26416.0
;;12.252000581938773;94.89788055419922;28.68546485900879;25918.0;26480.0
;;12.256000582128763;94.90559387207031;28.692428588867188;25990.0;26544.0
;;12.260000582318753;94.91268157958984;28.699243545532227;26042.0;26591.0
;;12.264000582508743;94.9197769165039;28.70562171936035;26082.0;26645.0
;;12.268000582698733;94.92670440673828;28.712047576904297;26143.0;26711.0
;;12.272000582888722;94.93352508544922;28.718425750732422;26190.0;26750.0
;;12.276000583078712;94.93928527832031;28.724197387695312;26242.0;26808.0
;;12.280000583268702;94.94561004638672;28.7298526763916;26292.0;26845.0
;;12.284000583458692;94.95275115966797;28.73544692993164;26327.0;26890.0
;;12.288000583648682;94.95885467529297;28.740680694580078;26389.0;26938.0
;;12.292000583838671;94.96473693847656;28.745906829833984;26423.0;26988.0
;;12.296000584028661;94.97059631347656;28.750858306884766;26488.0;27021.0
;;12.300000584218651;94.97563934326172;28.755746841430664;26508.0;27066.0
;;12.30400058440864;94.98133850097656;28.76061248779297;26558.0;27096.0
;;12.30800058459863;94.98729705810547;28.765390396118164;26618.0;27148.0
;;12.31200058478862;94.99230194091797;28.770105361938477;26639.0;27211.0
;;12.31600058497861;94.99716186523438;28.774580001831055;26682.0;27229.0
;;12.3200005851686;95.00191497802734;28.77918815612793;26707.0;27264.0
;;12.32400058535859;95.0067138671875;28.78369140625;26738.0;27312.0
;;12.32800058554858;95.0115966796875;28.78819465637207;26797.0;27345.0
;;12.33200058573857;95.01646423339844;28.792850494384766;26852.0;27375.0
;;12.33600058592856;95.02183532714844;28.79741859436035;26873.0;27415.0
;;12.340000586118549;95.02734375;28.801565170288086;26931.0;27459.0
;;12.344000586308539;95.03246307373047;28.807096481323242;26985.0;27495.0
;;12.348000586498529;95.0391845703125;28.812021255493164;27014.0;27538.0
;;12.352000586688519;95.04529571533203;28.81705093383789;27068.0;27588.0
;;12.356000586878508;95.0517578125;28.82151985168457;27119.0;27636.0
;;12.360000587068498;95.05829620361328;28.827430725097656;27178.0;27669.0
;;12.364000587258488;95.06498718261719;28.83268165588379;27208.0;27729.0
;;12.368000587448478;95.0716323852539;28.837997436523438;27263.0;27760.0
;;12.372000587638468;95.0781478881836;28.843379974365234;27315.0;27803.0
;;12.376000587828457;95.08431243896484;28.848678588867188;27371.0;27845.0
;;12.380000588018447;95.0899429321289;28.853809356689453;27414.0;27903.0
;;12.384000588208437;95.09453582763672;28.858251571655273;27430.0;27923.0
;;12.388000588398427;95.10018920898438;28.863964080810547;27474.0;27976.0
;;12.392000588588417;95.10508728027344;28.86895179748535;27497.0;28008.0
;;12.396000588778406;95.10987091064453;28.873769760131836;27547.0;28049.0
;;12.400000588968396;95.11456298828125;28.878555297851562;27578.0;28089.0
;;12.404000589158386;95.1192626953125;28.883485794067383;27624.0;28123.0
;;12.408000589348376;95.12395477294922;28.888093948364258;27664.0;28155.0
;;12.412000589538366;95.12841033935547;28.892446517944336;27688.0;28206.0
;;12.416000589728355;95.13286590576172;28.896818161010742;27732.0;28239.0
;;12.420000589918345;95.13726806640625;28.90085220336914;27761.0;28273.0
;;12.424000590108335;95.14154815673828;28.904634475708008;27795.0;28296.0
;;12.428000590298325;95.14581298828125;28.908353805541992;27825.0;28332.0
;;12.432000590488315;95.14990997314453;28.911996841430664;27852.0;28366.0
;;12.436000590678304;95.15393829345703;28.915342330932617;27906.0;28375.0
;;12.440000590868294;95.15791320800781;28.91865348815918;27917.0;28408.0
;;12.444000591058284;95.16173553466797;28.921876907348633;27956.0;28440.0
;;12.448000591248274;95.16549682617188;28.924991607666016;27990.0;28459.0
;;12.452000591438264;95.16912078857422;28.928136825561523;28010.0;28480.0
;;12.456000591628253;95.1728286743164;28.931188583374023;28015.0;28520.0
;;12.460000591818243;95.176513671875;28.934144973754883;28055.0;28522.0
;;12.464000592008233;95.18032836914062;28.93717384338379;28087.0;28555.0
;;12.468000592198223;95.18416595458984;28.940082550048828;28137.0;28588.0
;;12.472000592388213;95.18805694580078;28.94308853149414;28144.0;28609.0
;;12.476000592578202;95.19196319580078;28.945932388305664;28211.0;28653.0
;;12.480000592768192;95.19561767578125;28.94882583618164;28226.0;28666.0
;;12.484000592958182;95.20027160644531;28.951753616333008;28262.0;28682.0
;;12.488000593148172;95.2044448852539;28.95465660095215;28281.0;28714.0
;;12.492000593338162;95.20874786376953;28.957622528076172;28323.0;28755.0
;;12.496000593528152;95.21315002441406;28.96053695678711;28377.0;28764.0
;;12.500000593718141;95.21769714355469;28.96357536315918;28399.0;28787.0
;;12.504000593908131;95.22232818603516;28.966659545898438;28444.0;28815.0
;;12.508000594098121;95.22693634033203;28.969764709472656;28475.0;28853.0
;;12.51200059428811;95.23151397705078;28.972965240478516;28494.0;28862.0
;;12.5160005944781;95.23606872558594;28.97623634338379;28543.0;28902.0
;;12.52000059466809;95.24050903320312;28.979509353637695;28584.0;28923.0
;;12.52400059485808;95.24479675292969;28.98289680480957;28606.0;28960.0
;;12.52800059504807;95.24903106689453;28.98633575439453;28650.0;28988.0
;;12.53200059523806;95.25272369384766;28.989791870117188;28664.0;29011.0
;;12.53600059542805;95.25743865966797;28.993215560913086;28710.0;29045.0
;;12.54000059561804;95.26158905029297;28.996244430541992;28748.0;29074.0
;;12.54400059580803;95.2657699584961;29.000165939331055;28765.0;29107.0
;;12.548000595998019;95.26937866210938;29.003541946411133;28809.0;29131.0
;;12.552000596188009;95.27375793457031;29.0069522857666;28831.0;29163.0
;;12.556000596377999;95.2777099609375;29.009990692138672;28874.0;29194.0
;;12.560000596567988;95.28143310546875;29.013763427734375;28888.0;29232.0
;;12.564000596757978;95.28499603271484;29.017133712768555;28929.0;29249.0
;;12.568000596947968;95.28848266601562;29.020517349243164;28933.0;29295.0
;;12.572000597137958;95.29185485839844;29.023754119873047;28967.0;29310.0
;;12.576000597327948;95.29508209228516;29.027141571044922;29004.0;29335.0
;;12.580000597517937;95.29816436767578;29.030534744262695;29006.0;29362.0
;;12.584000597707927;95.30120849609375;29.033803939819336;29049.0;29394.0
;;12.588000597897917;95.30413818359375;29.03706169128418;29064.0;29411.0
;;12.592000598087907;95.30697631835938;29.040544509887695;29082.0;29443.0
;;12.596000598277897;95.30976867675781;29.043737411499023;29107.0;29466.0
;;12.600000598467886;95.31246948242188;29.047412872314453;29142.0;29513.0
;;12.604000598657876;95.31513214111328;29.050594329833984;29156.0;29552.0
;;12.608000598847866;95.31776428222656;29.054407119750977;29166.0;29568.0
;;12.612000599037856;95.32035064697266;29.057771682739258;29204.0;29605.0
;;12.616000599227846;95.32293701171875;29.061012268066406;29221.0;29627.0
;;12.620000599417835;95.32538604736328;29.063690185546875;29232.0;29644.0
;;12.624000599607825;95.32787322998047;29.06690788269043;29266.0;29678.0
;;12.628000599797815;95.33028411865234;29.069704055786133;29284.0;29704.0
;;12.632000599987805;95.33235168457031;29.072080612182617;29302.0;29704.0
;;12.636000600177795;95.3346939086914;29.07495880126953;29308.0;29746.0
;;12.640000600367785;95.33699798583984;29.077333450317383;29320.0;29771.0
;;12.644000600557774;95.33953857421875;29.079648971557617;29357.0;29767.0
;;12.648000600747764;95.34183502197266;29.08148193359375;29359.0;29787.0
;;12.652000600937754;95.34408569335938;29.083852767944336;29400.0;29828.0
;;12.656000601127744;95.34609985351562;29.085765838623047;29400.0;29822.0
;;12.660000601317734;95.34849548339844;29.08759880065918;29417.0;29844.0
;;12.664000601507723;95.35111999511719;29.089481353759766;29448.0;29848.0
;;12.668000601697713;95.35367584228516;29.091150283813477;29461.0;29865.0
;;12.672000601887703;95.3562240600586;29.09288787841797;29509.0;29870.0
;;12.676000602077693;95.35867309570312;29.094633102416992;29514.0;29895.0
;;12.680000602267683;95.36105346679688;29.0960750579834;29535.0;29900.0
;;12.684000602457672;95.36399841308594;29.097972869873047;29562.0;29936.0
;;12.688000602647662;95.36663818359375;29.099319458007812;29586.0;29923.0
;;12.692000602837652;95.36930084228516;29.101041793823242;29581.0;29929.0
;;12.696000603027642;95.37200927734375;29.102766036987305;29626.0;29956.0
;;12.700000603217632;95.374755859375;29.10424041748047;29639.0;29972.0
;;12.704000603407621;95.3774642944336;29.105791091918945;29646.0;29972.0
;;12.708000603597611;95.38015747070312;29.10757064819336;29692.0;29991.0
;;12.712000603787601;95.38276672363281;29.10931968688965;29695.0;30023.0
;;12.71600060397759;95.38536834716797;29.11107635498047;29708.0;30035.0
;;12.72000060416758;95.38803100585938;29.11256980895996;29752.0;30065.0
;;12.72400060435757;95.39077758789062;29.114477157592773;29778.0;30064.0
;;12.72800060454756;95.39348602294922;29.116252899169922;29783.0;30066.0
;;12.73200060473755;95.39620208740234;29.11792755126953;29827.0;30087.0
;;12.73600060492754;95.39892578125;29.11953353881836;29850.0;30118.0
;;12.74000060511753;95.40157318115234;29.121501922607422;29866.0;30106.0
;;12.74400060530752;95.4044189453125;29.12324333190918;29894.0;30155.0
;;12.74800060549751;95.4071273803711;29.12511444091797;29906.0;30147.0
;;12.752000605687499;95.40992736816406;29.127004623413086;29922.0;30162.0
;;12.756000605877489;95.4127197265625;29.128665924072266;29960.0;30187.0
;;12.760000606067479;95.41545104980469;29.130590438842773;29955.0;30197.0
;;12.764000606257468;95.41819763183594;29.132606506347656;30008.0;30227.0
;;12.768000606447458;95.4209213256836;29.134435653686523;30010.0;30237.0
;;12.772000606637448;95.42352294921875;29.136430740356445;30036.0;30256.0
;;12.776000606827438;95.42623138427734;29.138473510742188;30040.0;30270.0
;;12.780000607017428;95.42886352539062;29.140443801879883;30075.0;30291.0
;;12.784000607207417;95.43148803710938;29.142498016357422;30114.0;30324.0
;;12.788000607397407;95.43405151367188;29.14450454711914;30114.0;30320.0
;;12.792000607587397;95.43657684326172;29.146469116210938;30121.0;30353.0
;;12.796000607777387;95.43905639648438;29.14840316772461;30164.0;30354.0
;;12.800000607967377;95.44151306152344;29.150415420532227;30163.0;30390.0
;;12.804000608157367;95.44391632080078;29.152307510375977;30176.0;30398.0
;;12.808000608347356;95.44625091552734;29.154085159301758;30200.0;30406.0
;;12.812000608537346;95.44855499267578;29.155925750732422;30236.0;30427.0
;;12.816000608727336;95.45076751708984;29.157737731933594;30235.0;30450.0
;;12.820000608917326;95.45305633544922;29.159507751464844;30247.0;30457.0
;;12.824000609107316;95.45509338378906;29.161216735839844;30274.0;30457.0
;;12.828000609297305;95.4573974609375;29.16291618347168;30294.0;30491.0
;;12.832000609487295;95.45950317382812;29.164630889892578;30316.0;30474.0
;;12.836000609677285;95.46150207519531;29.166297912597656;30341.0;30526.0
;;12.840000609867275;95.46346282958984;29.167985916137695;30324.0;30513.0
;;12.844000610057265;95.46524810791016;29.169652938842773;30342.0;30540.0
;;12.848000610247254;95.46717834472656;29.171268463134766;30354.0;30561.0
;;12.852000610437244;95.46886444091797;29.17284393310547;30384.0;30558.0
;;12.856000610627234;95.47050476074219;29.174427032470703;30399.0;30576.0
;;12.860000610817224;95.47200012207031;29.176061630249023;30390.0;30594.0
;;12.864000611007214;95.47344207763672;29.177658081054688;30409.0;30598.0
;;12.868000611197203;95.47493743896484;29.17922019958496;30422.0;30616.0
;;12.872000611387193;95.47633361816406;29.180763244628906;30426.0;30641.0
;;12.876000611577183;95.47761535644531;29.182344436645508;30432.0;30636.0
;;12.880000611767173;95.47892761230469;29.183902740478516;30451.0;30643.0
;;12.884000611957163;95.48017120361328;29.185483932495117;30449.0;30674.0
;;12.888000612147152;95.48133850097656;29.18705940246582;30460.0;30679.0
;;12.892000612337142;95.48260498046875;29.1886043548584;30471.0;30702.0
;;12.896000612527132;95.48372650146484;29.19019889831543;30479.0;30697.0
;;12.900000612717122;95.48487854003906;29.19182586669922;30491.0;30724.0
;;12.904000612907112;95.4859619140625;29.193424224853516;30504.0;30752.0
;;12.908000613097101;95.48710632324219;29.195066452026367;30507.0;30753.0
;;12.912000613287091;95.4881820678711;29.19674301147461;30524.0;30759.0
;;12.916000613477081;95.48924255371094;29.198379516601562;30535.0;30777.0
;;12.92000061366707;95.49029541015625;29.200090408325195;30550.0;30793.0
;;12.92400061385706;95.49140930175781;29.201824188232422;30545.0;30805.0
;;12.92800061404705;95.49249267578125;29.203523635864258;30564.0;30819.0
;;12.93200061423704;95.4935531616211;29.205270767211914;30564.0;30844.0
;;12.93600061442703;95.49463653564453;29.207033157348633;30594.0;30862.0
;;12.94000061461702;95.49568176269531;29.20880889892578;30587.0;30874.0
;;12.94400061480701;95.49678039550781;29.210620880126953;30579.0;30886.0
;;12.948000614997;95.4978256225586;29.212379455566406;30596.0;30890.0
;;12.95200061518699;95.49893951416016;29.21406364440918;30601.0;30895.0
;;12.95600061537698;95.50005340576172;29.215721130371094;30603.0;30920.0
;;12.960000615566969;95.5011215209961;29.217384338378906;30635.0;30937.0
;;12.964000615756959;95.50223541259766;29.2189998626709;30647.0;30950.0
;;12.968000615946949;95.50335693359375;29.22051239013672;30656.0;30957.0
;;12.972000616136938;95.50439453125;29.22203254699707;30656.0;30977.0
;;12.976000616326928;95.50553131103516;29.223426818847656;30671.0;30988.0
;;12.980000616516918;95.50663757324219;29.224828720092773;30705.0;30993.0
;;12.984000616706908;95.50772857666016;29.226158142089844;30710.0;31001.0
;;12.988000616896898;95.50883483886719;29.227415084838867;30712.0;31022.0
;;12.992000617086887;95.50994873046875;29.228595733642578;30723.0;31030.0
;;12.996000617276877;95.51101684570312;29.229795455932617;30735.0;31031.0
;;13.000000617466867;95.51216125488281;29.230960845947266;30740.0;31041.0
;;13.004000617656857;95.51335144042969;29.232044219970703;30745.0;31049.0
;;13.008000617846847;95.51451873779297;29.233095169067383;30749.0;31053.0
;;13.012000618036836;95.51564025878906;29.234086990356445;30772.0;31065.0
;;13.016000618226826;95.51671600341797;29.235036849975586;30768.0;31069.0
;;13.020000618416816;95.51799011230469;29.235994338989258;30790.0;31076.0
;;13.024000618606806;95.51915740966797;29.23687744140625;30790.0;31076.0
;;13.028000618796796;95.52037811279297;29.237749099731445;30810.0;31100.0
;;13.032000618986785;95.5215835571289;29.238611221313477;30812.0;31105.0
;;13.036000619176775;95.52272033691406;29.23942756652832;30828.0;31092.0
;;13.040000619366765;95.52406311035156;29.240245819091797;30840.0;31104.0
;;13.044000619556755;95.52532958984375;29.241003036499023;30844.0;31109.0
;;13.048000619746745;95.52659606933594;29.241804122924805;30851.0;31131.0
;;13.052000619936734;95.5278549194336;29.2425479888916;30870.0;31125.0
;;13.056000620126724;95.52914428710938;29.24329948425293;30876.0;31130.0
;;13.060000620316714;95.53044891357422;29.24405288696289;30889.0;31130.0
;;13.064000620506704;95.53178405761719;29.24476432800293;30918.0;31135.0
;;13.068000620696694;95.53311920166016;29.2454891204834;30917.0;31136.0
;;13.072000620886683;95.53450012207031;29.246183395385742;30936.0;31158.0
;;13.076000621076673;95.53588104248047;29.246858596801758;30940.0;31155.0
;;13.080000621266663;95.53717041015625;29.247638702392578;30980.0;31157.0
;;13.084000621456653;95.5385513305664;29.248275756835938;30958.0;31162.0
;;13.088000621646643;95.53985595703125;29.248992919921875;30980.0;31161.0
;;13.092000621836632;95.54115295410156;29.249711990356445;30983.0;31168.0
;;13.096000622026622;95.54242706298828;29.250383377075195;30995.0;31152.0
;;13.100000622216612;95.54367065429688;29.251087188720703;31030.0;31184.0
;;13.104000622406602;95.54492950439453;29.25177574157715;31029.0;31202.0
;;13.108000622596592;95.54609680175781;29.25243377685547;31016.0;31180.0
;;13.112000622786582;95.54727935791016;29.253135681152344;31025.0;31203.0
;;13.116000622976571;95.54843139648438;29.253808975219727;31066.0;31200.0
;;13.120000623166561;95.54953002929688;29.254459381103516;31057.0;31210.0
;;13.124000623356551;95.55059814453125;29.255136489868164;31071.0;31231.0
;;13.12800062354654;95.55169677734375;29.255800247192383;31068.0;31221.0
;;13.13200062373653;95.5527572631836;29.256446838378906;31074.0;31221.0
;;13.13600062392652;95.5538101196289;29.257123947143555;31061.0;31216.0
;;13.14000062411651;95.5548095703125;29.257747650146484;31105.0;31226.0
;;13.1440006243065;95.55585479736328;29.2584171295166;31103.0;31231.0
;;13.14800062449649;95.556884765625;29.259021759033203;31099.0;31250.0
;;13.15200062468648;95.55779266357422;29.25968360900879;31111.0;31233.0
;;13.15600062487647;95.55888366699219;29.260326385498047;31115.0;31249.0
;;13.16000062506646;95.55986022949219;29.260986328125;31120.0;31265.0
;;13.164000625256449;95.56086730957031;29.2615909576416;31145.0;31257.0
;;13.168000625446439;95.5618667602539;29.262218475341797;31137.0;31257.0
;;13.172000625636429;95.562744140625;29.26280975341797;31142.0;31261.0
;;13.176000625826418;95.56380462646484;29.263408660888672;31155.0;31268.0
;;13.180000626016408;95.56478118896484;29.263994216918945;31167.0;31279.0
;;13.184000626206398;95.56580352783203;29.26461410522461;31195.0;31284.0
;;13.188000626396388;95.56680297851562;29.265209197998047;31205.0;31281.0
;;13.192000626586378;95.56776428222656;29.265804290771484;31185.0;31287.0
;;13.196000626776367;95.56879425048828;29.26638412475586;31205.0;31313.0
;;13.200000626966357;95.56975555419922;29.266996383666992;31213.0;31297.0
;;13.204000627156347;95.5707015991211;29.26763343811035;31223.0;31312.0
;;13.208000627346337;95.5716552734375;29.268220901489258;31229.0;31309.0
;;13.212000627536327;95.57260131835938;29.268848419189453;31238.0;31318.0
;;13.216000627726316;95.57357788085938;29.269433975219727;31268.0;31309.0
;;13.220000627916306;95.57451629638672;29.270029067993164;31256.0;31327.0
;;13.224000628106296;95.57549285888672;29.270627975463867;31256.0;31308.0
;;13.228000628296286;95.57645416259766;29.27117919921875;31284.0;31334.0
;;13.232000628486276;95.5774154663086;29.271780014038086;31286.0;31327.0
;;13.236000628676265;95.57837677001953;29.27235221862793;31291.0;31343.0
;;13.240000628866255;95.579345703125;29.272932052612305;31296.0;31339.0
;;13.244000629056245;95.5803451538086;29.273527145385742;31296.0;31351.0
;;13.248000629246235;95.58131408691406;29.27408790588379;31314.0;31349.0
;;13.252000629436225;95.58235168457031;29.274707794189453;31328.0;31370.0
;;13.256000629626215;95.58340454101562;29.275251388549805;31334.0;31367.0
;;13.260000629816204;95.58442687988281;29.275808334350586;31346.0;31363.0
;;13.264000630006194;95.58545684814453;29.276439666748047;31364.0;31357.0
;;13.268000630196184;95.58642578125;29.277027130126953;31342.0;31379.0
;;13.272000630386174;95.58740234375;29.277599334716797;31359.0;31390.0
;;13.276000630576164;95.58837127685547;29.278162002563477;31373.0;31381.0
;;13.280000630766153;95.58934020996094;29.278762817382812;31385.0;31389.0
;;13.284000630956143;95.59031677246094;29.27935791015625;31387.0;31401.0
;;13.288000631146133;95.59127807617188;29.279949188232422;31385.0;31425.0
;;13.292000631336123;95.59223175048828;29.280548095703125;31413.0;31420.0
;;13.296000631526113;95.59317016601562;29.281145095825195;31409.0;31416.0
;;13.300000631716102;95.59406280517578;29.28174591064453;31407.0;31419.0
;;13.304000631906092;95.59500885009766;29.282323837280273;31429.0;31421.0
;;13.308000632096082;95.59587860107422;29.28291893005371;31442.0;31424.0
;;13.312000632286072;95.59684753417969;29.28353500366211;31450.0;31439.0
;;13.316000632476062;95.59771728515625;29.28414535522461;31463.0;31440.0
;;13.320000632666051;95.59864807128906;29.28478240966797;31459.0;31456.0
;;13.324000632856041;95.59959411621094;29.285429000854492;31477.0;31455.0
;;13.328000633046031;95.60047912597656;29.286100387573242;31475.0;31439.0
;;13.33200063323602;95.60140991210938;29.286727905273438;31480.0;31452.0
;;13.33600063342601;95.60223388671875;29.287372589111328;31485.0;31464.0
;;13.340000633616;95.60304260253906;29.287994384765625;31494.0;31474.0
;;13.34400063380599;95.60387420654297;29.288606643676758;31497.0;31480.0
;;13.34800063399598;95.60470581054688;29.289186477661133;31497.0;31467.0
;;13.35200063418597;95.60550689697266;29.289812088012695;31517.0;31481.0
;;13.35600063437596;95.60624694824219;29.290433883666992;31515.0;31500.0
;;13.36000063456595;95.60702514648438;29.29102325439453;31543.0;31509.0
;;13.36400063475594;95.60784149169922;29.291637420654297;31525.0;31497.0
;;13.368000634945929;95.6085433959961;29.292232513427734;31523.0;31506.0
;;13.372000635135919;95.60931396484375;29.292850494384766;31547.0;31507.0
;;13.376000635325909;95.61003112792969;29.293415069580078;31554.0;31512.0
;;13.380000635515898;95.61071014404297;29.29401969909668;31553.0;31514.0
;;13.384000635705888;95.61144256591797;29.294635772705078;31538.0;31517.0
;;13.388000635895878;95.61207580566406;29.295209884643555;31558.0;31542.0
;;13.392000636085868;95.61280059814453;29.295801162719727;31559.0;31528.0
;;13.396000636275858;95.61344146728516;29.296369552612305;31567.0;31521.0
;;13.400000636465847;95.6141128540039;29.29692840576172;31564.0;31549.0
;;13.404000636655837;95.61473083496094;29.29753303527832;31582.0;31542.0
;;13.408000636845827;95.61536407470703;29.298120498657227;31577.0;31561.0
;;13.412000637035817;95.6159439086914;29.29871368408203;31587.0;31555.0
;;13.416000637225807;95.61656951904297;29.299301147460938;31577.0;31571.0
;;13.420000637415797;95.61714172363281;29.299837112426758;31600.0;31568.0
;;13.424000637605786;95.61772155761719;29.300355911254883;31591.0;31566.0
;;13.428000637795776;95.61830139160156;29.30091667175293;31614.0;31574.0
;;13.432000637985766;95.61885070800781;29.30146026611328;31605.0;31569.0
;;13.436000638175756;95.619384765625;29.301916122436523;31611.0;31582.0
;;13.440000638365746;95.61992645263672;29.30248260498047;31604.0;31593.0
;;13.444000638555735;95.62046813964844;29.302968978881836;31605.0;31580.0
;;13.448000638745725;95.6209945678711;29.303447723388672;31635.0;31592.0
;;13.452000638935715;95.62152862548828;29.30389404296875;31623.0;31597.0
;;13.456000639125705;95.62203216552734;29.304386138916016;31639.0;31613.0
;;13.460000639315695;95.62252044677734;29.304861068725586;31634.0;31619.0
;;13.464000639505684;95.62301635742188;29.305315017700195;31640.0;31608.0
;;13.468000639695674;95.62351989746094;29.305744171142578;31636.0;31617.0
;;13.472000639885664;95.62397766113281;29.306217193603516;31647.0;31614.0
;;13.476000640075654;95.62446594238281;29.306621551513672;31653.0;31615.0
;;13.480000640265644;95.62493896484375;29.307119369506836;31658.0;31625.0
;;13.484000640455633;95.62544250488281;29.30753517150879;31643.0;31630.0
;;13.488000640645623;95.62590026855469;29.307968139648438;31660.0;31623.0
;;13.492000640835613;95.62635803222656;29.308399200439453;31659.0;31635.0
;;13.496000641025603;95.6268539428711;29.308818817138672;31681.0;31624.0
;;13.500000641215593;95.62730407714844;29.30924415588379;31665.0;31636.0
;;13.504000641405582;95.62774658203125;29.309654235839844;31681.0;31640.0
;;13.508000641595572;95.6281967163086;29.31006622314453;31691.0;31647.0
;;13.512000641785562;95.628662109375;29.310476303100586;31700.0;31660.0
;;13.516000641975552;95.62909698486328;29.310882568359375;31688.0;31663.0
;;13.520000642165542;95.6295394897461;29.311288833618164;31698.0;31648.0
;;13.524000642355531;95.6299819946289;29.311660766601562;31686.0;31658.0
;;13.528000642545521;95.6303939819336;29.312076568603516;31682.0;31656.0
;;13.532000642735511;95.63084411621094;29.312471389770508;31698.0;31659.0
;;13.5360006429255;95.63128662109375;29.312835693359375;31668.0;31664.0
;;13.54000064311549;95.6316909790039;29.313268661499023;31686.0;31672.0
;;13.54400064330548;95.6321029663086;29.31363296508789;31711.0;31669.0
;;13.54800064349547;95.63253021240234;29.314001083374023;31709.0;31679.0
;;13.55200064368546;95.63291931152344;29.314367294311523;31717.0;31657.0
;;13.55600064387545;95.63329315185547;29.314741134643555;31709.0;31682.0
;;13.56000064406544;95.63365173339844;29.315101623535156;31728.0;31692.0
;;13.56400064425543;95.63407897949219;29.315488815307617;31725.0;31685.0
;;13.56800064444542;95.6343994140625;29.31584930419922;31738.0;31680.0
;;13.57200064463541;95.63479614257812;29.31622886657715;31720.0;31683.0
;;13.576000644825399;95.63514709472656;29.316572189331055;31731.0;31689.0
;;13.580000645015389;95.6354751586914;29.316936492919922;31723.0;31692.0
;;13.584000645205379;95.63582611083984;29.31728744506836;31732.0;31690.0
;;13.588000645395368;95.63614654541016;29.317628860473633;31728.0;31697.0
;;13.592000645585358;95.63651275634766;29.317974090576172;31745.0;31704.0
;;13.596000645775348;95.63681030273438;29.318302154541016;31736.0;31703.0
;;13.600000645965338;95.63715362548828;29.318655014038086;31746.0;31702.0
;;13.604000646155328;95.63745880126953;29.319000244140625;31745.0;31716.0
;;13.608000646345317;95.63780975341797;29.31932830810547;31750.0;31711.0
;;13.612000646535307;95.63811492919922;29.319665908813477;31749.0;31713.0
;;13.616000646725297;95.63841247558594;29.319965362548828;31774.0;31723.0
;;13.620000646915287;95.63871765136719;29.320308685302734;31761.0;31722.0
;;13.624000647105277;95.63900756835938;29.320606231689453;31769.0;31725.0
;;13.628000647295266;95.6393051147461;29.32097625732422;31755.0;31731.0
;;13.632000647485256;95.63957214355469;29.321269989013672;31778.0;31724.0
;;13.636000647675246;95.639892578125;29.321596145629883;31748.0;31717.0
;;13.640000647865236;95.64014434814453;29.321895599365234;31779.0;31742.0
;;13.644000648055226;95.64044189453125;29.322193145751953;31763.0;31729.0
;;13.648000648245215;95.64070892333984;29.322463989257812;31773.0;31715.0
;;13.652000648435205;95.64099884033203;29.322792053222656;31768.0;31747.0
;;13.656000648625195;95.64122009277344;29.32302474975586;31771.0;31748.0
;;13.660000648815185;95.6414794921875;29.32335090637207;31785.0;31737.0
;;13.664000649005175;95.64176177978516;29.323625564575195;31766.0;31740.0
;;13.668000649195164;95.64201354980469;29.32390594482422;31755.0;31739.0
;;13.672000649385154;95.64227294921875;29.32419776916504;31780.0;31748.0
;;13.676000649575144;95.64256286621094;29.324434280395508;31783.0;31736.0
;;13.680000649765134;95.64276885986328;29.324743270874023;31778.0;31757.0
;;13.684000649955124;95.64305114746094;29.324995040893555;31785.0;31736.0
;;13.688000650145113;95.64331817626953;29.325260162353516;31781.0;31743.0
;;13.692000650335103;95.6435317993164;29.325544357299805;31788.0;31760.0
;;13.696000650525093;95.64373779296875;29.325780868530273;31791.0;31747.0
;;13.700000650715083;95.64398956298828;29.326078414916992;31775.0;31758.0
;;13.704000650905073;95.6441879272461;29.326309204101562;31789.0;31767.0
;;13.708000651095062;95.64442443847656;29.326555252075195;31781.0;31757.0
;;13.712000651285052;95.64466094970703;29.32682228088379;31795.0;31774.0
;;13.716000651475042;95.64484405517578;29.327072143554688;31777.0;31769.0
;;13.720000651665032;95.6450424194336;29.32732391357422;31791.0;31759.0
;;13.724000651855022;95.64525604248047;29.32758140563965;31792.0;31772.0
;;13.728000652045012;95.64546203613281;29.32782554626465;31775.0;31765.0
;;13.732000652235001;95.64566802978516;29.32808494567871;31798.0;31764.0
;;13.736000652424991;95.6458740234375;29.328319549560547;31782.0;31761.0
;;13.740000652614981;95.64605712890625;29.32854461669922;31809.0;31769.0
;;13.74400065280497;95.64628601074219;29.32882308959961;31787.0;31784.0
;;13.74800065299496;95.6464614868164;29.32902717590332;31792.0;31774.0
;;13.75200065318495;95.64665985107422;29.329273223876953;31805.0;31795.0
;;13.75600065337494;95.6468505859375;29.329509735107422;31808.0;31787.0
;;13.76000065356493;95.64701080322266;29.329713821411133;31809.0;31782.0
;;13.76400065375492;95.64720916748047;29.329971313476562;31807.0;31777.0
;;13.76800065394491;95.64739227294922;29.330183029174805;31817.0;31779.0
;;13.7720006541349;95.64757537841797;29.330469131469727;31809.0;31795.0
;;13.77600065432489;95.64777374267578;29.330678939819336;31804.0;31793.0
;;13.780000654514879;95.64793395996094;29.330902099609375;31799.0;31814.0
;;13.784000654704869;95.64810943603516;29.331151962280273;31800.0;31787.0
;;13.788000654894859;95.64828491210938;29.33137321472168;31803.0;31792.0
;;13.792000655084848;95.64849853515625;29.331615447998047;31810.0;31799.0
;;13.796000655274838;95.64866638183594;29.33185577392578;31808.0;31801.0
;;13.800000655464828;95.64884948730469;29.33206558227539;31804.0;31800.0
;;13.804000655654818;95.64903259277344;29.332307815551758;31811.0;31789.0
;;13.808000655844808;95.64921569824219;29.33252716064453;31808.0;31808.0
;;13.812000656034797;95.64935302734375;29.332773208618164;31825.0;31800.0
;;13.816000656224787;95.64950561523438;29.332988739013672;31813.0;31799.0
;;13.820000656414777;95.649658203125;29.333213806152344;31808.0;31810.0
;;13.824000656604767;95.6498031616211;29.333452224731445;31811.0;31808.0
;;13.828000656794757;95.64997863769531;29.333660125732422;31810.0;31803.0
;;13.832000656984746;95.65011596679688;29.333898544311523;31811.0;31801.0
;;13.836000657174736;95.65025329589844;29.33409881591797;31816.0;31815.0
;;13.840000657364726;95.65042877197266;29.334360122680664;31822.0;31814.0
;;13.844000657554716;95.65057373046875;29.334569931030273;31822.0;31814.0
;;13.848000657744706;95.65071105957031;29.33480453491211;31815.0;31813.0
;;13.852000657934695;95.65084075927734;29.335031509399414;31821.0;31815.0
;;13.856000658124685;95.6510238647461;29.335262298583984;31834.0;31821.0
;;13.860000658314675;95.651123046875;29.335477828979492;31827.0;31826.0
;;13.864000658504665;95.65129089355469;29.3356990814209;31813.0;31834.0
;;13.868000658694655;95.65142059326172;29.33592987060547;31822.0;31825.0
;;13.872000658884645;95.65156555175781;29.33614158630371;31826.0;31822.0
;;13.876000659074634;95.65167236328125;29.336376190185547;31832.0;31833.0
;;13.880000659264624;95.65180969238281;29.336606979370117;31827.0;31826.0
;;13.884000659454614;95.6519546508789;29.336807250976562;31818.0;31827.0
;;13.888000659644604;95.65211486816406;29.3370418548584;31810.0;31834.0
;;13.892000659834594;95.65223693847656;29.337244033813477;31837.0;31842.0
;;13.896000660024583;95.65235137939453;29.33745002746582;31836.0;31828.0
;;13.900000660214573;95.65250396728516;29.33769416809082;31833.0;31836.0
;;13.904000660404563;95.65264129638672;29.337888717651367;31844.0;31845.0
;;13.908000660594553;95.65276336669922;29.338119506835938;31835.0;31839.0
;;13.912000660784543;95.65291595458984;29.338327407836914;31832.0;31831.0
;;13.916000660974532;95.65304565429688;29.338537216186523;31859.0;31845.0
;;13.920000661164522;95.65319061279297;29.33875846862793;31844.0;31850.0
;;13.924000661354512;95.65330505371094;29.338956832885742;31840.0;31852.0
;;13.928000661544502;95.6534652709961;29.339189529418945;31834.0;31841.0
;;13.932000661734492;95.65359497070312;29.339393615722656;31848.0;31861.0
;;13.936000661924481;95.65373229980469;29.339597702026367;31839.0;31859.0
;;13.940000662114471;95.65382385253906;29.339815139770508;31842.0;31846.0
;;13.944000662304461;95.65399932861328;29.34003448486328;31841.0;31851.0
;;13.94800066249445;95.65412902832031;29.340229034423828;31858.0;31857.0
;;13.95200066268444;95.65426635742188;29.340425491333008;31856.0;31855.0
;;13.95600066287443;95.65438079833984;29.340625762939453;31862.0;31853.0
;;13.96000066306442;95.65451049804688;29.34084701538086;31864.0;31869.0
;;13.96400066325441;95.65465545654297;29.341041564941406;31861.0;31872.0
;;13.9680006634444;95.65478515625;29.34124755859375;31846.0;31867.0
;;13.97200066363439;95.6549301147461;29.341463088989258;31859.0;31861.0
;;13.97600066382438;95.65503692626953;29.341646194458008;31865.0;31859.0
;;13.98000066401437;95.65518951416016;29.341842651367188;31852.0;31869.0
;;13.984000664204359;95.65531921386719;29.342041015625;31867.0;31856.0
;;13.988000664394349;95.65547943115234;29.342247009277344;31869.0;31875.0
;;13.992000664584339;95.65557098388672;29.34242057800293;31860.0;31876.0
;;13.996000664774328;95.65570831298828;29.342620849609375;31855.0;31867.0
;;14.000000664964318;95.65586853027344;29.342802047729492;31858.0;31876.0
;;14.004000665154308;95.6559829711914;29.343002319335938;31858.0;31886.0
;;14.008000665344298;95.65612030029297;29.34319496154785;31871.0;31888.0
;;14.012000665534288;95.65623474121094;29.34337043762207;31877.0;31866.0
;;14.016000665724277;95.6563949584961;29.34355926513672;31849.0;31870.0
;;14.020000665914267;95.6565170288086;29.343734741210938;31850.0;31888.0
;;14.024000666104257;95.65666961669922;29.34391975402832;31855.0;31888.0
;;14.028000666294247;95.65679931640625;29.3441162109375;31853.0;31882.0
;;14.032000666484237;95.65693664550781;29.344287872314453;31872.0;31887.0
;;14.036000666674227;95.65705871582031;29.344457626342773;31863.0;31873.0
;;14.040000666864216;95.6572036743164;29.34464454650879;31885.0;31891.0
;;14.044000667054206;95.6573257446289;29.34478187561035;31862.0;31894.0
;;14.048000667244196;95.65748596191406;29.34497833251953;31877.0;31880.0
;;14.052000667434186;95.6576156616211;29.34514617919922;31867.0;31884.0
;;14.056000667624176;95.65775299072266;29.345321655273438;31858.0;31897.0
;;14.060000667814165;95.65789794921875;29.34548568725586;31872.0;31884.0
;;14.064000668004155;95.65802001953125;29.345638275146484;31873.0;31899.0
;;14.068000668194145;95.65819549560547;29.345829010009766;31876.0;31906.0
;;14.072000668384135;95.65831756591797;29.34598159790039;31889.0;31898.0
;;14.076000668574125;95.6584243774414;29.346168518066406;31880.0;31907.0
;;14.080000668764114;95.65857696533203;29.346311569213867;31877.0;31895.0
;;14.084000668954104;95.65869903564453;29.34649658203125;31875.0;31907.0
;;14.088000669144094;95.6588363647461;29.34662437438965;31866.0;31889.0
;;14.092000669334084;95.65895080566406;29.3468074798584;31874.0;31888.0
;;14.096000669524074;95.65909576416016;29.346942901611328;31869.0;31904.0
;;14.100000669714063;95.65927124023438;29.347126007080078;31876.0;31901.0
;;14.104000669904053;95.6594009399414;29.34725570678711;31893.0;31915.0
;;14.108000670094043;95.65953063964844;29.347429275512695;31869.0;31907.0
;;14.112000670284033;95.65963745117188;29.34759521484375;31887.0;31902.0
;;14.116000670474023;95.6597900390625;29.34774398803711;31883.0;31915.0
;;14.120000670664012;95.65990447998047;29.34792137145996;31883.0;31932.0
;;14.124000670854002;95.66002655029297;29.34807014465332;31852.0;31904.0
;;14.128000671043992;95.66015625;29.348220825195312;31886.0;31907.0
;;14.132000671233982;95.66026306152344;29.3483829498291;31883.0;31911.0
;;14.136000671423972;95.66036224365234;29.348560333251953;31889.0;31919.0
;;14.140000671613961;95.6604995727539;29.348722457885742;31885.0;31913.0
;;14.144000671803951;95.66059112548828;29.34885025024414;31894.0;31932.0
;;14.148000671993941;95.66071319580078;29.349000930786133;31903.0;31912.0
;;14.15200067218393;95.66082763671875;29.349164962768555;31888.0;31912.0
;;14.15600067237392;95.66089630126953;29.34931182861328;31895.0;31919.0
;;14.16000067256391;95.66104125976562;29.349475860595703;31890.0;31929.0
;;14.1640006727539;95.6611099243164;29.349626541137695;31900.0;31925.0
;;14.16800067294389;95.6612319946289;29.349794387817383;31878.0;31926.0
;;14.17200067313388;95.66132354736328;29.349945068359375;31894.0;31922.0
;;14.17600067332387;95.66141510009766;29.350093841552734;31904.0;31929.0
;;14.18000067351386;95.66152954101562;29.350242614746094;31893.0;31924.0
;;14.18400067370385;95.66158294677734;29.350400924682617;31878.0;31909.0
;;14.18800067389384;95.66168212890625;29.35056495666504;31903.0;31918.0
;;14.192000674083829;95.66178894042969;29.350692749023438;31915.0;31929.0
;;14.196000674273819;95.66188049316406;29.350879669189453;31921.0;31934.0
;;14.200000674463809;95.66194915771484;29.35102081298828;31913.0;31935.0
;;14.204000674653798;95.66204833984375;29.351177215576172;31887.0;31932.0
;;14.208000674843788;95.66213989257812;29.351318359375;31905.0;31954.0
;;14.212000675033778;95.66222381591797;29.351469039916992;31893.0;31947.0
;;14.216000675223768;95.66228485107422;29.351608276367188;31900.0;31959.0
;;14.220000675413758;95.6623764038086;29.351770401000977;31916.0;31941.0
;;14.224000675603747;95.66242980957031;29.351930618286133;31906.0;31941.0
;;14.228000675793737;95.66253662109375;29.352100372314453;31913.0;31937.0
;;14.232000675983727;95.66258239746094;29.352249145507812;31917.0;31941.0
;;14.236000676173717;95.66267395019531;29.35240364074707;31911.0;31951.0
;;14.240000676363707;95.66278839111328;29.3525447845459;31914.0;31952.0
;;14.244000676553696;95.6628646850586;29.352685928344727;31908.0;31965.0
;;14.248000676743686;95.66292572021484;29.352863311767578;31925.0;31945.0
;;14.252000676933676;95.66301727294922;29.353008270263672;31918.0;31948.0
;;14.256000677123666;95.66310119628906;29.353153228759766;31921.0;31947.0
;;14.260000677313656;95.66317749023438;29.353315353393555;31920.0;31958.0
;;14.264000677503645;95.66325378417969;29.353464126586914;31920.0;31942.0
;;14.268000677693635;95.66334533691406;29.35362434387207;31915.0;31945.0
;;14.272000677883625;95.66341400146484;29.353782653808594;31913.0;31949.0
;;14.276000678073615;95.66348266601562;29.35392189025879;31916.0;31948.0
;;14.280000678263605;95.66358184814453;29.354080200195312;31927.0;31952.0
;;14.284000678453594;95.66368103027344;29.35420799255371;31925.0;31944.0
;;14.288000678643584;95.66374969482422;29.354352951049805;31906.0;31931.0
;;14.292000678833574;95.66384887695312;29.35449981689453;31931.0;31962.0
;;14.296000679023564;95.66390991210938;29.354623794555664;31919.0;31959.0
;;14.300000679213554;95.66402435302734;29.35478401184082;31919.0;31956.0
;;14.304000679403543;95.66413879394531;29.35492706298828;31925.0;31949.0
;;14.308000679593533;95.66422271728516;29.355070114135742;31939.0;31966.0
;;14.312000679783523;95.6643295288086;29.35518455505371;31936.0;31953.0
;;14.316000679973513;95.6644287109375;29.35533905029297;31934.0;31946.0
;;14.320000680163503;95.66452026367188;29.355470657348633;31936.0;31948.0
;;14.324000680353492;95.6646499633789;29.35562515258789;31940.0;31959.0
;;14.328000680543482;95.66473388671875;29.3557186126709;31930.0;31959.0
;;14.332000680733472;95.66482543945312;29.35585594177246;31943.0;31949.0
;;14.336000680923462;95.66493225097656;29.35596466064453;31956.0;31937.0
;;14.340000681113452;95.66505432128906;29.356077194213867;31952.0;31952.0
;;14.344000681303442;95.66517639160156;29.3561954498291;31954.0;31967.0
;;14.348000681493431;95.66525268554688;29.356319427490234;31961.0;31978.0
;;14.352000681683421;95.66541290283203;29.356430053710938;31938.0;31961.0
;;14.356000681873411;95.66553497314453;29.356544494628906;31950.0;31963.0
;;14.3600006820634;95.66561889648438;29.356678009033203;31940.0;31957.0
;;14.36400068225339;95.66575622558594;29.35675811767578;31951.0;31959.0
;;14.36800068244338;95.6658706665039;29.356870651245117;31929.0;31962.0
;;14.37200068263337;95.6659927368164;29.356964111328125;31942.0;31953.0
;;14.37600068282336;95.66609191894531;29.3570556640625;31966.0;31952.0
;;14.38000068301335;95.66625213623047;29.357149124145508;31941.0;31958.0
;;14.38400068320334;95.6663589477539;29.357255935668945;31964.0;31959.0
;;14.38800068339333;95.6666259765625;29.35733985900879;31958.0;31976.0
;;14.39200068358332;95.66671752929688;29.357412338256836;31925.0;31971.0
;;14.396000683773309;95.66685485839844;29.357519149780273;31960.0;31944.0
;;14.400000683963299;95.66692352294922;29.35759925842285;31940.0;31964.0
;;14.404000684153289;95.66707611083984;29.357650756835938;31943.0;31972.0
;;14.408000684343278;95.66720581054688;29.357749938964844;31947.0;31968.0
;;14.412000684533268;95.66731262207031;29.357791900634766;31947.0;31968.0
;;14.416000684723258;95.66743469238281;29.357877731323242;31963.0;31962.0
;;14.420000684913248;95.66754913330078;29.357938766479492;31947.0;31965.0
;;14.424000685103238;95.66765594482422;29.3580265045166;31946.0;31971.0
;;14.428000685293227;95.66777801513672;29.358083724975586;31934.0;31971.0
;;14.432000685483217;95.66790008544922;29.35814094543457;31942.0;31955.0
;;14.436000685673207;95.66802215576172;29.358226776123047;31942.0;31971.0
;;14.440000685863197;95.6681137084961;29.358272552490234;31937.0;31977.0
;;14.444000686053187;95.6682357788086;29.358325958251953;31960.0;31982.0
;;14.448000686243176;95.66835021972656;29.358402252197266;31953.0;31967.0
;;14.452000686433166;95.6684799194336;29.358463287353516;31947.0;31951.0
;;14.456000686623156;95.66856384277344;29.35853385925293;31964.0;31975.0
;;14.460000686813146;95.66867065429688;29.3585205078125;31956.0;31972.0
;;14.464000687003136;95.66876220703125;29.358627319335938;31959.0;31968.0
;;14.468000687193125;95.66886138916016;29.35870361328125;31977.0;31971.0
;;14.472000687383115;95.66895294189453;29.35877227783203;31954.0;31977.0
;;14.476000687573105;95.66907501220703;29.358797073364258;31950.0;31988.0
;;14.480000687763095;95.66915130615234;29.358888626098633;31954.0;31979.0
;;14.484000687953085;95.66924285888672;29.358943939208984;31948.0;31970.0
;;14.488000688143075;95.66934967041016;29.359006881713867;31963.0;31979.0
;;14.492000688333064;95.66944885253906;29.35904884338379;31956.0;31970.0
;;14.496000688523054;95.66954040527344;29.359088897705078;31972.0;31968.0
;;14.500000688713044;95.66961669921875;29.359134674072266;31961.0;31974.0
;;14.504000688903034;95.66973114013672;29.359228134155273;31957.0;31969.0
;;14.508000689093024;95.6697998046875;29.359277725219727;31967.0;31970.0
;;14.512000689283013;95.66988372802734;29.35934066772461;31959.0;31967.0
;;14.516000689473003;95.66995239257812;29.359407424926758;31963.0;31966.0
;;14.520000689662993;95.67005920410156;29.359464645385742;31958.0;31953.0
;;14.524000689852983;95.67012786865234;29.359519958496094;31963.0;31973.0
;;14.528000690042973;95.67019653320312;29.359575271606445;31965.0;31963.0
;;14.532000690232962;95.6702880859375;29.35962677001953;31964.0;31983.0
;;14.536000690422952;95.67037963867188;29.359699249267578;31967.0;31968.0
;;14.540000690612942;95.67048645019531;29.359771728515625;31977.0;31981.0
;;14.544000690802932;95.67054748535156;29.359821319580078;31970.0;31983.0
;;14.548000690992922;95.67063903808594;29.359888076782227;31964.0;31978.0
;;14.552000691182911;95.67071533203125;29.359947204589844;31976.0;31972.0
;;14.556000691372901;95.67078399658203;29.360036849975586;31968.0;31979.0
;;14.560000691562891;95.67086791992188;29.36009979248047;31959.0;31993.0
;;14.56400069175288;95.67091369628906;29.360157012939453;31982.0;31967.0
;;14.56800069194287;95.67097473144531;29.360206604003906;31981.0;31980.0
;;14.57200069213286;95.6710433959961;29.36029624938965;31980.0;31992.0
;;14.57600069232285;95.67115020751953;29.360366821289062;31963.0;31997.0
;;14.58000069251284;95.67118072509766;29.360437393188477;31955.0;31968.0
;;14.58400069270283;95.6712646484375;29.360485076904297;31961.0;31976.0
;;14.58800069289282;95.67132568359375;29.36055564880371;31968.0;31974.0
;;14.59200069308281;95.67141723632812;29.360628128051758;31962.0;31992.0
;;14.5960006932728;95.67146301269531;29.36071014404297;31958.0;31976.0
;;14.600000693462789;95.67154693603516;29.36077117919922;31969.0;31974.0
;;14.604000693652779;95.67162322998047;29.360843658447266;31973.0;32001.0
;;14.608000693842769;95.67168426513672;29.360937118530273;31954.0;31986.0
;;14.612000694032758;95.67173767089844;29.36100196838379;31991.0;31999.0
;;14.616000694222748;95.67182922363281;29.361055374145508;31974.0;31967.0
;;14.620000694412738;95.67189025878906;29.361143112182617;31974.0;31990.0
;;14.624000694602728;95.67194366455078;29.36119270324707;31979.0;31978.0
;;14.628000694792718;95.67201232910156;29.361263275146484;31967.0;31987.0
;;14.632000694982708;95.67208099365234;29.361326217651367;31960.0;31989.0
;;14.636000695172697;95.67214965820312;29.36142921447754;31980.0;31986.0
;;14.640000695362687;95.67221069335938;29.361480712890625;31975.0;31992.0
;;14.644000695552677;95.67227935791016;29.361547470092773;31983.0;31978.0
;;14.648000695742667;95.6723403930664;29.361589431762695;31977.0;31987.0
;;14.652000695932657;95.67242431640625;29.36166000366211;31982.0;31990.0
;;14.656000696122646;95.6724853515625;29.361745834350586;31989.0;31998.0
;;14.660000696312636;95.67257690429688;29.361804962158203;31979.0;31983.0
;;14.664000696502626;95.67266082763672;29.361835479736328;31985.0;31983.0
;;14.668000696692616;95.67272186279297;29.36191749572754;31973.0;31993.0
;;14.672000696882606;95.67278289794922;29.361989974975586;31970.0;31994.0
;;14.676000697072595;95.67286682128906;29.362035751342773;31994.0;31982.0
;;14.680000697262585;95.67292022705078;29.36208152770996;31993.0;31992.0
;;14.684000697452575;95.67298889160156;29.36216926574707;31988.0;31988.0
;;14.688000697642565;95.67304992675781;29.362192153930664;31983.0;31991.0
;;14.692000697832555;95.6731185913086;29.36225128173828;32004.0;31990.0
;;14.696000698022544;95.6731948852539;29.362302780151367;31980.0;31988.0
;;14.700000698212534;95.67328643798828;29.362363815307617;31986.0;31998.0
;;14.704000698402524;95.67333984375;29.36241340637207;31977.0;31991.0
;;14.708000698592514;95.67343139648438;29.362449645996094;31980.0;31983.0
;;14.712000698782504;95.67352294921875;29.36249542236328;31988.0;32008.0
;;14.716000698972493;95.67357635498047;29.362546920776367;31978.0;31990.0
;;14.720000699162483;95.67365264892578;29.362564086914062;31973.0;32009.0
;;14.724000699352473;95.67373657226562;29.36263084411621;31975.0;31998.0
;;14.728000699542463;95.67383575439453;29.362680435180664;31980.0;31998.0
;;14.732000699732453;95.67390441894531;29.362728118896484;31972.0;32007.0
;;14.736000699922442;95.67396545410156;29.36277198791504;31996.0;31994.0
;;14.740000700112432;95.67403411865234;29.3627986907959;31976.0;31998.0
;;14.744000700302422;95.67412567138672;29.36292266845703;31971.0;31994.0
;;14.748000700492412;95.67420959472656;29.36296844482422;31988.0;31988.0
;;14.752000700682402;95.67427825927734;29.362911224365234;31991.0;31997.0
;;14.756000700872391;95.67433166503906;29.362977981567383;31980.0;31992.0
;;14.760000701062381;95.67442321777344;29.363143920898438;31996.0;32006.0
;;14.764000701252371;95.67449188232422;29.36309242248535;31994.0;31991.0
;;14.76800070144236;95.67459869384766;29.363231658935547;31989.0;31989.0
;;14.77200070163235;95.67463684082031;29.363262176513672;31983.0;32008.0
;;14.77600070182234;95.6746826171875;29.363311767578125;31974.0;31995.0
;;14.78000070201233;95.67478942871094;29.363344192504883;31963.0;31995.0
;;14.78400070220232;95.67483520507812;29.363393783569336;31975.0;31995.0
;;14.78800070239231;95.67491912841797;29.363435745239258;31978.0;31985.0
;;14.7920007025823;95.67497253417969;29.36351776123047;31982.0;31997.0
;;14.79600070277229;95.67504119873047;29.363595962524414;31989.0;31990.0
;;14.80000070296228;95.67510986328125;29.363624572753906;31986.0;32000.0
;;14.80400070315227;95.67517852783203;29.363645553588867;32001.0;31994.0
;;14.808000703342259;95.67522430419922;29.36368751525879;31977.0;31994.0
;;14.812000703532249;95.67530822753906;29.363718032836914;31989.0;31999.0
;;14.816000703722239;95.67535400390625;29.363779067993164;31989.0;31998.0
;;14.820000703912228;95.6754150390625;29.36380958557129;31985.0;32002.0
;;14.824000704102218;95.67547607421875;29.36383628845215;31975.0;32010.0
;;14.828000704292208;95.67554473876953;29.363908767700195;31989.0;32022.0
;;14.832000704482198;95.67559051513672;29.363922119140625;31992.0;31992.0
;;14.836000704672188;95.67560577392578;29.363988876342773;31983.0;32008.0
;;14.840000704862177;95.67570495605469;29.36400604248047;31988.0;32010.0
;;14.844000705052167;95.67575073242188;29.364046096801758;31978.0;31992.0
;;14.848000705242157;95.67578125;29.36412811279297;31985.0;31993.0
;;14.852000705432147;95.6758041381836;29.364152908325195;31964.0;31989.0
;;14.856000705622137;95.67587280273438;29.364206314086914;31988.0;32001.0
;;14.860000705812126;95.6758804321289;29.364246368408203;31983.0;31993.0
;;14.864000706002116;95.67591857910156;29.364303588867188;31980.0;32000.0
;;14.868000706192106;95.67594909667969;29.364355087280273;31980.0;32023.0
;;14.872000706382096;95.67598724365234;29.364421844482422;31992.0;31993.0
;;14.876000706572086;95.6760025024414;29.364450454711914;31982.0;32008.0
;;14.880000706762075;95.676025390625;29.3645076751709;31964.0;32008.0
;;14.884000706952065;95.67605590820312;29.36458969116211;31989.0;32008.0
;;14.888000707142055;95.67606353759766;29.364620208740234;31994.0;32001.0
;;14.892000707332045;95.67609405517578;29.364688873291016;31996.0;32004.0
;;14.896000707522035;95.67610168457031;29.364748001098633;31992.0;32007.0
;;14.900000707712024;95.67613220214844;29.364837646484375;32003.0;32005.0
;;14.904000707902014;95.67610931396484;29.364896774291992;31994.0;32002.0
;;14.908000708092004;95.67613220214844;29.364974975585938;31989.0;32010.0
;;14.912000708281994;95.67613220214844;29.365020751953125;31994.0;31996.0
;;14.916000708471984;95.6761245727539;29.365097045898438;32002.0;31991.0
;;14.920000708661973;95.6761245727539;29.36520004272461;32006.0;31996.0
;;14.924000708851963;95.6761245727539;29.365257263183594;31984.0;32015.0
;;14.928000709041953;95.67615509033203;29.36532974243164;31996.0;32006.0
;;14.932000709231943;95.67613983154297;29.365394592285156;32008.0;32007.0
;;14.936000709421933;95.67611694335938;29.365468978881836;32008.0;32004.0
;;14.940000709611923;95.67616271972656;29.365558624267578;32002.0;32013.0
;;14.944000709801912;95.67615509033203;29.365646362304688;31990.0;32009.0
;;14.948000709991902;95.67618560791016;29.365707397460938;31997.0;31996.0
;;14.952000710181892;95.6761703491211;29.365785598754883;32002.0;32010.0
;;14.956000710371882;95.6761703491211;29.365869522094727;32007.0;32013.0
;;14.960000710561872;95.67618560791016;29.365951538085938;31996.0;32011.0
;;14.964000710751861;95.67617797851562;29.366012573242188;31997.0;31993.0
;;14.968000710941851;95.67617797851562;29.366140365600586;32008.0;32001.0
;;14.972000711131841;95.67623138427734;29.36619758605957;32019.0;32001.0
;;14.97600071132183;95.67620086669922;29.366256713867188;31999.0;32009.0
;;14.98000071151182;95.6762466430664;29.366329193115234;32007.0;32006.0
;;14.98400071170181;95.67626190185547;29.366436004638672;31995.0;32021.0
;;14.9880007118918;95.6762466430664;29.36652374267578;32005.0;32006.0
;;14.99200071208179;95.67626190185547;29.366575241088867;32005.0;32021.0
;;14.99600071227178;95.67630767822266;29.366657257080078;31997.0;32006.0
;;15.00000071246177;95.67630004882812;29.366708755493164;32016.0;32008.0
;;15.00400071265176;95.67635345458984;29.366775512695312;32000.0;32018.0
;;15.00800071284175;95.6763687133789;29.366853713989258;32007.0;32007.0
;;15.012000713031739;95.6763916015625;29.366924285888672;32004.0;32009.0
;;15.016000713221729;95.67643737792969;29.36699104309082;32008.0;32012.0
;;15.020000713411719;95.67647552490234;29.367048263549805;32005.0;32010.0
;;15.024000713601708;95.67649841308594;29.36709976196289;32005.0;32017.0
;;15.028000713791698;95.67655944824219;29.367185592651367;32012.0;32022.0
;;15.032000713981688;95.67655944824219;29.367238998413086;31993.0;32017.0
;;15.036000714171678;95.6766357421875;29.367300033569336;31998.0;32000.0
;;15.040000714361668;95.67662811279297;29.36734962463379;32019.0;32008.0
;;15.044000714551657;95.67668914794922;29.367387771606445;31997.0;32016.0
;;15.048000714741647;95.67676544189453;29.367431640625;32007.0;32026.0
;;15.052000714931637;95.67681884765625;29.36747932434082;32004.0;32003.0
;;15.056000715121627;95.67681884765625;29.367530822753906;31995.0;31989.0
;;15.060000715311617;95.67688751220703;29.367582321166992;32003.0;32007.0
;;15.064000715501606;95.67694854736328;29.367624282836914;32014.0;32010.0
;;15.068000715691596;95.67701721191406;29.367624282836914;32010.0;32008.0
;;15.072000715881586;95.67708587646484;29.367694854736328;32006.0;32020.0
;;15.076000716071576;95.6771240234375;29.367704391479492;32002.0;32009.0
;;15.080000716261566;95.67718505859375;29.367725372314453;32009.0;32011.0
;;15.084000716451555;95.67724609375;29.367780685424805;32021.0;31999.0
;;15.088000716641545;95.67728424072266;29.367780685424805;32013.0;32009.0
;;15.092000716831535;95.67733764648438;29.36782455444336;32020.0;32010.0
;;15.096000717021525;95.67740631103516;29.36783790588379;32016.0;31997.0
;;15.100000717211515;95.67750549316406;29.367889404296875;32016.0;32010.0
;;15.104000717401505;95.67753601074219;29.367900848388672;32004.0;31998.0
;;15.108000717591494;95.67767333984375;29.367900848388672;32016.0;32010.0
;;15.112000717781484;95.67768859863281;29.3679256439209;32015.0;32009.0
;;15.116000717971474;95.67772674560547;29.367950439453125;32018.0;32005.0
;;15.120000718161464;95.6778335571289;29.367961883544922;32014.0;32007.0
;;15.124000718351454;95.67786407470703;29.367971420288086;32006.0;32017.0
;;15.128000718541443;95.67792510986328;29.368013381958008;32008.0;32021.0
;;15.132000718731433;95.67799377441406;29.367982864379883;32016.0;32000.0
;;15.136000718921423;95.67805480957031;29.368017196655273;31998.0;32006.0
;;15.140000719111413;95.67816162109375;29.368013381958008;31996.0;32002.0
;;15.144000719301403;95.67818450927734;29.368017196655273;31996.0;32010.0
;;15.148000719491392;95.67820739746094;29.368053436279297;32000.0;31993.0
;;15.152000719681382;95.67827606201172;29.368043899536133;32008.0;32025.0
;;15.156000719871372;95.67831420898438;29.368070602416992;32015.0;32010.0
;;15.160000720061362;95.67840576171875;29.36806869506836;32012.0;32016.0
;;15.164000720251352;95.67845153808594;29.368080139160156;32013.0;32017.0
;;15.168000720441341;95.67845153808594;29.368120193481445;32013.0;32014.0
;;15.172000720631331;95.67852783203125;29.368120193481445;32010.0;32006.0
;;15.176000720821321;95.67858123779297;29.368144989013672;31993.0;32009.0
;;15.18000072101131;95.67864227294922;29.36815071105957;32009.0;32009.0
;;15.1840007212013;95.67865753173828;29.368152618408203;32005.0;32011.0
;;15.18800072139129;95.67871856689453;29.368181228637695;32013.0;32015.0
;;15.19200072158128;95.67878723144531;29.368186950683594;32013.0;32014.0
;;15.19600072177127;95.6788101196289;29.36820411682129;32011.0;32009.0
;;15.20000072196126;95.67884063720703;29.368249893188477;32010.0;32025.0
;;15.20400072215125;95.67887878417969;29.368268966674805;32015.0;32015.0
;;15.20800072234124;95.67890930175781;29.36829376220703;32014.0;32029.0
;;15.21200072253123;95.6789779663086;29.368295669555664;32010.0;32007.0
;;15.216000722721219;95.67896270751953;29.368305206298828;32006.0;32012.0
;;15.220000722911209;95.67899322509766;29.368335723876953;32016.0;32003.0
;;15.224000723101199;95.67903900146484;29.368356704711914;32008.0;32011.0
;;15.228000723291188;95.67908477783203;29.368392944335938;32008.0;32019.0
;;15.232000723481178;95.6791000366211;29.368419647216797;32016.0;32008.0
;;15.236000723671168;95.67910766601562;29.368423461914062;32019.0;32023.0
;;15.240000723861158;95.67916870117188;29.36846351623535;32010.0;32009.0
;;15.244000724051148;95.6791763305664;29.368499755859375;31997.0;31999.0
;;15.248000724241138;95.67920684814453;29.368541717529297;32008.0;32009.0
;;15.252000724431127;95.67922973632812;29.3685359954834;32011.0;32013.0
;;15.256000724621117;95.67922973632812;29.36858367919922;32018.0;32020.0
;;15.260000724811107;95.67926788330078;29.36861228942871;32005.0;32019.0
;;15.264000725001097;95.6792984008789;29.368684768676758;31997.0;32008.0
;;15.268000725191087;95.67933654785156;29.36870002746582;32013.0;32015.0
;;15.272000725381076;95.67935943603516;29.368709564208984;32015.0;32028.0
;;15.276000725571066;95.67936706542969;29.36875343322754;32015.0;32036.0
;;15.280000725761056;95.67938995361328;29.368793487548828;32003.0;32016.0
;;15.284000725951046;95.67942810058594;29.36880874633789;32006.0;32010.0
;;15.288000726141036;95.67942810058594;29.368850708007812;32012.0;32003.0
;;15.292000726331025;95.67948150634766;29.36887550354004;32016.0;32003.0
;;15.296000726521015;95.67950439453125;29.36893653869629;31996.0;32018.0
;;15.300000726711005;95.67952728271484;29.368932723999023;32003.0;32004.0
;;15.304000726900995;95.6795654296875;29.368972778320312;32003.0;32018.0
;;15.308000727090985;95.67955017089844;29.369022369384766;31994.0;32008.0
;;15.312000727280974;95.67961883544922;29.369050979614258;32010.0;31992.0
;;15.316000727470964;95.67964172363281;29.369070053100586;32015.0;32020.0
;;15.320000727660954;95.67969512939453;29.369081497192383;32005.0;32029.0
;;15.324000727850944;95.67967987060547;29.369136810302734;32001.0;32018.0
;;15.328000728040934;95.67974853515625;29.369142532348633;32012.0;32025.0
;;15.332000728230923;95.6797866821289;29.36920738220215;31997.0;32015.0
;;15.336000728420913;95.67982482910156;29.36920928955078;32003.0;32006.0
;;15.340000728610903;95.67987060546875;29.369218826293945;31998.0;32016.0
;;15.344000728800893;95.67988586425781;29.369243621826172;32012.0;32007.0
;;15.348000728990883;95.67997741699219;29.369274139404297;31996.0;32025.0
;;15.352000729180872;95.67997741699219;29.36931800842285;32032.0;32031.0
;;15.356000729370862;95.68000793457031;29.369346618652344;32017.0;32023.0
;;15.360000729560852;95.68009185791016;29.36936378479004;32001.0;32018.0
;;15.364000729750842;95.68013763427734;29.369367599487305;32007.0;32026.0
;;15.368000729940832;95.6801986694336;29.369388580322266;32007.0;32032.0
;;15.372000730130821;95.68024444580078;29.36943817138672;32019.0;32022.0
;;15.376000730320811;95.6802749633789;29.36944007873535;32002.0;32023.0
;;15.380000730510801;95.68011474609375;29.36944007873535;32014.0;32009.0
;;15.38400073070079;95.68041229248047;29.369482040405273;32005.0;32036.0
;;15.38800073089078;95.68050384521484;29.369495391845703;32035.0;32019.0
;;15.39200073108077;95.6805419921875;29.369510650634766;32014.0;32008.0
;;15.39600073127076;95.68058776855469;29.369548797607422;31989.0;32008.0
;;15.40000073146075;95.68063354492188;29.369571685791016;32023.0;32017.0
;;15.40400073165074;95.68067932128906;29.369579315185547;31996.0;32012.0
;;15.40800073184073;95.6806640625;29.369592666625977;32009.0;31997.0
;;15.41200073203072;95.6808090209961;29.36959457397461;32001.0;32028.0
;;15.41600073222071;95.68067932128906;29.369604110717773;32015.0;32013.0
;;15.4200007324107;95.68059539794922;29.36960792541504;32018.0;32026.0
;;15.424000732600689;95.6805648803711;29.369644165039062;32002.0;32018.0
;;15.428000732790679;95.68061065673828;29.36961555480957;32020.0;32025.0
;;15.432000732980669;95.68065643310547;29.36968231201172;32004.0;32015.0
;;15.436000733170658;95.68071746826172;29.36967658996582;31995.0;32019.0
;;15.440000733360648;95.68074798583984;29.36969566345215;32015.0;32016.0
;;15.444000733550638;95.68082427978516;29.369712829589844;32004.0;32016.0
;;15.448000733740628;95.68079376220703;29.36971092224121;32016.0;32026.0
;;15.452000733930618;95.68085479736328;29.369722366333008;32003.0;32021.0
;;15.456000734120607;95.68087005615234;29.369731903076172;32025.0;32012.0
;;15.460000734310597;95.6809310913086;29.369735717773438;32013.0;32005.0
;;15.464000734500587;95.68096923828125;29.369735717773438;32020.0;32018.0
;;15.468000734690577;95.6810302734375;29.36974334716797;32027.0;32016.0
;;15.472000734880567;95.68106842041016;29.369768142700195;32007.0;32024.0
;;15.476000735070556;95.68110656738281;29.369749069213867;32020.0;32023.0
;;15.480000735260546;95.6811294555664;29.369768142700195;32018.0;32023.0
;;15.484000735450536;95.68119812011719;29.36977195739746;32007.0;32020.0
;;15.488000735640526;95.68122863769531;29.369762420654297;32014.0;32016.0
;;15.492000735830516;95.68125915527344;29.36977195739746;32004.0;32018.0
;;15.496000736020505;95.68131256103516;29.369794845581055;32022.0;32033.0
;;15.500000736210495;95.68133544921875;29.36979866027832;32002.0;32008.0
;;15.504000736400485;95.68138122558594;29.36983871459961;32026.0;32028.0
;;15.508000736590475;95.681396484375;29.36982536315918;32007.0;32028.0
;;15.512000736780465;95.68143463134766;29.36984634399414;31998.0;32008.0
;;15.516000736970454;95.68146514892578;29.369871139526367;31998.0;32018.0
;;15.520000737160444;95.68148040771484;29.369869232177734;32007.0;32018.0
;;15.524000737350434;95.68148803710938;29.369876861572266;32019.0;32026.0
;;15.528000737540424;95.68153381347656;29.369905471801758;31980.0;32032.0
;;15.532000737730414;95.68153381347656;29.369916915893555;32012.0;32021.0
;;15.536000737920403;95.68154907226562;29.36994171142578;32006.0;32015.0
;;15.540000738110393;95.68157958984375;29.36996841430664;32005.0;32010.0
;;15.544000738300383;95.68160247802734;29.37000274658203;32019.0;32015.0
;;15.548000738490373;95.68159484863281;29.370018005371094;32023.0;31995.0
;;15.552000738680363;95.68159484863281;29.370040893554688;32006.0;32013.0
;;15.556000738870353;95.68159484863281;29.370059967041016;32018.0;32025.0
;;15.560000739060342;95.68160247802734;29.37009620666504;32005.0;32033.0
;;15.564000739250332;95.68160247802734;29.3701229095459;31992.0;32028.0
;;15.568000739440322;95.68159484863281;29.370166778564453;32006.0;32024.0
;;15.572000739630312;95.68160247802734;29.370203018188477;32015.0;32029.0
;;15.576000739820302;95.68160247802734;29.37021827697754;32010.0;32014.0
;;15.580000740010291;95.68159484863281;29.370285034179688;32015.0;32028.0
;;15.584000740200281;95.68152618408203;29.37030601501465;32011.0;32029.0
;;15.588000740390271;95.68153381347656;29.370351791381836;32001.0;32017.0
;;15.59200074058026;95.6815185546875;29.370405197143555;32022.0;32031.0
;;15.59600074077025;95.68151092529297;29.370454788208008;32017.0;32031.0
;;15.60000074096024;95.68148040771484;29.370502471923828;32006.0;31994.0
;;15.60400074115023;95.68146514892578;29.37055206298828;32011.0;32011.0
;;15.60800074134022;95.68146514892578;29.3706111907959;32001.0;32025.0
;;15.61200074153021;95.68141174316406;29.370664596557617;32002.0;32028.0
;;15.6160007417202;95.681396484375;29.37070655822754;32009.0;32031.0
;;15.62000074191019;95.6813735961914;29.370759963989258;32014.0;32022.0
;;15.62400074210018;95.68134307861328;29.370803833007812;32020.0;32031.0
;;15.628000742290169;95.68131256103516;29.370866775512695;31990.0;32019.0
;;15.632000742480159;95.68128204345703;29.370922088623047;32002.0;32025.0
;;15.636000742670149;95.68125915527344;29.37098503112793;32001.0;32037.0
;;15.640000742860138;95.68125915527344;29.37102508544922;32003.0;32026.0
;;15.644000743050128;95.68120574951172;29.37112808227539;32010.0;32026.0
;;15.648000743240118;95.68119812011719;29.371179580688477;32005.0;32007.0
;;15.652000743430108;95.68115997314453;29.37122917175293;32005.0;32019.0
;;15.656000743620098;95.6811294555664;29.371286392211914;32015.0;32028.0
;;15.660000743810087;95.6811294555664;29.371339797973633;31998.0;32033.0
;;15.664000744000077;95.6811294555664;29.37139320373535;32004.0;32018.0
;;15.668000744190067;95.68109893798828;29.371435165405273;32002.0;32023.0
;;15.672000744380057;95.6810531616211;29.37146759033203;32006.0;32020.0
;;15.676000744570047;95.68106079101562;29.371538162231445;32006.0;32032.0
;;15.680000744760036;95.6810531616211;29.37156867980957;32020.0;32019.0
;;15.684000744950026;95.68104553222656;29.371625900268555;32011.0;32018.0
;;15.688000745140016;95.6810531616211;29.371681213378906;32018.0;32020.0
;;15.692000745330006;95.68104553222656;29.37171173095703;32018.0;32026.0
;;15.696000745519996;95.6810531616211;29.371768951416016;32016.0;31984.0
;;15.700000745709985;95.68104553222656;29.371809005737305;32003.0;32020.0
;;15.704000745899975;95.68104553222656;29.371829986572266;32017.0;32021.0
;;15.708000746089965;95.68104553222656;29.371845245361328;32021.0;32026.0
;;15.712000746279955;95.68104553222656;29.371883392333984;32035.0;32021.0
;;15.716000746469945;95.68104553222656;29.37193489074707;32019.0;32027.0
;;15.720000746659935;95.68109130859375;29.37191390991211;32018.0;32027.0
;;15.724000746849924;95.68111419677734;29.371950149536133;32004.0;32022.0
;;15.728000747039914;95.68110656738281;29.37199592590332;32011.0;32019.0
;;15.732000747229904;95.68110656738281;29.37200927734375;32000.0;32020.0
;;15.736000747419894;95.68115997314453;29.372032165527344;32024.0;32012.0
;;15.740000747609884;95.6811752319336;29.372060775756836;32000.0;32001.0
;;15.744000747799873;95.68122100830078;29.372053146362305;32015.0;32013.0
;;15.748000747989863;95.68124389648438;29.372093200683594;32011.0;32010.0
;;15.752000748179853;95.6812744140625;29.372106552124023;32008.0;32012.0
;;15.756000748369843;95.68131256103516;29.37209701538086;32015.0;32018.0
;;15.760000748559833;95.68135070800781;29.37213897705078;32010.0;32033.0
;;15.764000748749822;95.6813735961914;29.372112274169922;32036.0;32012.0
;;15.768000748939812;95.681396484375;29.372121810913086;31993.0;32037.0
;;15.772000749129802;95.68143463134766;29.37203025817871;32026.0;32021.0
;;15.776000749319792;95.68151092529297;29.372053146362305;32014.0;32021.0
;;15.780000749509782;95.6815185546875;29.372047424316406;32018.0;32028.0
;;15.784000749699771;95.68157196044922;29.372041702270508;32009.0;32018.0
;;15.788000749889761;95.6816177368164;29.372045516967773;32021.0;32021.0
;;15.792000750079751;95.68164825439453;29.372060775756836;32019.0;32029.0
;;15.79600075026974;95.68169403076172;29.372047424316406;32015.0;32011.0
;;15.80000075045973;95.68175506591797;29.372068405151367;32033.0;32029.0
;;15.80400075064972;95.6817626953125;29.37205696105957;32017.0;32023.0
;;15.80800075083971;95.68189239501953;29.372051239013672;32023.0;32015.0
;;15.8120007510297;95.68185424804688;29.372039794921875;32022.0;32024.0
;;15.81600075121969;95.68189239501953;29.37203598022461;32020.0;32020.0
;;15.82000075140968;95.68196868896484;29.372051239013672;32003.0;32017.0
;;15.82400075159967;95.6819839477539;29.372041702270508;32009.0;32011.0
;;15.82800075178966;95.68204498291016;29.37203598022461;32013.0;32012.0
;;15.832000751979649;95.68207550048828;29.372039794921875;32025.0;32015.0
;;15.836000752169639;95.68209075927734;29.372045516967773;32007.0;32009.0
;;15.840000752359629;95.68215942382812;29.37203598022461;32004.0;32029.0
;;15.844000752549618;95.6821517944336;29.37205696105957;32024.0;31998.0
;;15.848000752739608;95.68219757080078;29.372053146362305;32019.0;32023.0
;;15.852000752929598;95.68222045898438;29.372045516967773;32028.0;32019.0
;;15.856000753119588;95.68229675292969;29.37201499938965;32021.0;32033.0
;;15.860000753309578;95.68228149414062;29.372032165527344;32007.0;32016.0
;;15.864000753499568;95.68230438232422;29.37203025817871;32012.0;32015.0
;;15.868000753689557;95.68235778808594;29.372053146362305;32019.0;32011.0
;;15.872000753879547;95.68236541748047;29.372047424316406;32030.0;32019.0
;;15.876000754069537;95.68241119384766;29.37205696105957;32026.0;32023.0
;;15.880000754259527;95.68241882324219;29.372053146362305;32009.0;32024.0
;;15.884000754449517;95.68244934082031;29.372068405151367;32014.0;32021.0
;;15.888000754639506;95.68244934082031;29.372081756591797;32022.0;32035.0
;;15.892000754829496;95.68248748779297;29.37208366394043;32013.0;32025.0
;;15.896000755019486;95.68250274658203;29.372102737426758;32022.0;31994.0
;;15.900000755209476;95.68255615234375;29.37211799621582;32024.0;32028.0
;;15.904000755399466;95.68254852294922;29.372133255004883;32019.0;32016.0
;;15.908000755589455;95.68254852294922;29.372129440307617;32014.0;32029.0
;;15.912000755779445;95.68255615234375;29.372150421142578;31996.0;32028.0
;;15.916000755969435;95.68258666992188;29.372154235839844;32015.0;32011.0
;;15.920000756159425;95.6825942993164;29.372159957885742;32006.0;32024.0
;;15.924000756349415;95.6825942993164;29.372163772583008;32013.0;32028.0
;;15.928000756539404;95.68257141113281;29.372194290161133;32007.0;32011.0
;;15.932000756729394;95.6826171875;29.372201919555664;32014.0;32012.0
;;15.936000756919384;95.68260192871094;29.372196197509766;32016.0;32027.0
;;15.940000757109374;95.6826171875;29.37224006652832;32023.0;32016.0
;;15.944000757299364;95.68262481689453;29.37223243713379;32017.0;32023.0
;;15.948000757489353;95.6826171875;29.372268676757812;32004.0;32029.0
;;15.952000757679343;95.6826171875;29.372278213500977;32000.0;32021.0
;;15.956000757869333;95.6826171875;29.372283935546875;32015.0;32017.0
;;15.960000758059323;95.68264770507812;29.372312545776367;32016.0;32008.0
;;15.964000758249313;95.68267059326172;29.3723087310791;32023.0;32001.0
;;15.968000758439302;95.68264770507812;29.372343063354492;32008.0;32019.0
;;15.972000758629292;95.68267822265625;29.372373580932617;32009.0;32016.0
;;15.976000758819282;95.68267822265625;29.372394561767578;32019.0;32040.0
;;15.980000759009272;95.68267822265625;29.372390747070312;32006.0;32017.0
;;15.984000759199262;95.68268585205078;29.372404098510742;32011.0;32012.0
;;15.988000759389251;95.68268585205078;29.37241554260254;32006.0;32029.0
;;15.992000759579241;95.68270874023438;29.3724365234375;32022.0;32008.0
;;15.996000759769231;95.6827392578125;29.3724308013916;31999.0;32020.0
;;16.00000075995922;95.68274688720703;29.37245750427246;32022.0;32014.0
;;16.00400076014921;95.68274688720703;29.37247657775879;32018.0;32018.0
;;16.0080007603392;95.68274688720703;29.372478485107422;32011.0;32023.0
;;16.01200076052919;95.68275451660156;29.37249183654785;32015.0;32019.0
;;16.01600076071918;95.68279266357422;29.372522354125977;32012.0;32023.0
;;16.02000076090917;95.68280029296875;29.372529983520508;32007.0;32025.0
;;16.02400076109916;95.68280792236328;29.37255859375;32013.0;32012.0
;;16.02800076128915;95.68280792236328;29.3725643157959;32007.0;31995.0
;;16.03200076147914;95.68283081054688;29.372573852539062;32009.0;32019.0
;;16.03600076166913;95.68285369873047;29.37256622314453;32007.0;32012.0
;;16.04000076185912;95.68287658691406;29.372575759887695;32000.0;32024.0
;;16.04400076204911;95.68289184570312;29.37256622314453;32004.0;32014.0
;;16.0480007622391;95.68290710449219;29.37257957458496;32010.0;32017.0
;;16.05200076242909;95.68294525146484;29.372589111328125;32009.0;32011.0
;;16.056000762619078;95.68293762207031;29.372591018676758;32013.0;32014.0
;;16.060000762809068;95.68297576904297;29.372596740722656;32005.0;32009.0
;;16.064000762999058;95.6830062866211;29.372610092163086;32010.0;32002.0
;;16.068000763189048;95.6830062866211;29.372591018676758;32013.0;32014.0
;;16.072000763379037;95.68304443359375;29.372604370117188;32008.0;32008.0
;;16.076000763569027;95.68306732177734;29.372621536254883;32005.0;32016.0
;;16.080000763759017;95.68306732177734;29.372615814208984;32005.0;32021.0
;;16.084000763949007;95.68314361572266;29.37261962890625;32010.0;32004.0
;;16.088000764138997;95.68315124511719;29.37262725830078;32017.0;32029.0
;;16.092000764328986;95.6832046508789;29.372610092163086;32013.0;32012.0
;;16.096000764518976;95.68319702148438;29.37262535095215;32011.0;32017.0
;;16.100000764708966;95.68325805664062;29.372621536254883;32005.0;32025.0
;;16.104000764898956;95.68326568603516;29.372621536254883;32011.0;32033.0
;;16.108000765088946;95.68328857421875;29.37262725830078;31995.0;32010.0
;;16.112000765278935;95.68333435058594;29.37263298034668;32014.0;32014.0
;;16.116000765468925;95.68335723876953;29.372631072998047;32003.0;32017.0
;;16.120000765658915;95.68339538574219;29.372591018676758;31998.0;32009.0
;;16.124000765848905;95.6834487915039;29.372589111328125;32001.0;32017.0
;;16.128000766038895;95.68346405029297;29.372596740722656;31996.0;32012.0
;;16.132000766228884;95.68350219726562;29.37256622314453;32004.0;32037.0
;;16.136000766418874;95.68353271484375;29.37255859375;32010.0;32024.0
;;16.140000766608864;95.68359375;29.3725643157959;32005.0;32013.0
;;16.144000766798854;95.68359375;29.3725643157959;32008.0;32022.0
;;16.148000766988844;95.68363952636719;29.372554779052734;31997.0;32017.0
;;16.152000767178833;95.68366241455078;29.372543334960938;32011.0;32021.0
;;16.156000767368823;95.68372344970703;29.372529983520508;32003.0;32018.0
;;16.160000767558813;95.68372344970703;29.372533798217773;32010.0;32037.0
;;16.164000767748803;95.68379974365234;29.372509002685547;32022.0;32004.0
;;16.168000767938793;95.68379974365234;29.372509002685547;31988.0;32012.0
;;16.172000768128783;95.683837890625;29.372499465942383;32008.0;32005.0
;;16.176000768318772;95.68386840820312;29.372512817382812;32012.0;32015.0
;;16.180000768508762;95.68389892578125;29.372482299804688;31993.0;32032.0
;;16.184000768698752;95.68390655517578;29.372482299804688;32001.0;32021.0
;;16.18800076888874;95.68395233154297;29.372493743896484;32013.0;32022.0
;;16.19200076907873;95.68396759033203;29.372507095336914;32006.0;32015.0
;;16.19600076926872;95.68400573730469;29.372467041015625;32007.0;32019.0
;;16.20000076945871;95.68401336669922;29.372467041015625;32000.0;32018.0
;;16.2040007696487;95.68400573730469;29.37249183654785;32005.0;32018.0
;;16.20800076983869;95.68406677246094;29.372478485107422;31992.0;32014.0
;;16.21200077002868;95.6840591430664;29.372488021850586;32003.0;32027.0
;;16.21600077021867;95.68407440185547;29.372509002685547;31999.0;32000.0
;;16.22000077040866;95.68407440185547;29.372522354125977;31993.0;32035.0
;;16.22400077059865;95.68407440185547;29.37252426147461;32007.0;32027.0
;;16.22800077078864;95.68408203125;29.372529983520508;32000.0;32003.0
;;16.23200077097863;95.68407440185547;29.372529983520508;32013.0;32005.0
;;16.23600077116862;95.68409729003906;29.37254524230957;32007.0;32019.0
;;16.24000077135861;95.68407440185547;29.372581481933594;32006.0;32003.0
;;16.2440007715486;95.68407440185547;29.37260627746582;32007.0;32021.0
;;16.24800077173859;95.68407440185547;29.372636795043945;32006.0;32012.0
;;16.25200077192858;95.6840591430664;29.37264633178711;32011.0;32016.0
;;16.25600077211857;95.68403625488281;29.3726863861084;32005.0;32014.0
;;16.26000077230856;95.68402862548828;29.372692108154297;31988.0;32032.0
;;16.264000772498548;95.68401336669922;29.372745513916016;32002.0;32005.0
;;16.268000772688538;95.68400573730469;29.372745513916016;32006.0;32014.0
;;16.272000772878528;95.68392944335938;29.37281036376953;32004.0;32022.0
;;16.276000773068517;95.68394470214844;29.372819900512695;32006.0;32025.0
;;16.280000773258507;95.68389892578125;29.372892379760742;32006.0;32007.0
;;16.284000773448497;95.68386840820312;29.3729248046875;32006.0;32017.0
;;16.288000773638487;95.683837890625;29.37295913696289;31989.0;32024.0
;;16.292000773828477;95.6838150024414;29.37298011779785;31999.0;32023.0
;;16.296000774018466;95.6838150024414;29.373058319091797;31996.0;32008.0
;;16.300000774208456;95.68374633789062;29.37310791015625;32010.0;32022.0
;;16.304000774398446;95.6836929321289;29.373165130615234;31998.0;32008.0
;;16.308000774588436;95.68367004394531;29.37319564819336;31998.0;32004.0
;;16.312000774778426;95.68364715576172;29.37325668334961;32020.0;32006.0
;;16.316000774968415;95.68362426757812;29.373310089111328;31994.0;32032.0
;;16.320000775158405;95.68360900878906;29.37336540222168;32002.0;32013.0
;;16.324000775348395;95.68353271484375;29.37338638305664;31990.0;32028.0
;;16.328000775538385;95.68354034423828;29.373443603515625;32013.0;32008.0
;;16.332000775728375;95.68346405029297;29.373489379882812;31997.0;32009.0
;;16.336000775918365;95.68342590332031;29.37354850769043;32003.0;32029.0
;;16.340000776108354;95.68340301513672;29.373584747314453;32010.0;32015.0
;;16.344000776298344;95.68339538574219;29.373626708984375;32003.0;32017.0
;;16.348000776488334;95.68333435058594;29.37367820739746;32014.0;32001.0
;;16.352000776678324;95.68333435058594;29.373729705810547;31999.0;32019.0
;;16.356000776868314;95.68327331542969;29.373775482177734;31996.0;32003.0
;;16.360000777058303;95.68329620361328;29.373769760131836;32007.0;32008.0
;;16.364000777248293;95.68326568603516;29.373823165893555;31996.0;32014.0
;;16.368000777438283;95.68325805664062;29.37386703491211;31999.0;32012.0
;;16.372000777628273;95.68319702148438;29.373918533325195;31998.0;32018.0
;;16.376000777818263;95.68319702148438;29.37394142150879;31983.0;31997.0
;;16.380000778008252;95.68319702148438;29.373979568481445;32013.0;32005.0
;;16.384000778198242;95.68319702148438;29.3740177154541;32011.0;32021.0
;;16.388000778388232;95.68319702148438;29.374021530151367;31998.0;32018.0
;;16.392000778578222;95.68319702148438;29.374052047729492;32017.0;32010.0
;;16.39600077876821;95.68318939208984;29.37407875061035;31993.0;32014.0
;;16.4000007789582;95.68318939208984;29.374094009399414;32003.0;32009.0
;;16.40400077914819;95.68318176269531;29.37409019470215;32006.0;32009.0
;;16.40800077933818;95.68319702148438;29.374135971069336;32016.0;31998.0
;;16.41200077952817;95.68318939208984;29.374120712280273;32005.0;32008.0
;;16.41600077971816;95.68318939208984;29.3741397857666;32025.0;32024.0
;;16.42000077990815;95.68318939208984;29.374164581298828;32009.0;32018.0
;;16.42400078009814;95.68321990966797;29.374160766601562;32002.0;32005.0
;;16.42800078028813;95.6832504272461;29.374155044555664;32004.0;31994.0
;;16.43200078047812;95.6832504272461;29.374149322509766;32022.0;32008.0
;;16.43600078066811;95.68328857421875;29.374130249023438;32025.0;32018.0
;;16.4400007808581;95.6833267211914;29.37417221069336;31998.0;32018.0
;;16.44400078104809;95.68347930908203;29.3741512298584;32029.0;32008.0
;;16.44800078123808;95.68352508544922;29.374149322509766;31994.0;32022.0
;;16.45200078142807;95.68355560302734;29.37411880493164;32003.0;32023.0
;;16.45600078161806;95.68358612060547;29.374128341674805;32011.0;32010.0
;;16.46000078180805;95.68358612060547;29.374113082885742;32002.0;32012.0
;;16.46400078199804;95.68363952636719;29.374109268188477;32027.0;32017.0
;;16.468000782188028;95.68363952636719;29.374094009399414;32012.0;32009.0
;;16.472000782378018;95.68370819091797;29.37409782409668;32005.0;32005.0
;;16.476000782568008;95.68367767333984;29.37403678894043;31999.0;32006.0
;;16.480000782757998;95.6837158203125;29.37403678894043;31994.0;32025.0
;;16.484000782947987;95.68378448486328;29.374032974243164;32003.0;32009.0
;;16.488000783137977;95.68378448486328;29.37403678894043;32004.0;32005.0
;;16.492000783327967;95.6838150024414;29.374008178710938;32017.0;32014.0
;;16.496000783517957;95.68384552001953;29.373981475830078;32010.0;32009.0
;;16.500000783707947;95.68386840820312;29.37394142150879;32018.0;32008.0
;;16.504000783897936;95.68389892578125;29.37397575378418;32010.0;32015.0
;;16.508000784087926;95.68390655517578;29.373971939086914;32007.0;32009.0
;;16.512000784277916;95.68396759033203;29.373926162719727;32003.0;32017.0
;;16.516000784467906;95.6839599609375;29.37386703491211;31985.0;32017.0
;;16.520000784657896;95.6839828491211;29.373903274536133;32010.0;32009.0
;;16.524000784847885;95.68404388427734;29.37385368347168;31996.0;32017.0
;;16.528000785037875;95.68403625488281;29.37387466430664;32010.0;32008.0
;;16.532000785227865;95.68403625488281;29.373863220214844;32005.0;31990.0
;;16.536000785417855;95.68408203125;29.37386703491211;32006.0;32013.0
;;16.540000785607845;95.6841049194336;29.37384796142578;32027.0;32012.0
;;16.544000785797834;95.6841049194336;29.37384796142578;32006.0;32011.0
;;16.548000785987824;95.68415069580078;29.373842239379883;32005.0;31996.0
;;16.552000786177814;95.68417358398438;29.373811721801758;31998.0;32011.0
;;16.556000786367804;95.68416595458984;29.37383270263672;32012.0;31995.0
;;16.560000786557794;95.68416595458984;29.37382698059082;32010.0;32008.0
;;16.564000786747783;95.68418884277344;29.373815536499023;32005.0;32010.0
;;16.568000786937773;95.68421173095703;29.373821258544922;32011.0;32003.0
;;16.572000787127763;95.6842269897461;29.37382698059082;32021.0;32000.0
;;16.576000787317753;95.68424224853516;29.373815536499023;32007.0;32011.0
;;16.580000787507743;95.68423461914062;29.373821258544922;31990.0;32002.0
;;16.584000787697732;95.68424987792969;29.373838424682617;32008.0;32006.0
;;16.588000787887722;95.68425750732422;29.373842239379883;32008.0;32003.0
;;16.592000788077712;95.68429565429688;29.373838424682617;32010.0;32005.0
;;16.596000788267702;95.68425750732422;29.373842239379883;31999.0;32014.0
;;16.60000078845769;95.6843032836914;29.373838424682617;32014.0;32015.0
;;16.60400078864768;95.68429565429688;29.373863220214844;32008.0;32013.0
;;16.60800078883767;95.68429565429688;29.373830795288086;31996.0;32011.0
;;16.61200078902766;95.68431091308594;29.373859405517578;32013.0;32005.0
;;16.61600078921765;95.68431091308594;29.373889923095703;32007.0;32001.0
;;16.62000078940764;95.68431091308594;29.37390899658203;32015.0;32010.0
;;16.62400078959763;95.68431091308594;29.373912811279297;32005.0;32011.0
;;16.62800078978762;95.68431091308594;29.37390899658203;32016.0;32005.0
;;16.63200078997761;95.68433380126953;29.373918533325195;31994.0;32010.0
;;16.6360007901676;95.68431854248047;29.37394142150879;32005.0;32016.0
;;16.64000079035759;95.68431854248047;29.373945236206055;32011.0;32026.0
;;16.64400079054758;95.6843490600586;29.373945236206055;31993.0;32016.0
;;16.64800079073757;95.68431854248047;29.373966217041016;31999.0;31988.0
;;16.65200079092756;95.6843490600586;29.37397575378418;31992.0;32006.0
;;16.65600079111755;95.6843032836914;29.37397003173828;32024.0;32022.0
;;16.66000079130754;95.684326171875;29.37397575378418;31988.0;32006.0
;;16.66400079149753;95.68437957763672;29.374008178710938;32011.0;31994.0
;;16.66800079168752;95.6843490600586;29.374008178710938;32015.0;32021.0
;;16.672000791877508;95.6843490600586;29.37401580810547;32000.0;32002.0
;;16.676000792067498;95.68437957763672;29.374006271362305;31996.0;32014.0
;;16.680000792257488;95.68437957763672;29.374008178710938;32003.0;32001.0
;;16.684000792447478;95.68437957763672;29.374042510986328;31999.0;32004.0
;;16.688000792637467;95.68437957763672;29.374061584472656;31984.0;32012.0
;;16.692000792827457;95.68437957763672;29.374032974243164;31996.0;32007.0
;;16.696000793017447;95.68437957763672;29.374052047729492;32005.0;32016.0
;;16.700000793207437;95.68437957763672;29.374088287353516;31998.0;32005.0
;;16.704000793397427;95.68440246582031;29.374038696289062;32008.0;32015.0
;;16.708000793587416;95.68441772460938;29.37401580810547;31992.0;32013.0
;;16.712000793777406;95.68444061279297;29.374021530151367;31994.0;32012.0
;;16.716000793967396;95.68443298339844;29.3740234375;31998.0;32014.0
;;16.720000794157386;95.68443298339844;29.374053955078125;32020.0;31999.0
;;16.724000794347376;95.68443298339844;29.374027252197266;32002.0;32011.0
;;16.728000794537365;95.68446350097656;29.374038696289062;31987.0;31994.0
;;16.732000794727355;95.68450164794922;29.37399673461914;32024.0;32023.0
;;16.736000794917345;95.68450164794922;29.374008178710938;32013.0;32014.0
;;16.740000795107335;95.68451690673828;29.374046325683594;31985.0;32020.0
;;16.744000795297325;95.6845474243164;29.373971939086914;32017.0;32017.0
;;16.748000795487314;95.68456268310547;29.373945236206055;32010.0;32016.0
;;16.752000795677304;95.68456268310547;29.37393569946289;32010.0;32004.0
;;16.756000795867294;95.68458557128906;29.373964309692383;32004.0;32024.0
;;16.760000796057284;95.68462371826172;29.373889923095703;32000.0;31996.0
;;16.764000796247274;95.68464660644531;29.373920440673828;32024.0;32024.0
;;16.768000796437263;95.68464660644531;29.37389373779297;31998.0;32016.0
;;16.772000796627253;95.68470001220703;29.373859405517578;32016.0;32009.0
;;16.776000796817243;95.68473052978516;29.37385368347168;32000.0;32002.0
;;16.780000797007233;95.68473815917969;29.374011993408203;32019.0;32002.0
;;16.784000797197223;95.68476104736328;29.373960494995117;31989.0;32003.0
;;16.788000797387213;95.68482208251953;29.37395477294922;31992.0;32020.0
;;16.792000797577202;95.68482971191406;29.374008178710938;31992.0;32001.0
;;16.796000797767192;95.68482208251953;29.373905181884766;32008.0;31996.0
;;16.800000797957182;95.68490600585938;29.37391471862793;32005.0;32018.0
;;16.80400079814717;95.68492889404297;29.373882293701172;32001.0;32014.0
;;16.80800079833716;95.6849594116211;29.373985290527344;32005.0;31999.0
;;16.81200079852715;95.68496704101562;29.37394905090332;32002.0;32008.0
;;16.81600079871714;95.68502807617188;29.373950958251953;31981.0;31997.0
;;16.82000079890713;95.68502807617188;29.373918533325195;32010.0;32029.0
;;16.82400079909712;95.68508911132812;29.37391471862793;32010.0;31998.0
;;16.82800079928711;95.68508911132812;29.373912811279297;31983.0;32008.0
;;16.8320007994771;95.68515014648438;29.373889923095703;32004.0;32018.0
;;16.83600079966709;95.68517303466797;29.37387466430664;32011.0;31997.0
;;16.84000079985708;95.68519592285156;29.37385368347168;32009.0;32001.0
;;16.84400080004707;95.68524169921875;29.37385368347168;32009.0;32018.0
;;16.84800080023706;95.68526458740234;29.37384605407715;31999.0;32027.0
;;16.85200080042705;95.68529510498047;29.373851776123047;31999.0;32017.0
;;16.85600080061704;95.6853256225586;29.373830795288086;32007.0;32006.0
;;16.86000080080703;95.68536376953125;29.37382698059082;31980.0;32004.0
;;16.86400080099702;95.68535614013672;29.373811721801758;32001.0;32009.0
;;16.86800080118701;95.68541717529297;29.373830795288086;32007.0;32013.0
;;16.872000801377;95.6854248046875;29.37380599975586;31995.0;32013.0
;;16.87600080156699;95.6854476928711;29.373807907104492;31998.0;32007.0
;;16.880000801756978;95.68546295166016;29.373815536499023;32000.0;32011.0
;;16.884000801946968;95.68549346923828;29.373823165893555;32006.0;31982.0
;;16.888000802136958;95.68550109863281;29.373830795288086;32006.0;31986.0
;;16.892000802326947;95.68551635742188;29.37382698059082;31992.0;32017.0
;;16.896000802516937;95.68553924560547;29.373830795288086;32007.0;32014.0
;;16.900000802706927;95.68553161621094;29.37384796142578;32015.0;32003.0
;;16.904000802896917;95.68556213378906;29.373838424682617;32012.0;32012.0
;;16.908000803086907;95.68556213378906;29.37385368347168;32009.0;32008.0
;;16.912000803276896;95.68556213378906;29.373884201049805;31994.0;31995.0
;;16.916000803466886;95.68556213378906;29.37388801574707;31988.0;31998.0
;;16.920000803656876;95.68556213378906;29.373926162719727;32002.0;32004.0
;;16.924000803846866;95.6855697631836;29.373929977416992;31997.0;31997.0
;;16.928000804036856;95.68553161621094;29.373966217041016;32001.0;32025.0
;;16.932000804226846;95.68550872802734;29.373991012573242;32010.0;32016.0
;;16.936000804416835;95.68551635742188;29.3740234375;31991.0;32000.0
;;16.940000804606825;95.68548583984375;29.374061584472656;31997.0;32009.0
;;16.944000804796815;95.68547821044922;29.374082565307617;31993.0;31997.0
;;16.948000804986805;95.6854476928711;29.374120712280273;32001.0;32006.0
;;16.952000805176795;95.68544006347656;29.3741455078125;31997.0;32017.0
;;16.956000805366784;95.68541717529297;29.374195098876953;32003.0;32012.0
;;16.960000805556774;95.68536376953125;29.374231338500977;32006.0;32013.0
;;16.964000805746764;95.68534088134766;29.37428855895996;32001.0;32000.0
;;16.968000805936754;95.685302734375;29.374319076538086;32003.0;32004.0
;;16.972000806126744;95.68528747558594;29.37435531616211;31985.0;32009.0
;;16.976000806316733;95.68525695800781;29.374412536621094;32013.0;31996.0
;;16.980000806506723;95.68524169921875;29.374454498291016;32008.0;32012.0
;;16.984000806696713;95.6851806640625;29.3745059967041;32005.0;32002.0
;;16.988000806886703;95.68517303466797;29.374515533447266;31997.0;32007.0
;;16.992000807076693;95.68508911132812;29.374591827392578;32000.0;32006.0
;;16.996000807266682;95.6850814819336;29.374622344970703;32000.0;32000.0
;;17.000000807456672;95.6850357055664;29.374677658081055;32002.0;32018.0
;;17.004000807646662;95.68502807617188;29.37472152709961;31988.0;32009.0
;;17.008000807836652;95.68496704101562;29.374759674072266;31993.0;32008.0
;;17.01200080802664;95.6849136352539;29.37481689453125;32008.0;32011.0
;;17.01600080821663;95.68490600585938;29.374862670898438;31998.0;32017.0
;;17.02000080840662;95.68485260009766;29.37488555908203;32008.0;32003.0
;;17.02400080859661;95.68480682373047;29.374935150146484;32001.0;32015.0
;;17.0280008087866;95.68477630615234;29.374982833862305;31993.0;32006.0
;;17.03200080897659;95.68476104736328;29.375017166137695;32002.0;31997.0
;;17.03600080916658;95.6847152709961;29.37505340576172;32014.0;32002.0
;;17.04000080935657;95.68470001220703;29.375085830688477;31992.0;32013.0
;;17.04400080954656;95.6846923828125;29.375110626220703;32012.0;32010.0
;;17.04800080973655;95.68463134765625;29.375165939331055;32003.0;31988.0
;;17.05200080992654;95.68463897705078;29.375181198120117;31990.0;32007.0
;;17.05600081011653;95.68458557128906;29.375202178955078;31996.0;31997.0
;;17.06000081030652;95.68456268310547;29.375244140625;31991.0;32004.0
;;17.06400081049651;95.68456268310547;29.375232696533203;31998.0;31995.0
;;17.0680008106865;95.68456268310547;29.375263214111328;31999.0;31989.0
;;17.07200081087649;95.68453216552734;29.37528419494629;32006.0;32000.0
;;17.07600081106648;95.68449401855469;29.375286102294922;32011.0;32007.0
;;17.08000081125647;95.68455505371094;29.37529945373535;31988.0;32008.0
;;17.084000811446458;95.68453216552734;29.37529945373535;32004.0;32017.0
;;17.088000811636448;95.68455505371094;29.375301361083984;31985.0;32000.0
;;17.092000811826438;95.68452453613281;29.375329971313477;32003.0;32006.0
;;17.096000812016428;95.68451690673828;29.375329971313477;32002.0;31992.0
;;17.100000812206417;95.68453216552734;29.375329971313477;32009.0;32002.0
;;17.104000812396407;95.68455505371094;29.37532615661621;31982.0;31994.0
;;17.108000812586397;95.68455505371094;29.375314712524414;31993.0;32008.0
;;17.112000812776387;95.68455505371094;29.375308990478516;32022.0;32013.0
;;17.116000812966377;95.6845932006836;29.375320434570312;31992.0;32009.0
;;17.120000813156366;95.68458557128906;29.375295639038086;32006.0;31987.0
;;17.124000813346356;95.68462371826172;29.375286102294922;31986.0;32008.0
;;17.128000813536346;95.68462371826172;29.37528419494629;31999.0;32004.0
;;17.132000813726336;95.68463897705078;29.37525749206543;31999.0;32007.0
;;17.136000813916326;95.6846923828125;29.375247955322266;32003.0;32006.0
;;17.140000814106315;95.68470764160156;29.375247955322266;31986.0;31997.0
;;17.144000814296305;95.68476104736328;29.375198364257812;31989.0;32003.0
;;17.148000814486295;95.68475341796875;29.375205993652344;32011.0;32016.0
;;17.152000814676285;95.68480682373047;29.375141143798828;32003.0;32003.0
;;17.156000814866275;95.68486785888672;29.375141143798828;32000.0;31995.0
;;17.160000815056264;95.68488311767578;29.37512969970703;32005.0;32000.0
;;17.164000815246254;95.68488311767578;29.375123977661133;32001.0;32006.0
;;17.168000815436244;95.68495178222656;29.37510108947754;32008.0;32000.0
;;17.172000815626234;95.68500518798828;29.375085830688477;31991.0;31996.0
;;17.176000815816224;95.68498229980469;29.375078201293945;32001.0;31998.0
;;17.180000816006213;95.68501281738281;29.375070571899414;32007.0;32003.0
;;17.184000816196203;95.68508911132812;29.375041961669922;31989.0;32007.0
;;17.188000816386193;95.68507385253906;29.37502670288086;31997.0;31978.0
;;17.192000816576183;95.68515014648438;29.37502670288086;32006.0;31996.0
;;17.196000816766173;95.68515014648438;29.374977111816406;31993.0;31998.0
;;17.200000816956162;95.68518829345703;29.374977111816406;32012.0;32001.0
;;17.204000817146152;95.68523406982422;29.374971389770508;31981.0;32001.0
;;17.208000817336142;95.68524932861328;29.37496566772461;31996.0;32003.0
;;17.212000817526132;95.68527221679688;29.37495231628418;32008.0;32000.0
;;17.21600081771612;95.68531036376953;29.374950408935547;32001.0;31988.0
;;17.22000081790611;95.68534851074219;29.37495231628418;32001.0;31988.0
;;17.2240008180961;95.68534088134766;29.374950408935547;32005.0;32004.0
;;17.22800081828609;95.68537139892578;29.374923706054688;32011.0;32010.0
;;17.23200081847608;95.6854019165039;29.374908447265625;32021.0;32012.0
;;17.23600081866607;95.68540954589844;29.37492561340332;31999.0;31997.0
;;17.24000081885606;95.68543243408203;29.374929428100586;31999.0;32008.0
;;17.24400081904605;95.68547821044922;29.37492561340332;32004.0;31980.0
;;17.24800081923604;95.68547058105469;29.37493133544922;32004.0;31993.0
;;17.25200081942603;95.68548583984375;29.374916076660156;32015.0;32000.0
;;17.25600081961602;95.68549346923828;29.37493133544922;31993.0;31994.0
;;17.26000081980601;95.685546875;29.374914169311523;32001.0;31995.0
;;17.264000819996;95.68553924560547;29.374914169311523;32000.0;32002.0
;;17.26800082018599;95.68553924560547;29.374919891357422;31989.0;31993.0
;;17.27200082037598;95.68553924560547;29.374919891357422;31989.0;31997.0
;;17.27600082056597;95.68557739257812;29.374940872192383;32000.0;32011.0
;;17.28000082075596;95.68556213378906;29.37498664855957;32000.0;32008.0
;;17.28400082094595;95.68559265136719;29.374990463256836;31996.0;32003.0
;;17.288000821135938;95.68559265136719;29.374980926513672;32003.0;32010.0
;;17.292000821325928;95.68560028076172;29.374996185302734;31995.0;31995.0
;;17.296000821515918;95.68560028076172;29.37498664855957;31998.0;32019.0
;;17.300000821705908;95.68560791015625;29.375032424926758;31999.0;32002.0
;;17.304000821895897;95.68560028076172;29.375019073486328;31992.0;31999.0
;;17.308000822085887;95.68560791015625;29.37502670288086;32006.0;31993.0
;;17.312000822275877;95.68560791015625;29.375019073486328;31998.0;32013.0
;;17.316000822465867;95.68560791015625;29.375043869018555;32000.0;31997.0
;;17.320000822655857;95.68560028076172;29.375059127807617;31990.0;31995.0
;;17.324000822845846;95.68560791015625;29.375057220458984;31989.0;31999.0
;;17.328000823035836;95.68560791015625;29.37505340576172;32012.0;32007.0
;;17.332000823225826;95.68560791015625;29.375070571899414;32011.0;32001.0
;;17.336000823415816;95.68560028076172;29.375078201293945;32016.0;31996.0
;;17.340000823605806;95.68560791015625;29.375078201293945;31999.0;31988.0
;;17.344000823795795;95.68560791015625;29.37509536743164;31978.0;32012.0
;;17.348000823985785;95.68561553955078;29.37510108947754;32007.0;32002.0
;;17.352000824175775;95.68560791015625;29.37512969970703;31993.0;31998.0
;;17.356000824365765;95.68561553955078;29.375123977661133;32026.0;32000.0
;;17.360000824555755;95.68562316894531;29.375125885009766;32004.0;31994.0
;;17.364000824745744;95.6856460571289;29.375141143798828;32002.0;31999.0
;;17.368000824935734;95.68566131591797;29.375144958496094;32003.0;31996.0
;;17.372000825125724;95.68567657470703;29.37513542175293;32009.0;32013.0
;;17.376000825315714;95.68567657470703;29.375146865844727;31995.0;32016.0
;;17.380000825505704;95.68568420410156;29.37513542175293;31994.0;31999.0
;;17.384000825695693;95.6856460571289;29.375144958496094;32013.0;31999.0
;;17.388000825885683;95.68574523925781;29.375146865844727;31997.0;31998.0
;;17.392000826075673;95.68575286865234;29.375144958496094;31991.0;31993.0
;;17.396000826265663;95.68577575683594;29.375146865844727;32013.0;31988.0
;;17.400000826455653;95.68580627441406;29.375144958496094;31984.0;31998.0
;;17.404000826645643;95.68577575683594;29.375152587890625;31998.0;31987.0
;;17.408000826835632;95.68583679199219;29.375150680541992;32006.0;32001.0
;;17.412000827025622;95.68588256835938;29.37513542175293;32005.0;31997.0
;;17.416000827215612;95.68589782714844;29.37513542175293;31999.0;31991.0
;;17.4200008274056;95.6858901977539;29.375144958496094;31993.0;32016.0
;;17.42400082759559;95.68596649169922;29.375131607055664;32013.0;32012.0
;;17.42800082778558;95.68600463867188;29.37511444091797;32013.0;32004.0
;;17.43200082797557;95.68605041503906;29.375110626220703;32004.0;31991.0
;;17.43600082816556;95.68603515625;29.375099182128906;32010.0;32005.0
;;17.44000082835555;95.68611145019531;29.375093460083008;32006.0;32000.0
;;17.44400082854554;95.68617248535156;29.375080108642578;32018.0;31993.0
;;17.44800082873553;95.68597412109375;29.37506866455078;31993.0;31991.0
;;17.45200082892552;95.68628692626953;29.375059127807617;32008.0;31997.0
;;17.45600082911551;95.68629455566406;29.375070571899414;32002.0;32002.0
;;17.4600008293055;95.68632507324219;29.375043869018555;31999.0;32007.0
;;17.46400082949549;95.68634033203125;29.375049591064453;31994.0;32006.0
;;17.46800082968548;95.6863784790039;29.375017166137695;32005.0;32007.0
;;17.47200082987547;95.68611907958984;29.374990463256836;31989.0;32008.0
;;17.47600083006546;95.68607330322266;29.375001907348633;32005.0;32004.0
;;17.48000083025545;95.68612670898438;29.374950408935547;31993.0;31994.0
;;17.48400083044544;95.6861572265625;29.374956130981445;32003.0;31997.0
;;17.48800083063543;95.68618774414062;29.37494659423828;32000.0;32003.0
;;17.49200083082542;95.68621826171875;29.374929428100586;31997.0;32015.0
;;17.496000831015408;95.68617248535156;29.374935150146484;32009.0;32007.0
;;17.500000831205398;95.68619537353516;29.374929428100586;32001.0;32008.0
;;17.504000831395388;95.68624114990234;29.37487030029297;32007.0;32003.0
;;17.508000831585377;95.68626403808594;29.374879837036133;31978.0;32004.0
;;17.512000831775367;95.68630981445312;29.374895095825195;32004.0;31993.0
;;17.516000831965357;95.68633270263672;29.374858856201172;31996.0;31995.0
;;17.520000832155347;95.68632507324219;29.374862670898438;32003.0;32016.0
;;17.524000832345337;95.6864013671875;29.374849319458008;31993.0;31995.0
;;17.528000832535326;95.68643188476562;29.374818801879883;31996.0;32016.0
;;17.532000832725316;95.68646240234375;29.374818801879883;31995.0;32003.0
;;17.536000832915306;95.68648529052734;29.374792098999023;31992.0;31991.0
;;17.540000833105296;95.68650817871094;29.37479591369629;32011.0;32000.0
;;17.544000833295286;95.68653106689453;29.374792098999023;31994.0;31979.0
;;17.548000833485276;95.68657684326172;29.37481689453125;32000.0;31998.0
;;17.552000833675265;95.68659973144531;29.374788284301758;32009.0;31987.0
;;17.556000833865255;95.68661499023438;29.37480354309082;32001.0;32005.0
;;17.560000834055245;95.68663024902344;29.374801635742188;31994.0;31996.0
;;17.564000834245235;95.68665313720703;29.374807357788086;32003.0;32000.0
;;17.568000834435225;95.68668365478516;29.37481117248535;31993.0;31982.0
;;17.572000834625214;95.6866683959961;29.37484359741211;32019.0;32004.0
;;17.576000834815204;95.68668365478516;29.374818801879883;31998.0;32005.0
;;17.580000835005194;95.68672180175781;29.374858856201172;31988.0;31997.0
;;17.584000835195184;95.68673706054688;29.374853134155273;31978.0;31987.0
;;17.588000835385174;95.68672943115234;29.3748779296875;31990.0;31980.0
;;17.592000835575163;95.68673706054688;29.374889373779297;32001.0;32002.0
;;17.596000835765153;95.68673706054688;29.374908447265625;32003.0;31998.0
;;17.600000835955143;95.68673706054688;29.37495994567871;32000.0;31986.0
;;17.604000836145133;95.68673706054688;29.37498664855957;31999.0;31984.0
;;17.608000836335123;95.68673706054688;29.375011444091797;32004.0;32013.0
;;17.612000836525112;95.68673706054688;29.375032424926758;31995.0;31989.0
;;17.616000836715102;95.68673706054688;29.375049591064453;31982.0;32003.0
;;17.620000836905092;95.68672180175781;29.375123977661133;32004.0;31989.0
;;17.624000837095082;95.68668365478516;29.375146865844727;32006.0;32001.0
;;17.62800083728507;95.6866683959961;29.375152587890625;32004.0;31989.0
;;17.63200083747506;95.68665313720703;29.37519645690918;31993.0;32013.0
;;17.63600083766505;95.68663787841797;29.375259399414062;32000.0;32006.0
;;17.64000083785504;95.68660736083984;29.375308990478516;32007.0;32005.0
;;17.64400083804503;95.68657684326172;29.375341415405273;31995.0;32002.0
;;17.64800083823502;95.6865463256836;29.37538719177246;32011.0;31994.0
;;17.65200083842501;95.6865463256836;29.375423431396484;31980.0;32005.0
;;17.656000838615;95.68647003173828;29.37548828125;32003.0;31990.0
;;17.66000083880499;95.68646240234375;29.37557601928711;31978.0;32003.0
;;17.66400083899498;95.68640899658203;29.375629425048828;32002.0;32006.0
;;17.66800083918497;95.6863784790039;29.375669479370117;32024.0;32004.0
;;17.67200083937496;95.68634796142578;29.37571144104004;32003.0;31999.0
;;17.67600083956495;95.68631744384766;29.3757266998291;31996.0;31997.0
;;17.68000083975494;95.686279296875;29.375782012939453;31989.0;32006.0
;;17.68400083994493;95.68621826171875;29.375797271728516;31985.0;32001.0
;;17.68800084013492;95.68619537353516;29.375852584838867;31996.0;31999.0
;;17.69200084032491;95.6861343383789;29.37590980529785;31993.0;31999.0
;;17.6960008405149;95.68610382080078;29.375946044921875;32000.0;31993.0
;;17.700000840704888;95.68607330322266;29.375986099243164;32024.0;32001.0
;;17.704000840894878;95.68601989746094;29.376007080078125;32004.0;31985.0
;;17.708000841084868;95.6860122680664;29.376033782958984;32013.0;31980.0
;;17.712000841274858;95.68592834472656;29.376070022583008;32007.0;31998.0
;;17.716000841464847;95.68592834472656;29.376079559326172;32008.0;32016.0
;;17.720000841654837;95.68586730957031;29.37610626220703;32012.0;31993.0
;;17.724000841844827;95.68587493896484;29.376148223876953;31996.0;31998.0
;;17.728000842034817;95.68582916259766;29.376136779785156;32000.0;31987.0
;;17.732000842224807;95.68580627441406;29.37618637084961;32001.0;31984.0
;;17.736000842414796;95.685791015625;29.376182556152344;31990.0;32003.0
;;17.740000842604786;95.68577575683594;29.376203536987305;31999.0;32001.0
;;17.744000842794776;95.68574523925781;29.376203536987305;31996.0;31990.0
;;17.748000842984766;95.68573760986328;29.376245498657227;32011.0;32002.0
;;17.752000843174756;95.6856918334961;29.376253128051758;31995.0;32004.0
;;17.756000843364745;95.68567657470703;29.376243591308594;32015.0;31995.0
;;17.760000843554735;95.68570709228516;29.37625503540039;32008.0;31986.0
;;17.764000843744725;95.68569946289062;29.376264572143555;32015.0;32001.0
;;17.768000843934715;95.6856689453125;29.37626075744629;32005.0;32006.0
;;17.772000844124705;95.68563842773438;29.37626838684082;32002.0;31999.0
;;17.776000844314694;95.6856689453125;29.376245498657227;31987.0;31985.0
;;17.780000844504684;95.6856689453125;29.37625503540039;32015.0;31997.0
;;17.784000844694674;95.68566131591797;29.37622833251953;32003.0;31994.0
;;17.788000844884664;95.68566131591797;29.376134872436523;32000.0;31998.0
;;17.792000845074654;95.6856689453125;29.376134872436523;32012.0;31993.0
;;17.796000845264643;95.68570709228516;29.376121520996094;32010.0;31983.0
;;17.800000845454633;95.68572998046875;29.37611961364746;31999.0;31987.0
;;17.804000845644623;95.68572235107422;29.376100540161133;31997.0;31979.0
;;17.808000845834613;95.68574523925781;29.3761043548584;31996.0;31993.0
;;17.812000846024603;95.6857681274414;29.376096725463867;32014.0;31992.0
;;17.816000846214592;95.68579864501953;29.376096725463867;32014.0;32005.0
;;17.820000846404582;95.6858139038086;29.376079559326172;32004.0;31984.0
;;17.824000846594572;95.68585968017578;29.376075744628906;31985.0;32008.0
;;17.828000846784562;95.68587493896484;29.376039505004883;32021.0;31998.0
;;17.83200084697455;95.6858901977539;29.376028060913086;31989.0;32018.0
;;17.83600084716454;95.68592071533203;29.376028060913086;32001.0;31995.0
;;17.84000084735453;95.68598175048828;29.376022338867188;32005.0;31992.0
;;17.84400084754452;95.68607330322266;29.376018524169922;31995.0;31986.0
;;17.84800084773451;95.68600463867188;29.375986099243164;31999.0;32001.0
;;17.8520008479245;95.68607330322266;29.37599754333496;32005.0;32012.0
;;17.85600084811449;95.68608856201172;29.37596321105957;32012.0;31988.0
;;17.86000084830448;95.68612670898438;29.3759708404541;32004.0;31986.0
;;17.86400084849447;95.68614959716797;29.375961303710938;31997.0;32004.0
;;17.86800084868446;95.68618774414062;29.375961303710938;32002.0;31993.0
;;17.87200084887445;95.68619537353516;29.375946044921875;32003.0;32006.0
;;17.87600084906444;95.68628692626953;29.375946044921875;32000.0;32004.0
;;17.88000084925443;95.68624877929688;29.375905990600586;31997.0;31990.0
;;17.88400084944442;95.68630981445312;29.375919342041016;31972.0;32003.0
;;17.88800084963441;95.68634033203125;29.37592124938965;32005.0;32011.0
;;17.8920008498244;95.68638610839844;29.375911712646484;32022.0;31989.0
;;17.89600085001439;95.6863784790039;29.375919342041016;31990.0;32012.0
;;17.90000085020438;95.68643951416016;29.375919342041016;32005.0;31994.0
;;17.904000850394368;95.68644714355469;29.37589454650879;32001.0;32004.0
;;17.908000850584358;95.68647766113281;29.375904083251953;31998.0;31985.0
;;17.912000850774348;95.68650817871094;29.375885009765625;31996.0;31987.0
;;17.916000850964338;95.68651580810547;29.375905990600586;31997.0;32008.0
;;17.920000851154327;95.6865234375;29.375900268554688;31995.0;32012.0
;;17.924000851344317;95.68656921386719;29.37590980529785;32001.0;32000.0
;;17.928000851534307;95.68657684326172;29.375919342041016;32001.0;31990.0
;;17.932000851724297;95.6866226196289;29.37591552734375;32005.0;31980.0
;;17.936000851914287;95.68660736083984;29.375925064086914;31997.0;31997.0
;;17.940000852104276;95.68665313720703;29.375932693481445;31991.0;32005.0
;;17.944000852294266;95.6866455078125;29.375932693481445;32009.0;31984.0
;;17.948000852484256;95.6866455078125;29.375930786132812;31994.0;32002.0
;;17.952000852674246;95.68669128417969;29.375932693481445;31989.0;32008.0
;;17.956000852864236;95.68669891357422;29.37596321105957;31992.0;31998.0
;;17.960000853054225;95.68669128417969;29.37596321105957;31989.0;31992.0
;;17.964000853244215;95.68671417236328;29.37596321105957;32008.0;31993.0
;;17.968000853434205;95.68670654296875;29.37596321105957;32005.0;31998.0
;;17.972000853624195;95.68671417236328;29.3759822845459;32016.0;31978.0
;;17.976000853814185;95.68669891357422;29.37600326538086;32004.0;31996.0
;;17.980000854004174;95.68672180175781;29.375993728637695;32001.0;31996.0
;;17.984000854194164;95.68668365478516;29.376007080078125;31996.0;31998.0
;;17.988000854384154;95.68668365478516;29.37603759765625;32000.0;32001.0
;;17.992000854574144;95.68668365478516;29.376018524169922;31990.0;32012.0
;;17.996000854764134;95.68669128417969;29.37603759765625;32008.0;32000.0
;;18.000000854954123;95.68671417236328;29.37606430053711;31992.0;32001.0
;;18.004000855144113;95.68669891357422;29.376073837280273;32004.0;31987.0
;;18.008000855334103;95.68667602539062;29.376089096069336;32005.0;31999.0
;;18.012000855524093;95.68668365478516;29.376081466674805;32007.0;31984.0
;;18.016000855714083;95.68669891357422;29.376075744628906;32007.0;32003.0
;;18.020000855904073;95.68669128417969;29.376081466674805;32010.0;32014.0
;;18.024000856094062;95.68666076660156;29.376094818115234;31996.0;32005.0
;;18.028000856284052;95.68669128417969;29.376094818115234;32014.0;32001.0
;;18.032000856474042;95.68672180175781;29.37612533569336;32001.0;32002.0
;;18.03600085666403;95.68669891357422;29.376127243041992;31997.0;31994.0
;;18.04000085685402;95.68669128417969;29.37616729736328;31994.0;31998.0
;;18.04400085704401;95.68670654296875;29.376142501831055;32005.0;31973.0
;;18.048000857234;95.68669891357422;29.37615203857422;31994.0;31998.0
;;18.05200085742399;95.68672180175781;29.376161575317383;32020.0;31993.0
;;18.05600085761398;95.68672180175781;29.37616729736328;32010.0;31994.0
;;18.06000085780397;95.68672180175781;29.376163482666016;31989.0;31994.0
;;18.06400085799396;95.68672180175781;29.376155853271484;32005.0;31983.0
;;18.06800085818395;95.68672180175781;29.37617301940918;31972.0;32004.0
;;18.07200085837394;95.68671417236328;29.376157760620117;32026.0;31995.0
;;18.07600085856393;95.68671417236328;29.376178741455078;31994.0;31978.0
;;18.08000085875392;95.68672180175781;29.376140594482422;32003.0;32001.0
;;18.08400085894391;95.68675231933594;29.376157760620117;31997.0;31993.0
;;18.0880008591339;95.6867446899414;29.37611198425293;31997.0;31998.0
;;18.09200085932389;95.68678283691406;29.376121520996094;32006.0;32004.0
;;18.09600085951388;95.68675994873047;29.376131057739258;31998.0;32004.0
;;18.10000085970387;95.68678283691406;29.376140594482422;31992.0;32006.0
;;18.10400085989386;95.68678283691406;29.376131057739258;31988.0;32000.0
;;18.10800086008385;95.68678283691406;29.3761043548584;31991.0;31996.0
;;18.112000860273838;95.68681335449219;29.376131057739258;31983.0;32006.0
;;18.116000860463828;95.68684387207031;29.376115798950195;31990.0;31990.0
;;18.120000860653818;95.68684387207031;29.376089096069336;32004.0;32005.0
;;18.124000860843807;95.68687438964844;29.376089096069336;31984.0;31993.0
;;18.128000861033797;95.68690490722656;29.376081466674805;32008.0;32000.0
;;18.132000861223787;95.68690490722656;29.376070022583008;32005.0;31998.0
;;18.136000861413777;95.68692016601562;29.376039505004883;32009.0;32006.0
;;18.140000861603767;95.68695831298828;29.376033782958984;31994.0;32006.0
;;18.144000861793756;95.68697357177734;29.376033782958984;32001.0;32007.0
;;18.148000861983746;95.6869888305664;29.376022338867188;32002.0;31995.0
;;18.152000862173736;95.6870346069336;29.375993728637695;32004.0;31993.0
;;18.156000862363726;95.68704223632812;29.375986099243164;32005.0;31981.0
;;18.160000862553716;95.68708801269531;29.3759822845459;31995.0;31995.0
;;18.164000862743706;95.6871109008789;29.37596321105957;31979.0;31999.0
;;18.168000862933695;95.68712615966797;29.375967025756836;32007.0;31994.0
;;18.172000863123685;95.68717193603516;29.37594223022461;32009.0;31995.0
;;18.176000863313675;95.68717193603516;29.375930786132812;31998.0;32001.0
;;18.180000863503665;95.68724822998047;29.375926971435547;32013.0;31996.0
;;18.184000863693655;95.6872329711914;29.375905990600586;31997.0;31978.0
;;18.188000863883644;95.68730163574219;29.375873565673828;32003.0;31991.0
;;18.192000864073634;95.68729400634766;29.375873565673828;31991.0;31994.0
;;18.196000864263624;95.6873550415039;29.375844955444336;32011.0;32007.0
;;18.200000864453614;95.68737030029297;29.3758544921875;32003.0;31999.0
;;18.204000864643604;95.68740844726562;29.3758602142334;32004.0;31992.0
;;18.208000864833593;95.68743896484375;29.375822067260742;31985.0;31994.0
;;18.212000865023583;95.68746948242188;29.375818252563477;32007.0;31996.0
;;18.216000865213573;95.68750762939453;29.375782012939453;32019.0;31997.0
;;18.220000865403563;95.68750762939453;29.375829696655273;32009.0;31983.0
;;18.224000865593553;95.68755340576172;29.375823974609375;32014.0;31986.0
;;18.228000865783542;95.68758392333984;29.375802993774414;32004.0;31986.0
;;18.232000865973532;95.68761444091797;29.375822067260742;32001.0;31979.0
;;18.236000866163522;95.6876449584961;29.375822067260742;32001.0;32000.0
;;18.240000866353512;95.68765258789062;29.37583351135254;32001.0;31997.0
;;18.2440008665435;95.68768310546875;29.375822067260742;32004.0;31994.0
;;18.24800086673349;95.68770599365234;29.375843048095703;32002.0;31985.0
;;18.25200086692348;95.68770599365234;29.37583351135254;31992.0;31999.0
;;18.25600086711347;95.68772888183594;29.375890731811523;31999.0;31984.0
;;18.26000086730346;95.6877670288086;29.37589454650879;32000.0;32008.0
;;18.26400086749345;95.68777465820312;29.375900268554688;32015.0;31998.0
;;18.26800086768344;95.68777465820312;29.375919342041016;31996.0;31989.0
;;18.27200086787343;95.68778228759766;29.37595558166504;31995.0;31992.0
;;18.27600086806342;95.68778991699219;29.375951766967773;31996.0;31995.0
;;18.28000086825341;95.68777465820312;29.376014709472656;32005.0;32008.0
;;18.2840008684434;95.68777465820312;29.376039505004883;32005.0;31990.0
;;18.28800086863339;95.68779754638672;29.376075744628906;32004.0;32004.0
;;18.29200086882338;95.68777465820312;29.3761043548584;31994.0;31997.0
;;18.29600086901337;95.68778228759766;29.376136779785156;31994.0;32001.0
;;18.30000086920336;95.6877670288086;29.37619400024414;31983.0;31999.0
;;18.30400086939335;95.6877670288086;29.376224517822266;31995.0;31995.0
;;18.30800086958334;95.68773651123047;29.37627410888672;31996.0;32005.0
;;18.31200086977333;95.68771362304688;29.376319885253906;31990.0;32009.0
;;18.316000869963318;95.68771362304688;29.37635040283203;31997.0;32007.0
;;18.320000870153308;95.68767547607422;29.37638282775879;32012.0;31989.0
;;18.324000870343298;95.6876449584961;29.37643814086914;32010.0;31998.0
;;18.328000870533288;95.6876449584961;29.376495361328125;31996.0;31986.0
;;18.332000870723277;95.6875991821289;29.376562118530273;32006.0;32000.0
;;18.336000870913267;95.68758392333984;29.376588821411133;31999.0;31991.0
;;18.340000871103257;95.68751525878906;29.376649856567383;31995.0;31998.0
;;18.344000871293247;95.68751525878906;29.376684188842773;31981.0;31971.0
;;18.348000871483237;95.68743896484375;29.376699447631836;31999.0;31984.0
;;18.352000871673226;95.68745422363281;29.376787185668945;32012.0;32001.0
;;18.356000871863216;95.6874008178711;29.376798629760742;32014.0;31993.0
;;18.360000872053206;95.68736267089844;29.376853942871094;32008.0;32001.0
;;18.364000872243196;95.68731689453125;29.376901626586914;31998.0;31993.0
;;18.368000872433186;95.68727111816406;29.376956939697266;31999.0;31989.0
;;18.372000872623175;95.687255859375;29.377002716064453;32004.0;31987.0
;;18.376000872813165;95.68718719482422;29.377004623413086;31992.0;31994.0
;;18.380000873003155;95.68717193603516;29.37703514099121;32004.0;31993.0
;;18.384000873193145;95.6871109008789;29.377099990844727;32002.0;31980.0
;;18.388000873383135;95.68704986572266;29.377138137817383;31996.0;31991.0
;;18.392000873573124;95.68704986572266;29.377145767211914;32002.0;31996.0
;;18.396000873763114;95.6869888305664;29.3772029876709;32011.0;32000.0
;;18.400000873953104;95.68698120117188;29.37721824645996;32009.0;32000.0
;;18.404000874143094;95.6869125366211;29.377220153808594;31999.0;32005.0
;;18.408000874333084;95.6868896484375;29.377256393432617;32009.0;31988.0
;;18.412000874523073;95.6868667602539;29.37726402282715;31991.0;31989.0
;;18.416000874713063;95.68684387207031;29.377275466918945;31990.0;31995.0
;;18.420000874903053;95.68681335449219;29.377296447753906;32012.0;32011.0
;;18.424000875093043;95.68678283691406;29.377296447753906;31995.0;31994.0
;;18.428000875283033;95.686767578125;29.377294540405273;31998.0;31993.0
;;18.432000875473022;95.68672180175781;29.377330780029297;31989.0;32008.0
;;18.436000875663012;95.68670654296875;29.377300262451172;32005.0;31982.0
;;18.440000875853002;95.68670654296875;29.37730598449707;32012.0;31989.0
;;18.444000876042992;95.68671417236328;29.377315521240234;32002.0;32001.0
;;18.44800087623298;95.68669128417969;29.37733268737793;31993.0;31981.0
;;18.45200087642297;95.68668365478516;29.377323150634766;31997.0;31989.0
;;18.45600087661296;95.6866683959961;29.37731170654297;31992.0;31997.0
;;18.46000087680295;95.68669128417969;29.377307891845703;31997.0;32003.0
;;18.46400087699294;95.6866683959961;29.37732696533203;31995.0;31997.0
;;18.46800087718293;95.68669128417969;29.37728500366211;32003.0;32000.0
;;18.47200087737292;95.68668365478516;29.37727165222168;32004.0;31992.0
;;18.47600087756291;95.68669891357422;29.377254486083984;32012.0;31995.0
;;18.4800008777529;95.68669891357422;29.37726593017578;32011.0;31996.0
;;18.48400087794289;95.68671417236328;29.377260208129883;32000.0;31999.0
;;18.48800087813288;95.68670654296875;29.37722396850586;31984.0;32001.0
;;18.49200087832287;95.6867446899414;29.377214431762695;32018.0;31984.0
;;18.49600087851286;95.686767578125;29.377197265625;32010.0;32003.0
;;18.50000087870285;95.686767578125;29.37718963623047;32000.0;31978.0
;;18.50400087889284;95.68700408935547;29.377182006835938;32011.0;32000.0
;;18.50800087908283;95.68701934814453;29.377147674560547;32005.0;31999.0
;;18.51200087927282;95.6870346069336;29.37713623046875;32019.0;31992.0
;;18.51600087946281;95.68704986572266;29.377138137817383;31997.0;31993.0
;;18.520000879652798;95.68708801269531;29.377086639404297;31995.0;31991.0
;;18.524000879842788;95.68708801269531;29.377084732055664;31999.0;31995.0
;;18.528000880032778;95.68709564208984;29.37705421447754;32000.0;31988.0
;;18.532000880222768;95.68712615966797;29.3770694732666;32005.0;32003.0
;;18.536000880412757;95.68716430664062;29.37701988220215;31999.0;32000.0
;;18.540000880602747;95.68721008300781;29.37703514099121;32004.0;31997.0
;;18.544000880792737;95.6872329711914;29.377010345458984;32008.0;31998.0
;;18.548000880982727;95.687255859375;29.377002716064453;32009.0;31987.0
;;18.552000881172717;95.68726348876953;29.376972198486328;32014.0;31993.0
;;18.556000881362706;95.68728637695312;29.37697410583496;32003.0;32000.0
;;18.560000881552696;95.68730163574219;29.376956939697266;32006.0;31996.0
;;18.564000881742686;95.68731689453125;29.376951217651367;31990.0;31997.0
;;18.568000881932676;95.68736267089844;29.3769474029541;32000.0;31982.0
;;18.572000882122666;95.6873550415039;29.376937866210938;31996.0;31993.0
;;18.576000882312655;95.68737030029297;29.376937866210938;32006.0;31992.0
;;18.580000882502645;95.68741607666016;29.376951217651367;32017.0;31992.0
;;18.584000882692635;95.68741607666016;29.376937866210938;32001.0;31999.0
;;18.588000882882625;95.68742370605469;29.37692642211914;31996.0;31999.0
;;18.592000883072615;95.68745422363281;29.37693214416504;31998.0;31978.0
;;18.596000883262604;95.6875;29.376935958862305;32000.0;31985.0
;;18.600000883452594;95.68749237060547;29.376956939697266;31999.0;31994.0
;;18.604000883642584;95.6875;29.376951217651367;32018.0;31981.0
;;18.608000883832574;95.68751525878906;29.376956939697266;31989.0;32000.0
;;18.612000884022564;95.68756103515625;29.376951217651367;31990.0;31999.0
;;18.616000884212554;95.68755340576172;29.376951217651367;31990.0;31998.0
;;18.620000884402543;95.68755340576172;29.376953125;31988.0;32002.0
;;18.624000884592533;95.68756103515625;29.376981735229492;32003.0;31992.0
;;18.628000884782523;95.68760681152344;29.376968383789062;32012.0;32005.0
;;18.632000884972513;95.68759155273438;29.376968383789062;32011.0;32005.0
;;18.636000885162503;95.68761444091797;29.376981735229492;31995.0;32009.0
;;18.640000885352492;95.6876220703125;29.377002716064453;32004.0;31993.0
;;18.644000885542482;95.6876220703125;29.37701416015625;31989.0;31995.0
;;18.648000885732472;95.6876220703125;29.37701988220215;32005.0;32001.0
;;18.65200088592246;95.6876220703125;29.37701988220215;31997.0;31983.0
;;18.65600088611245;95.6876220703125;29.377017974853516;31989.0;31996.0
;;18.66000088630244;95.68763732910156;29.37704849243164;32014.0;32000.0
;;18.66400088649243;95.6876220703125;29.37705421447754;32011.0;32006.0
;;18.66800088668242;95.6876449584961;29.37704849243164;32007.0;31994.0
;;18.67200088687241;95.68763732910156;29.377050399780273;31990.0;31992.0
;;18.6760008870624;95.68765258789062;29.377065658569336;32003.0;32007.0
;;18.68000088725239;95.68763732910156;29.377079010009766;31993.0;32005.0
;;18.68400088744238;95.68766021728516;29.377084732055664;31995.0;32008.0
;;18.68800088763237;95.6876449584961;29.377092361450195;32015.0;32008.0
;;18.69200088782236;95.68766021728516;29.37709617614746;32011.0;32003.0
;;18.69600088801235;95.68762969970703;29.377099990844727;32012.0;31976.0
;;18.70000088820234;95.6876449584961;29.377086639404297;32001.0;31998.0
;;18.70400088839233;95.68767547607422;29.377107620239258;32012.0;31996.0
;;18.70800088858232;95.68763732910156;29.377147674560547;32007.0;31997.0
;;18.71200088877231;95.68765258789062;29.377138137817383;31987.0;31991.0
;;18.7160008889623;95.68762969970703;29.37713623046875;32010.0;32009.0
;;18.72000088915229;95.68768310546875;29.37715721130371;32001.0;31992.0
;;18.72400088934228;95.68768310546875;29.377153396606445;32006.0;31997.0
;;18.728000889532268;95.68763732910156;29.37710189819336;32008.0;32000.0
;;18.732000889722258;95.68766784667969;29.377107620239258;32001.0;32005.0
;;18.736000889912248;95.6876449584961;29.37711524963379;32001.0;32000.0
;;18.740000890102237;95.68769073486328;29.377105712890625;31998.0;31991.0
;;18.744000890292227;95.68767547607422;29.377107620239258;31998.0;31986.0
;;18.748000890482217;95.68769836425781;29.377084732055664;32010.0;31991.0
;;18.752000890672207;95.68769073486328;29.377059936523438;32005.0;31989.0
;;18.756000890862197;95.68767547607422;29.377056121826172;31995.0;31984.0
;;18.760000891052186;95.68769836425781;29.37704849243164;31995.0;32007.0
;;18.764000891242176;95.68769836425781;29.377029418945312;32007.0;31983.0
;;18.768000891432166;95.68769073486328;29.377044677734375;31998.0;31988.0
;;18.772000891622156;95.68769073486328;29.376962661743164;32005.0;31995.0
;;18.776000891812146;95.68771362304688;29.37697410583496;32013.0;31998.0
;;18.780000892002136;95.68768310546875;29.37696647644043;32011.0;31998.0
;;18.784000892192125;95.68775177001953;29.37699317932129;32009.0;31991.0
;;18.788000892382115;95.6877670288086;29.37693214416504;32002.0;32004.0
;;18.792000892572105;95.68775939941406;29.377002716064453;32008.0;31988.0
;;18.796000892762095;95.68775939941406;29.37711524963379;32018.0;32002.0
;;18.800000892952085;95.68778228759766;29.3770694732666;32007.0;31997.0
;;18.804000893142074;95.68780517578125;29.377079010009766;31997.0;32000.0
;;18.808000893332064;95.68782806396484;29.377065658569336;32034.0;31990.0
;;18.812000893522054;95.68783569335938;29.377033233642578;31999.0;32003.0
;;18.816000893712044;95.68785095214844;29.377017974853516;31992.0;31995.0
;;18.820000893902034;95.68788146972656;29.37701988220215;32007.0;31997.0
;;18.824000894092023;95.68788146972656;29.37703514099121;31994.0;31999.0
;;18.828000894282013;95.68791198730469;29.377025604248047;32009.0;31982.0
;;18.832000894472003;95.68795013427734;29.377023696899414;31995.0;31991.0
;;18.836000894661993;95.68795013427734;29.376998901367188;32005.0;32000.0
;;18.840000894851983;95.68797302246094;29.376981735229492;32013.0;32022.0
;;18.844000895041972;95.68802642822266;29.37697410583496;32010.0;31995.0
;;18.848000895231962;95.6880111694336;29.37696647644043;31981.0;31993.0
;;18.852000895421952;95.68804931640625;29.376951217651367;32002.0;31987.0
;;18.856000895611942;95.68807983398438;29.376930236816406;32005.0;32006.0
;;18.86000089580193;95.68814849853516;29.376911163330078;31996.0;32014.0
;;18.86400089599192;95.68814849853516;29.37688636779785;32012.0;32003.0
;;18.86800089618191;95.68818664550781;29.37689208984375;31994.0;31993.0
;;18.8720008963719;95.6882095336914;29.376876831054688;32004.0;32011.0
;;18.87600089656189;95.68824005126953;29.37687110900879;31996.0;31986.0
;;18.88000089675188;95.68828582763672;29.376869201660156;32008.0;32003.0
;;18.88400089694187;95.68830871582031;29.376850128173828;32004.0;32004.0
;;18.88800089713186;95.6883544921875;29.37683868408203;31989.0;32002.0
;;18.89200089732185;95.68836975097656;29.376855850219727;32007.0;31998.0
;;18.89600089751184;95.68841552734375;29.376859664916992;32012.0;31996.0
;;18.90000089770183;95.68844604492188;29.376850128173828;31999.0;32002.0
;;18.90400089789182;95.6884765625;29.376869201660156;31996.0;32007.0
;;18.90800089808181;95.6884765625;29.376859664916992;32019.0;32002.0
;;18.9120008982718;95.68853759765625;29.37684440612793;31990.0;31996.0
;;18.91600089846179;95.68854522705078;29.376876831054688;32003.0;32001.0
;;18.92000089865178;95.68855285644531;29.37688636779785;32006.0;32007.0
;;18.92400089884177;95.68860626220703;29.376920700073242;32008.0;31990.0
;;18.92800089903176;95.68861389160156;29.376930236816406;32010.0;32010.0
;;18.932000899221748;95.68865966796875;29.376935958862305;32012.0;32000.0
;;18.936000899411738;95.68868255615234;29.376943588256836;31997.0;32003.0
;;18.940000899601728;95.68868255615234;29.376996994018555;31994.0;32007.0
;;18.944000899791718;95.68868255615234;29.377002716064453;32014.0;31985.0
;;18.948000899981707;95.6886978149414;29.377010345458984;32009.0;32011.0
;;18.952000900171697;95.68871307373047;29.377033233642578;31993.0;32010.0
;;18.956000900361687;95.68872833251953;29.377079010009766;32012.0;32005.0
;;18.960000900551677;95.6887435913086;29.37713623046875;32011.0;32008.0
;;18.964000900741667;95.6887435913086;29.377172470092773;32000.0;31996.0
;;18.968000900931656;95.68872833251953;29.377193450927734;32001.0;31989.0
;;18.972000901121646;95.6887435913086;29.37724494934082;32007.0;32011.0
;;18.976000901311636;95.68872833251953;29.37727165222168;31997.0;32003.0
;;18.980000901501626;95.68871307373047;29.377307891845703;32005.0;32001.0
;;18.984000901691616;95.6889877319336;29.37752342224121;28752.0;30575.0
;;18.988000901881605;95.69400787353516;29.38208770751953;26794.0;28944.0
;;18.992000902071595;95.70208740234375;29.39029312133789;26749.0;27684.0
;;18.996000902261585;95.70816040039062;29.39726448059082;26771.0;27313.0
;;19.000000902451575;95.71451568603516;29.40541648864746;26899.0;27276.0
;;19.004000902641565;95.72044372558594;29.41213035583496;26906.0;27222.0
;;19.008000902831554;95.72478485107422;29.417388916015625;26718.0;27287.0
;;19.012000903021544;95.72917938232422;29.4221248626709;26724.0;27207.0
;;19.016000903211534;95.73297882080078;29.426246643066406;26719.0;27250.0
;;19.020000903401524;95.73605346679688;29.42927360534668;26604.0;27277.0
;;19.024000903591514;95.73885345458984;29.431713104248047;26686.0;27154.0
;;19.028000903781503;95.7410659790039;29.43402099609375;26620.0;27134.0
;;19.032000903971493;95.74300384521484;29.4357967376709;26516.0;27146.0
;;19.036000904161483;95.74491882324219;29.43716812133789;26557.0;27082.0
;;19.040000904351473;95.74629974365234;29.438528060913086;26551.0;27033.0
;;19.044000904541463;95.74752807617188;29.439558029174805;26439.0;27097.0
;;19.048000904731452;95.74882507324219;29.440349578857422;26455.0;27041.0
;;19.052000904921442;95.7498779296875;29.44113540649414;26483.0;27002.0
;;19.056000905111432;95.75067901611328;29.441743850708008;26370.0;27025.0
;;19.060000905301422;95.75167846679688;29.442325592041016;26364.0;26987.0
;;19.06400090549141;95.75244903564453;29.442800521850586;26388.0;26939.0
;;19.0680009056814;95.75299072265625;29.4432315826416;26379.0;26949.0
;;19.07200090587139;95.75369262695312;29.443628311157227;26347.0;26939.0
;;19.07600090606138;95.75418090820312;29.44395637512207;26320.0;26921.0
;;19.08000090625137;95.7546157836914;29.444286346435547;26348.0;26920.0
;;19.08400090644136;95.755126953125;29.444551467895508;26299.0;26900.0
;;19.08800090663135;95.75552368164062;29.444808959960938;26290.0;26881.0
;;19.09200090682134;95.75596618652344;29.445066452026367;26316.0;26870.0
;;19.09600090701133;95.75629425048828;29.445280075073242;26238.0;26852.0
;;19.10000090720132;95.75672912597656;29.445480346679688;26216.0;26835.0
;;19.10400090739131;95.75706481933594;29.445659637451172;26237.0;26827.0
;;19.1080009075813;95.75731658935547;29.445838928222656;26205.0;26827.0
;;19.11200090777129;95.75765228271484;29.446014404296875;26178.0;26804.0
;;19.11600090796128;95.75791931152344;29.446147918701172;26188.0;26769.0
;;19.12000090815127;95.75823211669922;29.446308135986328;26154.0;26775.0
;;19.12400090834126;95.758544921875;29.446434020996094;26150.0;26777.0
;;19.12800090853125;95.75872802734375;29.44654655456543;26165.0;26720.0
;;19.13200090872124;95.75897979736328;29.446697235107422;26118.0;26760.0
;;19.136000908911228;95.75923919677734;29.446779251098633;26098.0;26735.0
;;19.140000909101218;95.75944519042969;29.44690704345703;26110.0;26716.0
;;19.144000909291208;95.75965881347656;29.446990966796875;26079.0;26714.0
;;19.148000909481198;95.7598648071289;29.447111129760742;26088.0;26689.0
;;19.152000909671187;95.76006317138672;29.44719886779785;26096.0;26688.0
;;19.156000909861177;95.76026916503906;29.4472713470459;26071.0;26673.0
;;19.160000910051167;95.76046752929688;29.447385787963867;26058.0;26682.0
;;19.164000910241157;95.76065826416016;29.44741439819336;26029.0;26650.0
;;19.168000910431147;95.76083374023438;29.447526931762695;26034.0;26663.0
;;19.172000910621136;95.7610092163086;29.447601318359375;26057.0;26631.0
;;19.176000910811126;95.76117706298828;29.4476375579834;26021.0;26629.0
;;19.180000911001116;95.76139831542969;29.44775390625;25989.0;26617.0
;;19.184000911191106;95.76152801513672;29.44782066345215;25980.0;26614.0
;;19.188000911381096;95.76171112060547;29.447872161865234;25963.0;26608.0
;;19.192000911571085;95.76188659667969;29.447954177856445;25969.0;26602.0
;;19.196000911761075;95.76203918457031;29.44804573059082;25977.0;26594.0
;;19.200000911951065;95.7622299194336;29.448102951049805;25961.0;26569.0
;;19.204000912141055;95.76234436035156;29.448129653930664;25957.0;26555.0
;;19.208000912331045;95.76251220703125;29.44818878173828;25931.0;26566.0
;;19.212000912521034;95.76268768310547;29.448270797729492;25935.0;26573.0
;;19.216000912711024;95.76280212402344;29.44832420349121;25925.0;26545.0
;;19.220000912901014;95.7629623413086;29.448375701904297;25917.0;26546.0
;;19.224000913091004;95.76313018798828;29.44843101501465;25910.0;26525.0
;;19.228000913280994;95.7632827758789;29.448497772216797;25919.0;26531.0
;;19.232000913470984;95.76339721679688;29.448545455932617;25872.0;26527.0
;;19.236000913660973;95.7635726928711;29.44857406616211;25878.0;26524.0
;;19.240000913850963;95.76366424560547;29.44864273071289;25874.0;26509.0
;;19.244000914040953;95.76380157470703;29.44870948791504;25874.0;26498.0
;;19.248000914230943;95.76393127441406;29.44872283935547;25864.0;26508.0
;;19.252000914420933;95.76407623291016;29.44879150390625;25848.0;26490.0
;;19.256000914610922;95.7641830444336;29.448863983154297;25832.0;26497.0
;;19.260000914800912;95.76432037353516;29.448888778686523;25835.0;26492.0
;;19.264000914990902;95.7644271850586;29.44894027709961;25822.0;26463.0
;;19.26800091518089;95.76456451416016;29.449020385742188;25809.0;26473.0
;;19.27200091537088;95.7646713256836;29.449037551879883;25823.0;26487.0
;;19.27600091556087;95.76475524902344;29.449079513549805;25815.0;26470.0
;;19.28000091575086;95.76487731933594;29.449169158935547;25801.0;26458.0
;;19.28400091594085;95.76496887207031;29.449174880981445;25791.0;26445.0
;;19.28800091613084;95.76509094238281;29.449247360229492;25793.0;26432.0
;;19.29200091632083;95.76518249511719;29.4493408203125;25778.0;26430.0
;;19.29600091651082;95.76529693603516;29.44937515258789;25775.0;26445.0
;;19.30000091670081;95.76543426513672;29.449430465698242;25778.0;26422.0
;;19.3040009168908;95.76548767089844;29.449478149414062;25764.0;26415.0
;;19.30800091708079;95.76554107666016;29.449514389038086;25761.0;26412.0
;;19.31200091727078;95.76569366455078;29.4495906829834;25760.0;26418.0
;;19.31600091746077;95.76575469970703;29.44963836669922;25760.0;26393.0
;;19.32000091765076;95.76585388183594;29.44965362548828;25743.0;26390.0
;;19.32400091784075;95.76595306396484;29.44971466064453;25735.0;26381.0
;;19.32800091803074;95.76603698730469;29.449769973754883;25730.0;26387.0
;;19.33200091822073;95.76609802246094;29.449785232543945;25726.0;26381.0
;;19.33600091841072;95.76620483398438;29.449861526489258;25737.0;26383.0
;;19.34000091860071;95.7662582397461;29.449888229370117;25714.0;26376.0
;;19.344000918790698;95.766357421875;29.44993019104004;25743.0;26370.0
;;19.348000918980688;95.76639556884766;29.449996948242188;25722.0;26359.0
;;19.352000919170678;95.76648712158203;29.45003890991211;25704.0;26357.0
;;19.356000919360667;95.7665786743164;29.450082778930664;25700.0;26352.0
;;19.360000919550657;95.76667022705078;29.45013427734375;25682.0;26362.0
;;19.364000919740647;95.7667236328125;29.450149536132812;25686.0;26348.0
;;19.368000919930637;95.76679992675781;29.450212478637695;25697.0;26310.0
;;19.372000920120627;95.76686096191406;29.450267791748047;25680.0;26338.0
;;19.376000920310616;95.76693725585938;29.450284957885742;25682.0;26334.0
;;19.380000920500606;95.76701354980469;29.450340270996094;25671.0;26322.0
;;19.384000920690596;95.76708221435547;29.45036506652832;25643.0;26347.0
;;19.388000920880586;95.76714324951172;29.45041847229004;25674.0;26319.0
;;19.392000921070576;95.76719665527344;29.450464248657227;25665.0;26308.0
;;19.396000921260566;95.76729583740234;29.450464248657227;25655.0;26307.0
;;19.400000921450555;95.76734161376953;29.45053482055664;25650.0;26317.0
;;19.404000921640545;95.76744079589844;29.45057487487793;25642.0;26303.0
;;19.408000921830535;95.76749420166016;29.450607299804688;25635.0;26307.0
;;19.412000922020525;95.7675552368164;29.45067024230957;25619.0;26304.0
;;19.416000922210515;95.76765441894531;29.45070457458496;25634.0;26292.0
;;19.420000922400504;95.7677230834961;29.45072364807129;25629.0;26288.0
;;19.424000922590494;95.767822265625;29.450746536254883;25625.0;26290.0
;;19.428000922780484;95.76785278320312;29.450790405273438;25618.0;26271.0
;;19.432000922970474;95.76789855957031;29.450834274291992;25609.0;26287.0
;;19.436000923160464;95.76802825927734;29.45085334777832;25619.0;26266.0
;;19.440000923350453;95.7680892944336;29.45087432861328;25620.0;26260.0
;;19.444000923540443;95.7681884765625;29.45090103149414;25580.0;26265.0
;;19.448000923730433;95.76824951171875;29.450931549072266;25577.0;26251.0
;;19.452000923920423;95.76825714111328;29.45096778869629;25579.0;26272.0
;;19.456000924110413;95.76842498779297;29.45099639892578;25576.0;26250.0
;;19.460000924300402;95.76850891113281;29.450998306274414;25581.0;26253.0
;;19.464000924490392;95.76856994628906;29.45102882385254;25595.0;26255.0
;;19.468000924680382;95.76863861083984;29.4510498046875;25564.0;26255.0
;;19.472000924870372;95.76871490478516;29.451065063476562;25574.0;26241.0
;;19.47600092506036;95.76883697509766;29.451072692871094;25555.0;26242.0
;;19.48000092525035;95.76878356933594;29.451080322265625;25554.0;26244.0
;;19.48400092544034;95.76895141601562;29.45111656188965;25550.0;26230.0
;;19.48800092563033;95.76905822753906;29.45115089416504;25562.0;26224.0
;;19.49200092582032;95.7691879272461;29.451147079467773;25537.0;26234.0
;;19.49600092601031;95.76922607421875;29.45113182067871;25537.0;26226.0
;;19.5000009262003;95.76898193359375;29.451129913330078;25532.0;26203.0
;;19.50400092639029;95.76950073242188;29.451141357421875;25531.0;26210.0
;;19.50800092658028;95.76937103271484;29.451175689697266;25537.0;26224.0
;;19.51200092677027;95.7696304321289;29.451175689697266;25525.0;26222.0
;;19.51600092696026;95.76960754394531;29.451187133789062;25526.0;26227.0
;;19.52000092715025;95.76981353759766;29.4511661529541;25518.0;26208.0
;;19.52400092734024;95.76983642578125;29.451171875;25523.0;26196.0
;;19.52800092753023;95.76956176757812;29.4511661529541;25509.0;26202.0
;;19.53200092772022;95.76963806152344;29.451154708862305;25509.0;26200.0
;;19.53600092791021;95.76970672607422;29.451190948486328;25501.0;26199.0
;;19.5400009281002;95.76981353759766;29.45122718811035;25513.0;26193.0
;;19.54400092829019;95.76991271972656;29.45119285583496;25504.0;26193.0
;;19.548000928480178;95.7698745727539;29.451183319091797;25488.0;26175.0
;;19.552000928670168;95.77005004882812;29.451168060302734;25483.0;26192.0
;;19.556000928860158;95.77023315429688;29.45119857788086;25499.0;26181.0
;;19.560000929050148;95.77003479003906;29.451213836669922;25468.0;26188.0
;;19.564000929240137;95.77020263671875;29.45121192932129;25484.0;26188.0
;;19.568000929430127;95.770263671875;29.451213836669922;25477.0;26170.0
;;19.572000929620117;95.77032470703125;29.451229095458984;25459.0;26187.0
;;19.576000929810107;95.7703857421875;29.451263427734375;25471.0;26165.0
;;19.580000930000097;95.77052307128906;29.451290130615234;25465.0;26156.0
;;19.584000930190086;95.77059173583984;29.45127296447754;25478.0;26174.0
;;19.588000930380076;95.77066802978516;29.4512882232666;25468.0;26176.0
;;19.592000930570066;95.770751953125;29.4512996673584;25464.0;26160.0
;;19.596000930760056;95.7708511352539;29.45134162902832;25457.0;26172.0
;;19.600000930950046;95.7708969116211;29.451339721679688;25447.0;26166.0
;;19.604000931140035;95.77098083496094;29.45137596130371;25440.0;26162.0
;;19.608000931330025;95.77106475830078;29.451427459716797;25438.0;26162.0
;;19.612000931520015;95.77114868164062;29.451433181762695;25421.0;26141.0
;;19.616000931710005;95.77120971679688;29.451480865478516;25443.0;26161.0
;;19.620000931899995;95.77130126953125;29.45151710510254;25436.0;26161.0
;;19.624000932089984;95.77137756347656;29.451562881469727;25428.0;26179.0
;;19.628000932279974;95.77145385742188;29.451576232910156;25435.0;26140.0
;;19.632000932469964;95.7715072631836;29.451597213745117;25429.0;26144.0
;;19.636000932659954;95.77156829833984;29.451658248901367;25420.0;26135.0
;;19.640000932849944;95.7716293334961;29.451711654663086;25419.0;26150.0
;;19.644000933039933;95.7717056274414;29.451763153076172;25411.0;26138.0
;;19.648000933229923;95.77180480957031;29.451791763305664;25398.0;26144.0
;;19.652000933419913;95.77183532714844;29.45183753967285;25416.0;26152.0
;;19.656000933609903;95.77191162109375;29.4519100189209;25414.0;26127.0
;;19.660000933799893;95.77197265625;29.451963424682617;25402.0;26137.0
;;19.664000933989882;95.77202606201172;29.452016830444336;25407.0;26133.0
;;19.668000934179872;95.77207946777344;29.452054977416992;25403.0;26144.0
;;19.672000934369862;95.77213287353516;29.452146530151367;25380.0;26120.0
;;19.676000934559852;95.77218627929688;29.45220184326172;25386.0;26118.0
;;19.68000093474984;95.77222442626953;29.452253341674805;25386.0;26123.0
;;19.68400093493983;95.77225494384766;29.4522762298584;25378.0;26129.0
;;19.68800093512982;95.77229309082031;29.45235824584961;25372.0;26125.0
;;19.69200093531981;95.7723388671875;29.45241355895996;25380.0;26107.0
;;19.6960009355098;95.7723617553711;29.452470779418945;25366.0;26125.0
;;19.70000093569979;95.77242279052734;29.452531814575195;25364.0;26122.0
;;19.70400093588978;95.77243041992188;29.45258331298828;25364.0;26125.0
;;19.70800093607977;95.7724609375;29.452648162841797;25367.0;26119.0
;;19.71200093626976;95.77249908447266;29.452699661254883;25367.0;26105.0
;;19.71600093645975;95.77249145507812;29.4527587890625;25359.0;26109.0
;;19.72000093664974;95.77256774902344;29.452810287475586;25389.0;26112.0
;;19.72400093683973;95.7725601196289;29.452850341796875;25358.0;26112.0
;;19.72800093702972;95.77261352539062;29.452878952026367;25358.0;26102.0
;;19.73200093721971;95.77261352539062;29.452922821044922;25339.0;26109.0
;;19.7360009374097;95.77262878417969;29.452974319458008;25337.0;26100.0
;;19.74000093759969;95.77263641357422;29.4530086517334;25351.0;26106.0
;;19.74400093778968;95.77269744873047;29.453035354614258;25340.0;26111.0
;;19.74800093797967;95.77269744873047;29.453075408935547;25336.0;26072.0
;;19.752000938169658;95.77269744873047;29.453107833862305;25345.0;26086.0
;;19.756000938359648;95.77273559570312;29.45314598083496;25334.0;26089.0
;;19.760000938549638;95.77276611328125;29.453197479248047;25340.0;26098.0
;;19.764000938739628;95.77278900146484;29.45319366455078;25327.0;26089.0
;;19.768000938929617;95.7728042602539;29.453235626220703;25310.0;26089.0
;;19.772000939119607;95.77283477783203;29.45326042175293;25327.0;26085.0
;;19.776000939309597;95.7728271484375;29.45326042175293;25324.0;26105.0
;;19.780000939499587;95.77288818359375;29.45330238342285;25314.0;26092.0
;;19.784000939689577;95.77290344238281;29.453306198120117;25319.0;26079.0
;;19.788000939879566;95.7729263305664;29.453323364257812;25311.0;26079.0
;;19.792000940069556;95.77296447753906;29.45334243774414;25308.0;26092.0
;;19.796000940259546;95.77300262451172;29.453357696533203;25331.0;26080.0
;;19.800000940449536;95.77302551269531;29.45323371887207;25303.0;26084.0
;;19.804000940639526;95.77311706542969;29.453227996826172;25310.0;26105.0
;;19.808000940829515;95.77310180664062;29.453229904174805;25320.0;26087.0
;;19.812000941019505;95.77316284179688;29.453248977661133;25295.0;26083.0
;;19.816000941209495;95.77320861816406;29.45323371887207;25317.0;26067.0
;;19.820000941399485;95.77323150634766;29.453266143798828;25309.0;26082.0
;;19.824000941589475;95.77330017089844;29.453256607055664;25301.0;26079.0
;;19.828000941779464;95.77330017089844;29.453285217285156;25301.0;26089.0
;;19.832000941969454;95.77337646484375;29.453279495239258;25303.0;26075.0
;;19.836000942159444;95.77347564697266;29.453279495239258;25287.0;26073.0
;;19.840000942349434;95.77349853515625;29.45328712463379;25290.0;26077.0
;;19.844000942539424;95.77357482910156;29.453311920166016;25299.0;26073.0
;;19.848000942729414;95.77364349365234;29.453285217285156;25308.0;26089.0
;;19.852000942919403;95.7737045288086;29.453317642211914;25289.0;26065.0
;;19.856000943109393;95.77377319335938;29.45331573486328;25308.0;26070.0
;;19.860000943299383;95.77383422851562;29.453306198120117;25300.0;26067.0
;;19.864000943489373;95.77389526367188;29.453311920166016;25284.0;26077.0
;;19.868000943679363;95.77397155761719;29.453327178955078;25281.0;26062.0
;;19.872000943869352;95.77404022216797;29.453330993652344;25287.0;26079.0
;;19.876000944059342;95.77410888671875;29.45332145690918;25282.0;26082.0
;;19.880000944249332;95.77418518066406;29.453330993652344;25283.0;26049.0
;;19.88400094443932;95.77423858642578;29.453332901000977;25275.0;26068.0
;;19.88800094462931;95.77429962158203;29.453346252441406;25276.0;26064.0
;;19.8920009448193;95.77442169189453;29.453351974487305;25280.0;26062.0
;;19.89600094500929;95.77448272705078;29.453346252441406;25279.0;26068.0
;;19.90000094519928;95.77457427978516;29.453353881835938;25248.0;26072.0
;;19.90400094538927;95.77472686767578;29.453357696533203;25260.0;26051.0
;;19.90800094557926;95.77468872070312;29.453351974487305;25253.0;26050.0
;;19.91200094576925;95.77481842041016;29.453357696533203;25262.0;26065.0
;;19.91600094595924;95.77488708496094;29.45334815979004;25257.0;26050.0
;;19.92000094614923;95.77501678466797;29.453367233276367;25260.0;26060.0
;;19.92400094633922;95.7750244140625;29.453369140625;25271.0;26060.0
;;19.92800094652921;95.77510070800781;29.453357696533203;25251.0;26052.0
;;19.9320009467192;95.77520751953125;29.45339012145996;25258.0;26069.0
;;19.93600094690919;95.77525329589844;29.453405380249023;25263.0;26053.0
;;19.94000094709918;95.77533721923828;29.453418731689453;25251.0;26044.0
;;19.94400094728917;95.7754135131836;29.45339012145996;25247.0;26045.0
;;19.94800094747916;95.7754898071289;29.45340347290039;25247.0;26039.0
;;19.95200094766915;95.77560424804688;29.453433990478516;25249.0;26047.0
;;19.95600094785914;95.77564239501953;29.45344352722168;25254.0;26039.0
;;19.960000948049128;95.7757339477539;29.45344352722168;25248.0;26042.0
;;19.964000948239118;95.77576446533203;29.45345115661621;25243.0;26039.0
;;19.968000948429108;95.77586364746094;29.453445434570312;25232.0;26040.0
;;19.972000948619097;95.77593994140625;29.45345687866211;25249.0;26048.0
;;19.976000948809087;95.77600860595703;29.453475952148438;25236.0;26049.0
;;19.980000948999077;95.77607727050781;29.453472137451172;25218.0;26030.0
;;19.984000949189067;95.77613067626953;29.45351791381836;25253.0;26041.0
;;19.988000949379057;95.77620697021484;29.453521728515625;25243.0;26052.0
;;19.992000949569046;95.77626037597656;29.45351791381836;25239.0;26048.0
;;19.996000949759036;95.77632141113281;29.453536987304688;25230.0;26051.0
;;20.000000949949026;95.77638244628906;29.45355796813965;25249.0;26041.0
;;20.004000950139016;95.77645111083984;29.45359992980957;25220.0;26041.0
;;20.008000950329006;95.77650451660156;29.453582763671875;25221.0;26036.0
;;20.012000950518996;95.77653503417969;29.45360565185547;25217.0;26035.0
;;20.016000950708985;95.77658081054688;29.453603744506836;25217.0;26040.0
;;20.020000950898975;95.77667999267578;29.4536190032959;25218.0;26015.0
;;20.024000951088965;95.77671813964844;29.453664779663086;25208.0;26036.0
;;20.028000951278955;95.77679443359375;29.45366668701172;25228.0;26044.0
;;20.032000951468945;95.77682495117188;29.453670501708984;25224.0;26037.0
;;20.036000951658934;95.77690124511719;29.45368766784668;25221.0;26029.0
;;20.040000951848924;95.77686309814453;29.45369529724121;25209.0;26026.0
;;20.044000952038914;95.77692413330078;29.453752517700195;25213.0;26028.0
;;20.048000952228904;95.7769775390625;29.453767776489258;25220.0;26039.0
;;20.052000952418894;95.77703094482422;29.453767776489258;25216.0;26029.0
;;20.056000952608883;95.77708435058594;29.453767776489258;25230.0;26027.0
;;20.060000952798873;95.77713775634766;29.45378875732422;25218.0;26039.0
;;20.064000952988863;95.77719116210938;29.453807830810547;25207.0;26026.0
;;20.068000953178853;95.77725982666016;29.453798294067383;25214.0;26020.0
;;20.072000953368843;95.7773208618164;29.45384979248047;25215.0;26020.0
;;20.076000953558832;95.77738952636719;29.453855514526367;25220.0;26014.0
;;20.080000953748822;95.77742767333984;29.453855514526367;25220.0;26033.0
;;20.084000953938812;95.77745819091797;29.453861236572266;25196.0;26020.0
;;20.088000954128802;95.77751922607422;29.453907012939453;25200.0;26023.0
;;20.09200095431879;95.77758026123047;29.45391845703125;25195.0;26028.0
;;20.09600095450878;95.77766418457031;29.45391845703125;25209.0;26034.0
;;20.10000095469877;95.77769470214844;29.45391845703125;25209.0;26034.0
;;20.10400095488876;95.77772521972656;29.45391845703125;25201.0;26010.0
;;20.10800095507875;95.77778625488281;29.45395851135254;25207.0;26016.0
;;20.11200095526874;95.7778549194336;29.453956604003906;25195.0;26043.0
;;20.11600095545873;95.77790832519531;29.453968048095703;25198.0;26025.0
;;20.12000095564872;95.77794647216797;29.453983306884766;25211.0;26026.0
;;20.12400095583871;95.7779769897461;29.453977584838867;25186.0;26018.0
;;20.1280009560287;95.77806091308594;29.453977584838867;25185.0;26023.0
;;20.13200095621869;95.77810668945312;29.4539852142334;25181.0;26023.0
;;20.13600095640868;95.77816772460938;29.4539737701416;25194.0;26021.0
;;20.14000095659867;95.77822875976562;29.453977584838867;25193.0;26015.0
;;20.14400095678866;95.77827453613281;29.453989028930664;25173.0;26021.0
;;20.14800095697865;95.77831268310547;29.45395851135254;25193.0;26009.0
;;20.15200095716864;95.77839660644531;29.453941345214844;25203.0;26021.0
;;20.15600095735863;95.7784423828125;29.453941345214844;25180.0;26022.0
;;20.16000095754862;95.77850341796875;29.453937530517578;25188.0;26013.0
;;20.164000957738608;95.77855682373047;29.453933715820312;25191.0;26019.0
;;20.168000957928598;95.77862548828125;29.45392608642578;25190.0;26010.0
;;20.172000958118588;95.7786636352539;29.453916549682617;25191.0;26017.0
;;20.176000958308578;95.77873229980469;29.453887939453125;25182.0;26003.0
;;20.180000958498567;95.77879333496094;29.453880310058594;25193.0;26011.0
;;20.184000958688557;95.77882385253906;29.453880310058594;25189.0;26019.0
;;20.188000958878547;95.77891540527344;29.45384407043457;25171.0;26008.0
;;20.192000959068537;95.77896118164062;29.453824996948242;25178.0;26002.0
;;20.196000959258527;95.77904510498047;29.453815460205078;25174.0;26007.0
;;20.200000959448516;95.77909088134766;29.453767776489258;25164.0;26007.0
;;20.204000959638506;95.77920532226562;29.45378875732422;25183.0;25997.0
;;20.208000959828496;95.77922058105469;29.453737258911133;25175.0;25999.0
;;20.212000960018486;95.77931213378906;29.453733444213867;25198.0;26011.0
;;20.216000960208476;95.77937316894531;29.453731536865234;25178.0;26007.0
;;20.220000960398465;95.77945709228516;29.45372772216797;25169.0;26008.0
;;20.224000960588455;95.77952575683594;29.45369529724121;25184.0;26006.0
;;20.228000960778445;95.77960205078125;29.453651428222656;25181.0;25990.0
;;20.232000960968435;95.77967071533203;29.453636169433594;25163.0;26004.0
;;20.236000961158425;95.77976989746094;29.453628540039062;25182.0;25992.0
;;20.240000961348414;95.77981567382812;29.453643798828125;25158.0;26002.0
;;20.244000961538404;95.77989959716797;29.45361328125;25168.0;26011.0
;;20.248000961728394;95.78001403808594;29.45360565185547;25178.0;25997.0
;;20.252000961918384;95.78006744384766;29.453598022460938;25156.0;26006.0
;;20.256000962108374;95.78014373779297;29.453594207763672;25170.0;26004.0
;;20.260000962298363;95.78022003173828;29.453598022460938;25172.0;26014.0
;;20.264000962488353;95.78032684326172;29.453609466552734;25161.0;26002.0
;;20.268000962678343;95.7803955078125;29.453569412231445;25165.0;26009.0
;;20.272000962868333;95.78045654296875;29.45359230041504;25163.0;26008.0
;;20.276000963058323;95.78054809570312;29.45362091064453;25161.0;25996.0
;;20.280000963248312;95.7806625366211;29.453628540039062;25172.0;26001.0
;;20.284000963438302;95.78072357177734;29.453628540039062;25176.0;26013.0
;;20.288000963628292;95.78080749511719;29.453624725341797;25155.0;25983.0
;;20.292000963818282;95.78085327148438;29.453630447387695;25179.0;25998.0
;;20.29600096400827;95.78099060058594;29.45368003845215;25168.0;25998.0
;;20.30000096419826;95.78105163574219;29.453712463378906;25144.0;25995.0
;;20.30400096438825;95.78112030029297;29.45374870300293;25161.0;26007.0
;;20.30800096457824;95.78118896484375;29.453767776489258;25154.0;26001.0
;;20.31200096476823;95.78129577636719;29.453763961791992;25149.0;26009.0
;;20.31600096495822;95.7813491821289;29.453824996948242;25164.0;25998.0
;;20.32000096514821;95.78142547607422;29.453855514526367;25170.0;26007.0
;;20.3240009653382;95.78148651123047;29.453895568847656;25159.0;25989.0
;;20.32800096552819;95.78156280517578;29.453941345214844;25158.0;25991.0
;;20.33200096571818;95.78164672851562;29.453956604003906;25157.0;25996.0
;;20.33600096590817;95.78170013427734;29.45401954650879;25148.0;25986.0
;;20.34000096609816;95.78178405761719;29.45407485961914;25161.0;25988.0
;;20.34400096628815;95.7818374633789;29.454097747802734;25140.0;26002.0
;;20.34800096647814;95.78189849853516;29.454133987426758;25154.0;26003.0
;;20.35200096666813;95.78192901611328;29.454204559326172;25153.0;25995.0
;;20.35600096685812;95.781982421875;29.454259872436523;25138.0;25979.0
;;20.36000096704811;95.78204345703125;29.45429039001465;25162.0;25986.0
;;20.3640009672381;95.78209686279297;29.454317092895508;25139.0;25998.0
;;20.368000967428088;95.78217315673828;29.454378128051758;25151.0;25991.0
;;20.372000967618078;95.78221893310547;29.454429626464844;25145.0;25993.0
;;20.376000967808068;95.78224182128906;29.454511642456055;25139.0;25995.0
;;20.380000967998058;95.78231811523438;29.45452880859375;25146.0;25984.0
;;20.384000968188047;95.78234100341797;29.454580307006836;25142.0;25996.0
;;20.388000968378037;95.78238677978516;29.454620361328125;25130.0;25985.0
;;20.392000968568027;95.78240203857422;29.454660415649414;25144.0;25972.0
;;20.396000968758017;95.7824478149414;29.454702377319336;25136.0;26003.0
;;20.400000968948007;95.782470703125;29.45473289489746;25148.0;25999.0
;;20.404000969137996;95.78251647949219;29.454788208007812;25145.0;25976.0
;;20.408000969327986;95.78253936767578;29.454830169677734;25132.0;26000.0
;;20.412000969517976;95.7825698852539;29.454856872558594;25133.0;25989.0
;;20.416000969707966;95.78262329101562;29.454875946044922;25141.0;25998.0
;;20.420000969897956;95.78265380859375;29.454906463623047;25135.0;25970.0
;;20.424000970087945;95.78266143798828;29.454936981201172;25131.0;25999.0
;;20.428000970277935;95.78268432617188;29.454965591430664;25141.0;26003.0
;;20.432000970467925;95.78272247314453;29.45499610900879;25142.0;25997.0
;;20.436000970657915;95.78277587890625;29.455018997192383;25141.0;25981.0
;;20.440000970847905;95.78279113769531;29.45503044128418;25146.0;26007.0
;;20.444000971037894;95.78284454345703;29.455076217651367;25135.0;25969.0
;;20.448000971227884;95.7828598022461;29.45507049560547;25145.0;25976.0
;;20.452000971417874;95.78289794921875;29.45508575439453;25141.0;25984.0
;;20.456000971607864;95.78291320800781;29.455078125;25126.0;25983.0
;;20.460000971797854;95.78295135498047;29.455106735229492;25134.0;25993.0
;;20.464000971987844;95.78301239013672;29.455106735229492;25133.0;25993.0
;;20.468000972177833;95.78302001953125;29.455106735229492;25135.0;25987.0
;;20.472000972367823;95.78306579589844;29.455114364624023;25132.0;25992.0
;;20.476000972557813;95.7831039428711;29.455106735229492;25137.0;25988.0
;;20.480000972747803;95.78321075439453;29.455101013183594;25145.0;25986.0
;;20.484000972937793;95.78321075439453;29.455108642578125;25135.0;25986.0
;;20.488000973127782;95.78327178955078;29.455102920532227;25148.0;25994.0
;;20.492000973317772;95.78333282470703;29.45505142211914;25129.0;25989.0
;;20.496000973507762;95.78340148925781;29.455055236816406;25143.0;25992.0
;;20.50000097369775;95.78345489501953;29.45505142211914;25123.0;25991.0
;;20.50400097388774;95.78353118896484;29.455045700073242;25141.0;25995.0
;;20.50800097407773;95.78353881835938;29.455045700073242;25141.0;25980.0
;;20.51200097426772;95.78362274169922;29.455047607421875;25128.0;25979.0
;;20.51600097445771;95.78367614746094;29.45502471923828;25136.0;25984.0
;;20.5200009746477;95.78376007080078;29.45500946044922;25137.0;25985.0
;;20.52400097483769;95.78384399414062;29.454984664916992;25136.0;25981.0
;;20.52800097502768;95.78388977050781;29.454965591430664;25147.0;25984.0
;;20.53200097521767;95.78401184082031;29.454959869384766;25128.0;25996.0
;;20.53600097540766;95.78407287597656;29.454917907714844;25125.0;25981.0
;;20.54000097559765;95.7841567993164;29.45492935180664;25128.0;25984.0
;;20.54400097578764;95.78423309326172;29.454912185668945;25135.0;25990.0
;;20.54800097597763;95.78433227539062;29.45490837097168;25145.0;25987.0
;;20.55200097616762;95.78440856933594;29.454875946044922;25124.0;25986.0
;;20.55600097635761;95.78451538085938;29.454885482788086;25136.0;25992.0
;;20.5600009765476;95.78482818603516;29.454862594604492;25154.0;25990.0
;;20.56400097673759;95.78485870361328;29.454866409301758;25126.0;25978.0
;;20.56800097692758;95.78495788574219;29.454856872558594;25125.0;25982.0
;;20.57200097711757;95.78504180908203;29.4548397064209;25121.0;25994.0
;;20.576000977307558;95.78512573242188;29.454824447631836;25129.0;25964.0
;;20.580000977497548;95.78519439697266;29.454824447631836;25132.0;25973.0
;;20.584000977687538;95.7852783203125;29.454814910888672;25128.0;25974.0
;;20.588000977877527;95.78536224365234;29.45482063293457;25151.0;25980.0
;;20.592000978067517;95.78545379638672;29.45482635498047;25123.0;25969.0
;;20.596000978257507;95.78553009033203;29.454788208007812;25144.0;25983.0
;;20.600000978447497;95.78562927246094;29.454784393310547;25131.0;25984.0
;;20.604000978637487;95.78572082519531;29.45479965209961;25141.0;25977.0
;;20.608000978827477;95.78578186035156;29.454784393310547;25144.0;25983.0
;;20.612000979017466;95.7858657836914;29.454809188842773;25129.0;25990.0
;;20.616000979207456;95.78598022460938;29.454788208007812;25124.0;25994.0
;;20.620000979397446;95.78604888916016;29.45477867126465;25135.0;25975.0
;;20.624000979587436;95.7861328125;29.454830169677734;25137.0;25957.0
;;20.628000979777426;95.78619384765625;29.454790115356445;25120.0;25968.0
;;20.632000979967415;95.78628540039062;29.454814910888672;25121.0;25989.0
;;20.636000980157405;95.78640747070312;29.454814910888672;25125.0;25975.0
;;20.640000980347395;95.78646087646484;29.454803466796875;25120.0;25966.0
;;20.644000980537385;95.7865219116211;29.454818725585938;25125.0;25983.0
;;20.648000980727375;95.78665924072266;29.45482063293457;25123.0;25969.0
;;20.652000980917364;95.78670501708984;29.4548397064209;25122.0;25989.0
;;20.656000981107354;95.78680419921875;29.454862594604492;25116.0;25975.0
;;20.660000981297344;95.78688049316406;29.454856872558594;25128.0;25978.0
;;20.664000981487334;95.78697204589844;29.454856872558594;25114.0;25997.0
;;20.668000981677324;95.78704833984375;29.454856872558594;25127.0;25971.0
;;20.672000981867313;95.78711700439453;29.454872131347656;25117.0;25984.0
;;20.676000982057303;95.78721618652344;29.454862594604492;25127.0;25996.0
;;20.680000982247293;95.78732299804688;29.454866409301758;25128.0;25967.0
;;20.684000982437283;95.7873764038086;29.454872131347656;25133.0;25980.0
;;20.688000982627273;95.78744506835938;29.45490837097168;25118.0;25967.0
;;20.692000982817262;95.78753662109375;29.45490264892578;25127.0;25983.0
;;20.696000983007252;95.78761291503906;29.454906463623047;25118.0;25976.0
;;20.700000983197242;95.78768157958984;29.454914093017578;25110.0;25979.0
;;20.704000983387232;95.78776550292969;29.45494270324707;25126.0;25983.0
;;20.70800098357722;95.78784942626953;29.454927444458008;25121.0;25961.0
;;20.71200098376721;95.78791046142578;29.45492935180664;25114.0;25997.0
;;20.7160009839572;95.78801727294922;29.454994201660156;25121.0;25980.0
;;20.72000098414719;95.78805541992188;29.454984664916992;25114.0;25959.0
;;20.72400098433718;95.78814697265625;29.45494842529297;25122.0;25972.0
;;20.72800098452717;95.7882308959961;29.454954147338867;25119.0;25968.0
;;20.73200098471716;95.78829956054688;29.45499038696289;25107.0;25991.0
;;20.73600098490715;95.78836822509766;29.45490837097168;25122.0;25985.0
;;20.74000098509714;95.7884521484375;29.454933166503906;25105.0;25986.0
;;20.74400098528713;95.78852844238281;29.45490837097168;25121.0;25973.0
;;20.74800098547712;95.78861999511719;29.455047607421875;25115.0;25968.0
;;20.75200098566711;95.7886962890625;29.454938888549805;25116.0;25969.0
;;20.7560009858571;95.78877258300781;29.454959869384766;25130.0;25969.0
;;20.76000098604709;95.78883361816406;29.45488739013672;25107.0;25961.0
;;20.76400098623708;95.78890228271484;29.454917907714844;25126.0;25964.0
;;20.76800098642707;95.7889633178711;29.454893112182617;25120.0;25972.0
;;20.77200098661706;95.78905487060547;29.454898834228516;25118.0;25977.0
;;20.77600098680705;95.78910827636719;29.454898834228516;25117.0;25976.0
;;20.780000986997038;95.78919982910156;29.454872131347656;25114.0;25967.0
;;20.784000987187028;95.78924560546875;29.454851150512695;25105.0;25977.0
;;20.788000987377018;95.7893295288086;29.454862594604492;25098.0;25982.0
;;20.792000987567008;95.78941345214844;29.454805374145508;25108.0;25987.0
;;20.796000987756997;95.78948974609375;29.454824447631836;25098.0;25989.0
;;20.800000987946987;95.78954315185547;29.45482063293457;25115.0;25979.0
;;20.804000988136977;95.78961944580078;29.45479393005371;25112.0;25979.0
;;20.808000988326967;95.78968811035156;29.455154418945312;25121.0;25973.0
;;20.812000988516957;95.78976440429688;29.455102920532227;25119.0;25960.0
;;20.816000988706946;95.78984832763672;29.455097198486328;25111.0;25962.0
;;20.820000988896936;95.78988647460938;29.45511245727539;25089.0;25979.0
;;20.824000989086926;95.78995513916016;29.455097198486328;25104.0;25976.0
;;20.828000989276916;95.79003143310547;29.455062866210938;25103.0;25980.0
;;20.832000989466906;95.79010772705078;29.455034255981445;25120.0;25970.0
;;20.836000989656895;95.79017639160156;29.455081939697266;25096.0;25969.0
;;20.840000989846885;95.79023742675781;29.45508575439453;25106.0;25967.0
;;20.844000990036875;95.79032897949219;29.455078125;25108.0;25974.0
;;20.848000990226865;95.79039001464844;29.455055236816406;25101.0;25964.0
;;20.852000990416855;95.79047393798828;29.455055236816406;25115.0;25968.0
;;20.856000990606844;95.79054260253906;29.45502471923828;25125.0;25978.0
;;20.860000990796834;95.79060363769531;29.45499038696289;25124.0;25985.0
;;20.864000990986824;95.7906723022461;29.454988479614258;25104.0;25981.0
;;20.868000991176814;95.79074096679688;29.454923629760742;25119.0;25973.0
;;20.872000991366804;95.79080200195312;29.454906463623047;25137.0;25969.0
;;20.876000991556793;95.79092407226562;29.454891204833984;25086.0;25976.0
;;20.880000991746783;95.7909927368164;29.454893112182617;25108.0;25992.0
;;20.884000991936773;95.79106903076172;29.454872131347656;25141.0;25961.0
;;20.888000992126763;95.79113006591797;29.45484733581543;25108.0;25966.0
;;20.892000992316753;95.79119873046875;29.454788208007812;25104.0;25978.0
;;20.896000992506742;95.79130554199219;29.454774856567383;25105.0;25979.0
;;20.900000992696732;95.7913818359375;29.45477294921875;25102.0;25990.0
;;20.904000992886722;95.79145812988281;29.454750061035156;25106.0;25975.0
;;20.908000993076712;95.79151916503906;29.454727172851562;25107.0;25961.0
;;20.9120009932667;95.7916030883789;29.4547176361084;25098.0;25966.0
;;20.91600099345669;95.79170227050781;29.45469856262207;25128.0;25960.0
;;20.92000099364668;95.79177856445312;29.454687118530273;25108.0;25986.0
;;20.92400099383667;95.7918472290039;29.45469856262207;25095.0;25981.0
;;20.92800099402666;95.79190826416016;29.45464515686035;25102.0;25986.0
;;20.93200099421665;95.79200744628906;29.454639434814453;25103.0;25967.0
;;20.93600099440664;95.79210662841797;29.454647064208984;25109.0;25977.0
;;20.94000099459663;95.79219055175781;29.45465660095215;25098.0;25977.0
;;20.94400099478662;95.7922592163086;29.454654693603516;25108.0;25986.0
;;20.94800099497661;95.79236602783203;29.45465087890625;25098.0;25979.0
;;20.9520009951666;95.79244232177734;29.454647064208984;25102.0;25989.0
;;20.95600099535659;95.79254913330078;29.454660415649414;25121.0;25971.0
;;20.96000099554658;95.79261779785156;29.45469093322754;25124.0;25994.0
;;20.96400099573657;95.79269409179688;29.454708099365234;25110.0;25973.0
;;20.96800099592656;95.79279327392578;29.454729080200195;25106.0;25974.0
;;20.97200099611655;95.79288482666016;29.454744338989258;25111.0;25970.0
;;20.97600099630654;95.79296112060547;29.45477294921875;25103.0;25957.0
;;20.98000099649653;95.79302215576172;29.454784393310547;25107.0;25974.0
;;20.984000996686518;95.79312133789062;29.454803466796875;25095.0;25947.0
;;20.988000996876508;95.793212890625;29.454811096191406;25093.0;25987.0
;;20.992000997066498;95.79328918457031;29.454870223999023;25101.0;25977.0
;;20.996000997256488;95.79335021972656;29.45490837097168;25096.0;25970.0
;;21.000000997446477;95.7934341430664;29.454923629760742;25105.0;25974.0
;;21.004000997636467;95.79351043701172;29.454984664916992;25105.0;25963.0
;;21.008000997826457;95.79357147216797;29.45499610900879;25093.0;25968.0
;;21.012000998016447;95.79367065429688;29.45505714416504;25092.0;25965.0
;;21.016000998206437;95.7937240600586;29.455093383789062;25092.0;25966.0
;;21.020000998396426;95.79378509521484;29.455106735229492;25096.0;25970.0
;;21.024000998586416;95.7938461303711;29.455175399780273;25101.0;25963.0
;;21.028000998776406;95.7939453125;29.455224990844727;25093.0;25980.0
;;21.032000998966396;95.79398345947266;29.455263137817383;25101.0;25979.0
;;21.036000999156386;95.79402923583984;29.455291748046875;25076.0;25962.0
;;21.040000999346375;95.79408264160156;29.45534324645996;25097.0;25949.0
;;21.044000999536365;95.79414367675781;29.455415725708008;25090.0;25976.0
;;21.048000999726355;95.7942123413086;29.455446243286133;25085.0;25973.0
;;21.052000999916345;95.79424285888672;29.455472946166992;25083.0;25981.0
;;21.056001000106335;95.79428100585938;29.45553207397461;25091.0;25977.0
;;21.060001000296324;95.79434204101562;29.45557403564453;25079.0;25984.0
;;21.064001000486314;95.79438018798828;29.455598831176758;25091.0;25975.0
;;21.068001000676304;95.7944107055664;29.45564079284668;25072.0;25977.0
;;21.072001000866294;95.7944564819336;29.455703735351562;25090.0;25975.0
;;21.076001001056284;95.79448699951172;29.45570182800293;25087.0;25977.0
;;21.080001001246274;95.79450988769531;29.455747604370117;25091.0;25964.0
;;21.084001001436263;95.79454803466797;29.455768585205078;25096.0;25951.0
;;21.088001001626253;95.7945785522461;29.455806732177734;25085.0;25975.0
;;21.092001001816243;95.79460906982422;29.455841064453125;25092.0;25981.0
;;21.096001002006233;95.79462432861328;29.45585823059082;25084.0;25970.0
;;21.100001002196223;95.79463958740234;29.45587158203125;25081.0;25980.0
;;21.104001002386212;95.79466247558594;29.455896377563477;25102.0;25969.0
;;21.108001002576202;95.7947006225586;29.455917358398438;25092.0;25973.0
;;21.112001002766192;95.7947006225586;29.45591926574707;25097.0;25979.0
;;21.11600100295618;95.79473114013672;29.4559383392334;25085.0;25964.0
;;21.12000100314617;95.79476165771484;29.455944061279297;25091.0;25978.0
;;21.12400100333616;95.79476928710938;29.455963134765625;25069.0;25966.0
;;21.12800100352615;95.79478454589844;29.455965042114258;25074.0;25956.0
;;21.13200100371614;95.79479217529297;29.45598602294922;25088.0;25977.0
;;21.13600100390613;95.7947998046875;29.455991744995117;25072.0;25977.0
;;21.14000100409612;95.79484558105469;29.455984115600586;25087.0;25979.0
;;21.14400100428611;95.79484558105469;29.45598030090332;25073.0;25979.0
;;21.1480010044761;95.79487609863281;29.45600128173828;25090.0;25969.0
;;21.15200100466609;95.79491424560547;29.455955505371094;25090.0;25974.0
;;21.15600100485608;95.79492950439453;29.455955505371094;25099.0;25966.0
;;21.16000100504607;95.79499053955078;29.45594024658203;25069.0;25955.0
;;21.16400100523606;95.79496765136719;29.4559326171875;25081.0;25959.0
;;21.16800100542605;95.79500579833984;29.455947875976562;25084.0;25982.0
;;21.17200100561604;95.7950439453125;29.4559383392334;25071.0;25963.0
;;21.17600100580603;95.79505920410156;29.455862045288086;25095.0;25972.0
;;21.18000100599602;95.79512786865234;29.45586585998535;25084.0;25977.0
;;21.18400100618601;95.79512786865234;29.45587158203125;25063.0;25983.0
;;21.188001006376;95.7951889038086;29.455842971801758;25073.0;25978.0
;;21.192001006565988;95.79523468017578;29.45583152770996;25081.0;25958.0
;;21.196001006755978;95.7952651977539;29.4558162689209;25075.0;25953.0
;;21.200001006945968;95.79530334472656;29.455806732177734;25089.0;25978.0
;;21.204001007135957;95.79534149169922;29.455810546875;25093.0;25973.0
;;21.208001007325947;95.79537963867188;29.45578384399414;25099.0;25972.0
;;21.212001007515937;95.79542541503906;29.455764770507812;25074.0;25984.0
;;21.216001007705927;95.79547119140625;29.455759048461914;25077.0;25990.0
;;21.220001007895917;95.79554748535156;29.455734252929688;25076.0;25968.0
;;21.224001008085907;95.79561614990234;29.455732345581055;25079.0;25968.0
;;21.228001008275896;95.79561614990234;29.4556884765625;25065.0;25965.0
;;21.232001008465886;95.7956771850586;29.455713272094727;25078.0;25980.0
;;21.236001008655876;95.79574584960938;29.45570945739746;25090.0;25971.0
;;21.240001008845866;95.79582977294922;29.455692291259766;25109.0;25973.0
;;21.244001009035856;95.79589080810547;29.455636978149414;25066.0;25972.0
;;21.248001009225845;95.79594421386719;29.455657958984375;25072.0;25980.0
;;21.252001009415835;95.79598999023438;29.455665588378906;25073.0;25962.0
;;21.256001009605825;95.79606628417969;29.455650329589844;25067.0;25976.0
;;21.260001009795815;95.7961196899414;29.45564079284668;25065.0;25975.0
;;21.264001009985805;95.79617309570312;29.455615997314453;25076.0;25980.0
;;21.268001010175794;95.79621887207031;29.455610275268555;25083.0;25972.0
;;21.272001010365784;95.7962875366211;29.45562744140625;25072.0;25978.0
;;21.276001010555774;95.79637908935547;29.455604553222656;25074.0;25962.0
;;21.280001010745764;95.79645538330078;29.45560073852539;25071.0;25978.0
;;21.284001010935754;95.79647064208984;29.45562744140625;25078.0;25969.0
;;21.288001011125743;95.79656982421875;29.455595016479492;25081.0;25965.0
;;21.292001011315733;95.79660034179688;29.455595016479492;25073.0;25963.0
;;21.296001011505723;95.79667663574219;29.455598831176758;25061.0;25970.0
;;21.300001011695713;95.79676055908203;29.455612182617188;25075.0;25988.0
;;21.304001011885703;95.79680633544922;29.45560646057129;25070.0;25967.0
;;21.308001012075692;95.7968978881836;29.45566177368164;25051.0;25982.0
;;21.312001012265682;95.79692840576172;29.455657958984375;25071.0;25973.0
;;21.316001012455672;95.79698944091797;29.455656051635742;25064.0;25992.0
;;21.320001012645662;95.79705047607422;29.45566177368164;25083.0;25968.0
;;21.32400101283565;95.797119140625;29.45566177368164;25071.0;25980.0
;;21.32800101302564;95.79717254638672;29.45566177368164;25069.0;25980.0
;;21.33200101321563;95.79721069335938;29.455673217773438;25080.0;25980.0
;;21.33600101340562;95.79725646972656;29.455671310424805;25060.0;25978.0
;;21.34000101359561;95.79735565185547;29.45566177368164;25089.0;25954.0
;;21.3440010137856;95.79737854003906;29.455673217773438;25067.0;25969.0
;;21.34800101397559;95.79743194580078;29.455671310424805;25076.0;25985.0
;;21.35200101416558;95.79743194580078;29.455686569213867;25062.0;25965.0
;;21.35600101435557;95.79753875732422;29.45568084716797;25073.0;25982.0
;;21.36000101454556;95.7975845336914;29.455686569213867;25076.0;25966.0
;;21.36400101473555;95.79762268066406;29.455692291259766;25075.0;25971.0
;;21.36800101492554;95.797607421875;29.45574378967285;25074.0;25966.0
;;21.37200101511553;95.79772186279297;29.45572280883789;25064.0;25973.0
;;21.37600101530552;95.7977294921875;29.45574378967285;25075.0;25970.0
;;21.38000101549551;95.79778289794922;29.455747604370117;25070.0;25974.0
;;21.3840010156855;95.79777526855469;29.455738067626953;25061.0;25969.0
;;21.38800101587549;95.79783630371094;29.455764770507812;25044.0;25967.0
;;21.39200101606548;95.79785919189453;29.455774307250977;25087.0;25976.0
;;21.396001016255468;95.79796600341797;29.455774307250977;25073.0;25975.0
;;21.400001016445458;95.79796600341797;29.455801010131836;25064.0;25977.0
;;21.404001016635448;95.7979507446289;29.455806732177734;25067.0;25968.0
;;21.408001016825438;95.79800415039062;29.455799102783203;25063.0;25967.0
;;21.412001017015427;95.7981185913086;29.455801010131836;25066.0;25959.0
;;21.416001017205417;95.79810333251953;29.455801010131836;25069.0;25956.0
;;21.420001017395407;95.79808807373047;29.4558162689209;25069.0;25969.0
;;21.424001017585397;95.79817962646484;29.45583724975586;25079.0;25967.0
;;21.428001017775387;95.79823303222656;29.455856323242188;25061.0;25976.0
;;21.432001017965376;95.79822540283203;29.455862045288086;25062.0;25983.0
;;21.436001018155366;95.79820251464844;29.455852508544922;25049.0;25981.0
;;21.440001018345356;95.79825592041016;29.45583724975586;25067.0;25967.0
;;21.444001018535346;95.79834747314453;29.45585060119629;25074.0;25964.0
;;21.448001018725336;95.79837036132812;29.455841064453125;25061.0;25953.0
;;21.452001018915325;95.79838562011719;29.455846786499023;25070.0;25947.0
;;21.456001019105315;95.7983627319336;29.45585060119629;25067.0;25961.0
;;21.460001019295305;95.7984619140625;29.455842971801758;25072.0;25956.0
;;21.464001019485295;95.79850006103516;29.455842971801758;25056.0;25960.0
;;21.468001019675285;95.79849243164062;29.45585823059082;25084.0;25960.0
;;21.472001019865274;95.7985610961914;29.455846786499023;25072.0;25964.0
;;21.476001020055264;95.79861450195312;29.455842971801758;25080.0;25972.0
;;21.480001020245254;95.79862213134766;29.455842971801758;25066.0;25962.0
;;21.484001020435244;95.7986831665039;29.455841064453125;25059.0;25981.0
;;21.488001020625234;95.79869079589844;29.455841064453125;25057.0;25971.0
;;21.492001020815223;95.7987289428711;29.455799102783203;25067.0;25959.0
;;21.496001021005213;95.79875946044922;29.455780029296875;25064.0;25968.0
;;21.500001021195203;95.79879760742188;29.45578384399414;25058.0;25981.0
;;21.504001021385193;95.79883575439453;29.45578384399414;25060.0;25955.0
;;21.508001021575183;95.79888916015625;29.455734252929688;25082.0;25978.0
;;21.512001021765172;95.7989501953125;29.455734252929688;25054.0;25969.0
;;21.516001021955162;95.7989501953125;29.455718994140625;25061.0;25956.0
;;21.520001022145152;95.79888916015625;29.4556884765625;25061.0;25951.0
;;21.524001022335142;95.799072265625;29.455671310424805;25079.0;25950.0
;;21.52800102252513;95.79912567138672;29.45563507080078;25072.0;25979.0
;;21.53200102271512;95.79907989501953;29.45561981201172;25051.0;25966.0
;;21.53600102290511;95.7992172241211;29.455615997314453;25061.0;25972.0
;;21.5400010230951;95.79910278320312;29.45557403564453;25052.0;25964.0
;;21.54400102328509;95.7992935180664;29.455570220947266;25050.0;25965.0
;;21.54800102347508;95.79931640625;29.455503463745117;25057.0;25959.0
;;21.55200102366507;95.79939270019531;29.455501556396484;25065.0;25973.0
;;21.55600102385506;95.79923248291016;29.4554500579834;25061.0;25966.0
;;21.56000102404505;95.79948425292969;29.45547103881836;25057.0;25942.0
;;21.56400102423504;95.79945373535156;29.45545768737793;25065.0;25960.0
;;21.56800102442503;95.79959869384766;29.455411911010742;25036.0;25968.0
;;21.57200102461502;95.79939270019531;29.45537567138672;25069.0;25962.0
;;21.57600102480501;95.79969024658203;29.455354690551758;25047.0;25948.0
;;21.580001024995;95.7996597290039;29.455354690551758;25038.0;25969.0
;;21.58400102518499;95.79979705810547;29.4553279876709;25051.0;25952.0
;;21.58800102537498;95.79932403564453;29.45530128479004;25061.0;25965.0
;;21.59200102556497;95.79959106445312;29.455293655395508;25086.0;25968.0
;;21.59600102575496;95.79948425292969;29.455270767211914;25054.0;25955.0
;;21.600001025944948;95.79956817626953;29.455263137817383;25059.0;25952.0
;;21.604001026134938;95.79961395263672;29.45526695251465;25058.0;25960.0
;;21.608001026324928;95.79963684082031;29.455230712890625;25045.0;25958.0
;;21.612001026514918;95.7995834350586;29.45522117614746;25068.0;25970.0
;;21.616001026704907;95.79975891113281;29.455263137817383;25039.0;25972.0
;;21.620001026894897;95.79972076416016;29.455286026000977;25037.0;25963.0
;;21.624001027084887;95.79974365234375;29.455257415771484;25059.0;25967.0
;;21.628001027274877;95.7997817993164;29.455251693725586;25051.0;25965.0
;;21.632001027464867;95.79985809326172;29.45526123046875;25051.0;25971.0
;;21.636001027654856;95.7999267578125;29.45530891418457;25044.0;25968.0
;;21.640001027844846;95.79996490478516;29.45532989501953;25050.0;25971.0
;;21.644001028034836;95.79998779296875;29.45530891418457;25055.0;25957.0
;;21.648001028224826;95.80007934570312;29.455333709716797;25051.0;25955.0
;;21.652001028414816;95.80009460449219;29.455368041992188;25069.0;25958.0
;;21.656001028604805;95.8001708984375;29.455379486083984;25060.0;25973.0
;;21.660001028794795;95.80023956298828;29.455419540405273;25055.0;25950.0
;;21.664001028984785;95.80026245117188;29.45543098449707;25052.0;25961.0
;;21.668001029174775;95.8003158569336;29.45549774169922;25050.0;25960.0
;;21.672001029364765;95.80037689208984;29.45549774169922;25029.0;25955.0
;;21.676001029554754;95.80043029785156;29.455554962158203;25025.0;25967.0
;;21.680001029744744;95.80046844482422;29.455595016479492;25055.0;25971.0
;;21.684001029934734;95.80049896240234;29.455631256103516;25046.0;25963.0
;;21.688001030124724;95.80057525634766;29.455713272094727;25064.0;25967.0
;;21.692001030314714;95.80062103271484;29.455738067626953;25045.0;25959.0
;;21.696001030504704;95.80060577392578;29.455774307250977;25034.0;25956.0
;;21.700001030694693;95.80070495605469;29.4558162689209;25037.0;25961.0
;;21.704001030884683;95.80075073242188;29.45586585998535;25051.0;25955.0
;;21.708001031074673;95.80077362060547;29.455904006958008;25041.0;25952.0
;;21.712001031264663;95.80081939697266;29.4559326171875;25042.0;25963.0
;;21.716001031454653;95.80082702636719;29.455991744995117;25035.0;25955.0
;;21.720001031644642;95.80084991455078;29.45604133605957;25059.0;25952.0
;;21.724001031834632;95.8009033203125;29.456077575683594;25036.0;25956.0
;;21.728001032024622;95.80091857910156;29.45608901977539;25061.0;25968.0
;;21.73200103221461;95.80097198486328;29.456138610839844;25054.0;25957.0
;;21.7360010324046;95.80096435546875;29.456178665161133;25043.0;25973.0
;;21.74000103259459;95.80096435546875;29.456192016601562;25058.0;25954.0
;;21.74400103278458;95.80098724365234;29.45625877380371;25022.0;25957.0
;;21.74800103297457;95.801025390625;29.456274032592773;25020.0;25960.0
;;21.75200103316456;95.80104064941406;29.456317901611328;25052.0;25957.0
;;21.75600103335455;95.80103302001953;29.45631217956543;25046.0;25972.0
;;21.76000103354454;95.80104064941406;29.45633888244629;25032.0;25953.0
;;21.76400103373453;95.80104064941406;29.45638084411621;25050.0;25962.0
;;21.76800103392452;95.8010482788086;29.45638084411621;25068.0;25963.0
;;21.77200103411451;95.8010482788086;29.4564266204834;25054.0;25946.0
;;21.7760010343045;95.80105590820312;29.45646095275879;25051.0;25950.0
;;21.78000103449449;95.8010482788086;29.45644760131836;25046.0;25972.0
;;21.78400103468448;95.80105590820312;29.45646858215332;25047.0;25964.0
;;21.78800103487447;95.80105590820312;29.456483840942383;25053.0;25955.0
;;21.79200103506446;95.80101013183594;29.45648765563965;25041.0;25975.0
;;21.79600103525445;95.80101013183594;29.456499099731445;25051.0;25946.0
;;21.80000103544444;95.8010025024414;29.45648765563965;25030.0;25955.0
;;21.80400103563443;95.8010025024414;29.456497192382812;25051.0;25946.0
;;21.808001035824418;95.80097198486328;29.45650291442871;25051.0;25969.0
;;21.812001036014408;95.80096435546875;29.456499099731445;25037.0;25947.0
;;21.816001036204398;95.80097198486328;29.456356048583984;25033.0;25957.0
;;21.820001036394387;95.80094146728516;29.456350326538086;25037.0;25965.0
;;21.824001036584377;95.80094146728516;29.45635414123535;25029.0;25964.0
;;21.828001036774367;95.80091094970703;29.45635986328125;25059.0;25934.0
;;21.832001036964357;95.8009262084961;29.45635414123535;25045.0;25949.0
;;21.836001037154347;95.80089569091797;29.456340789794922;25030.0;25979.0
;;21.840001037344337;95.8008804321289;29.456348419189453;25035.0;25963.0
;;21.844001037534326;95.80089569091797;29.456329345703125;25043.0;25954.0
;;21.848001037724316;95.80088806152344;29.456323623657227;25032.0;25954.0
;;21.852001037914306;95.80088806152344;29.456323623657227;25032.0;25959.0
;;21.856001038104296;95.80089569091797;29.456308364868164;25040.0;25949.0
;;21.860001038294286;95.80089569091797;29.456327438354492;25031.0;25950.0
;;21.864001038484275;95.8009033203125;29.456323623657227;25038.0;25962.0
;;21.868001038674265;95.80089569091797;29.45631980895996;25059.0;25953.0
;;21.872001038864255;95.80091094970703;29.456274032592773;25057.0;25958.0
;;21.876001039054245;95.80091094970703;29.456256866455078;25047.0;25966.0
;;21.880001039244235;95.8009262084961;29.456262588500977;25029.0;25957.0
;;21.884001039434224;95.80091094970703;29.456266403198242;25043.0;25959.0
;;21.888001039624214;95.80091094970703;29.456256866455078;25034.0;25953.0
;;21.892001039814204;95.80097198486328;29.456247329711914;25038.0;25952.0
;;21.896001040004194;95.80098724365234;29.456241607666016;25032.0;25955.0
;;21.900001040194184;95.80099487304688;29.456247329711914;25033.0;25949.0
;;21.904001040384173;95.80104064941406;29.45623016357422;25025.0;25964.0
;;21.908001040574163;95.80104064941406;29.456241607666016;25032.0;25966.0
;;21.912001040764153;95.80106353759766;29.456220626831055;25030.0;25957.0
;;21.916001040954143;95.80109405517578;29.456192016601562;25050.0;25967.0
;;21.920001041144133;95.80111694335938;29.456205368041992;25047.0;25939.0
;;21.924001041334122;95.80113220214844;29.45619010925293;25032.0;25947.0
;;21.928001041524112;95.80119323730469;29.456192016601562;25045.0;25951.0
;;21.932001041714102;95.80120849609375;29.456192016601562;25032.0;25939.0
;;21.936001041904092;95.80125427246094;29.456192016601562;25021.0;25940.0
;;21.94000104209408;95.80132293701172;29.456186294555664;25032.0;25959.0
;;21.94400104228407;95.80131530761719;29.45615577697754;25037.0;25958.0
;;21.94800104247406;95.80137634277344;29.45616912841797;25026.0;25958.0
;;21.95200104266405;95.80138397216797;29.456180572509766;25029.0;25955.0
;;21.95600104285404;95.80144500732422;29.456140518188477;25038.0;25962.0
;;21.96000104304403;95.80147552490234;29.456144332885742;25023.0;25952.0
;;21.96400104323402;95.8015365600586;29.456165313720703;25028.0;25952.0
;;21.96800104342401;95.8015365600586;29.456180572509766;25030.0;25941.0
;;21.972001043614;95.80159759521484;29.456159591674805;25028.0;25952.0
;;21.97600104380399;95.80166625976562;29.45615577697754;25056.0;25939.0
;;21.98000104399398;95.80170440673828;29.456153869628906;25043.0;25960.0
;;21.98400104418397;95.80171966552734;29.45615005493164;25025.0;25944.0
;;21.98800104437396;95.80177307128906;29.45615577697754;25022.0;25938.0
;;21.99200104456395;95.80180358886719;29.4561710357666;25028.0;25947.0
;;21.99600104475394;95.80186462402344;29.456159591674805;25026.0;25959.0
;;22.00000104494393;95.80189514160156;29.45616340637207;25033.0;25936.0
;;22.00400104513392;95.80191040039062;29.456159591674805;25028.0;25950.0
;;22.00800104532391;95.80196380615234;29.456159591674805;25028.0;25951.0
;;22.012001045513898;95.8019790649414;29.456180572509766;25044.0;25957.0
;;22.016001045703888;95.80203247070312;29.456174850463867;25042.0;25940.0
;;22.020001045893878;95.80204010009766;29.45616912841797;25034.0;25951.0
;;22.024001046083868;95.80209350585938;29.456186294555664;25019.0;25945.0
;;22.028001046273857;95.80213165283203;29.456199645996094;25033.0;25949.0
;;22.032001046463847;95.80217742919922;29.456220626831055;25029.0;25954.0
;;22.036001046653837;95.80215454101562;29.45621109008789;25026.0;25952.0
;;22.040001046843827;95.80220031738281;29.45623016357422;25026.0;25954.0
;;22.044001047033817;95.80223846435547;29.456235885620117;25012.0;25941.0
;;22.048001047223806;95.80229187011719;29.456222534179688;25031.0;25950.0
;;22.052001047413796;95.80229187011719;29.45624542236328;25032.0;25971.0
;;22.056001047603786;95.80227661132812;29.45624542236328;25031.0;25941.0
;;22.060001047793776;95.80233764648438;29.45625114440918;25021.0;25956.0
;;22.064001047983766;95.8023681640625;29.456262588500977;25030.0;25933.0
;;22.068001048173755;95.80237579345703;29.456287384033203;25024.0;25951.0
;;22.072001048363745;95.80242919921875;29.4562931060791;25026.0;25958.0
;;22.076001048553735;95.80242919921875;29.456281661987305;25046.0;25963.0
;;22.080001048743725;95.80243682861328;29.4562931060791;25017.0;25939.0
;;22.084001048933715;95.80245971679688;29.456314086914062;25026.0;25929.0
;;22.088001049123704;95.80244445800781;29.456323623657227;25015.0;25950.0
;;22.092001049313694;95.802490234375;29.456340789794922;25009.0;25950.0
;;22.096001049503684;95.80242919921875;29.45631217956543;25020.0;25966.0
;;22.100001049693674;95.80248260498047;29.456350326538086;25018.0;25949.0
;;22.104001049883664;95.80247497558594;29.456340789794922;25031.0;25937.0
;;22.108001050073653;95.80247497558594;29.456340789794922;25032.0;25927.0
;;22.112001050263643;95.802490234375;29.456356048583984;25025.0;25938.0
;;22.116001050453633;95.80254364013672;29.456329345703125;25029.0;25943.0
;;22.120001050643623;95.80254364013672;29.456344604492188;25031.0;25961.0
;;22.124001050833613;95.80254364013672;29.456340789794922;25018.0;25955.0
;;22.128001051023602;95.8025894165039;29.456340789794922;25050.0;25944.0
;;22.132001051213592;95.8026123046875;29.456344604492188;25029.0;25949.0
;;22.136001051403582;95.80260467529297;29.456344604492188;25025.0;25946.0
;;22.140001051593572;95.8026123046875;29.456344604492188;25015.0;25951.0
;;22.14400105178356;95.80266571044922;29.45635986328125;25018.0;25955.0
;;22.14800105197355;95.80265045166016;29.456340789794922;25023.0;25960.0
;;22.15200105216354;95.80268096923828;29.456340789794922;25014.0;25950.0
;;22.15600105235353;95.80266571044922;29.456327438354492;25016.0;25955.0
;;22.16000105254352;95.80266571044922;29.456308364868164;25031.0;25954.0
;;22.16400105273351;95.80271911621094;29.4563045501709;25009.0;25947.0
;;22.1680010529235;95.802734375;29.456274032592773;25004.0;25948.0
;;22.17200105311349;95.80272674560547;29.456289291381836;25027.0;25955.0
;;22.17600105330348;95.80272674560547;29.45625114440918;25026.0;25949.0
;;22.18000105349347;95.80272674560547;29.45623207092285;25018.0;25948.0
;;22.18400105368346;95.80278015136719;29.456201553344727;24994.0;25958.0
;;22.18800105387345;95.80278015136719;29.45616912841797;25012.0;25954.0
;;22.19200105406344;95.8027572631836;29.4561710357666;25032.0;25954.0
;;22.19600105425343;95.80278778076172;29.45615005493164;25024.0;25950.0
;;22.20000105444342;95.80280303955078;29.456117630004883;25019.0;25961.0
;;22.20400105463341;95.80281066894531;29.45610237121582;25026.0;25936.0
;;22.2080010548234;95.80281829833984;29.456050872802734;25024.0;25939.0
;;22.21200105501339;95.80281829833984;29.456050872802734;25016.0;25948.0
;;22.216001055203378;95.80287170410156;29.45604705810547;25022.0;25925.0
;;22.220001055393368;95.80286407470703;29.45600128173828;25002.0;25938.0
;;22.224001055583358;95.80286407470703;29.455974578857422;25021.0;25947.0
;;22.228001055773348;95.80286407470703;29.455949783325195;25031.0;25966.0
;;22.232001055963337;95.80290222167969;29.455917358398438;25030.0;25933.0
;;22.236001056153327;95.80291748046875;29.45587730407715;25013.0;25936.0
;;22.240001056343317;95.80293273925781;29.455883026123047;25020.0;25935.0
;;22.244001056533307;95.80293273925781;29.455842971801758;25018.0;25925.0
;;22.248001056723297;95.80297088623047;29.4558048248291;25018.0;25950.0
;;22.252001056913286;95.80293273925781;29.45578384399414;25026.0;25951.0
;;22.256001057103276;95.80299377441406;29.45577049255371;24989.0;25941.0
;;22.260001057293266;95.80301666259766;29.455760955810547;25034.0;25940.0
;;22.264001057483256;95.80303955078125;29.455760955810547;25020.0;25945.0
;;22.268001057673246;95.80305480957031;29.45574378967285;25032.0;25951.0
;;22.272001057863235;95.80304718017578;29.455724716186523;25018.0;25953.0
;;22.276001058053225;95.80311584472656;29.455732345581055;25011.0;25950.0
;;22.280001058243215;95.80310821533203;29.455698013305664;25023.0;25944.0
;;22.284001058433205;95.8031234741211;29.455707550048828;25004.0;25944.0
;;22.288001058623195;95.80318450927734;29.4556884765625;25035.0;25942.0
;;22.292001058813184;95.80318450927734;29.455707550048828;25007.0;25954.0
;;22.296001059003174;95.80326080322266;29.455713272094727;25014.0;25941.0
;;22.300001059193164;95.80327606201172;29.455707550048828;25014.0;25944.0
;;22.304001059383154;95.80330657958984;29.455732345581055;25010.0;25944.0
;;22.308001059573144;95.80337524414062;29.455713272094727;25000.0;25949.0
;;22.312001059763134;95.80338287353516;29.455724716186523;25020.0;25928.0
;;22.316001059953123;95.80342102050781;29.455760955810547;25023.0;25947.0
;;22.320001060143113;95.80345153808594;29.45577049255371;25006.0;25949.0
;;22.324001060333103;95.80349731445312;29.455791473388672;25014.0;25955.0
;;22.328001060523093;95.80355834960938;29.455820083618164;24998.0;25942.0
;;22.332001060713083;95.80355834960938;29.455846786499023;25002.0;25947.0
;;22.336001060903072;95.80361938476562;29.455907821655273;25010.0;25945.0
;;22.340001061093062;95.8036880493164;29.455949783325195;25008.0;25949.0
;;22.344001061283052;95.80369567871094;29.455963134765625;24989.0;25940.0
;;22.34800106147304;95.80374908447266;29.455991744995117;25002.0;25942.0
;;22.35200106166303;95.80379486083984;29.456029891967773;25000.0;25937.0
;;22.35600106185302;95.80384063720703;29.456087112426758;25014.0;25944.0
;;22.36000106204301;95.80387878417969;29.45610809326172;24993.0;25947.0
;;22.364001062233;95.80390167236328;29.456140518188477;25000.0;25929.0
;;22.36800106242299;95.80393981933594;29.456199645996094;25012.0;25939.0
;;22.37200106261298;95.80397033691406;29.456222534179688;25010.0;25939.0
;;22.37600106280297;95.80400085449219;29.456262588500977;25002.0;25960.0
;;22.38000106299296;95.80399322509766;29.456327438354492;24994.0;25948.0
;;22.38400106318295;95.80404663085938;29.456348419189453;25004.0;25932.0
;;22.38800106337294;95.80413055419922;29.456384658813477;25011.0;25934.0
;;22.39200106356293;95.80413818359375;29.45644760131836;25003.0;25950.0
;;22.39600106375292;95.80415344238281;29.45650863647461;25001.0;25945.0
;;22.40000106394291;95.80419158935547;29.45653533935547;25002.0;25941.0
;;22.4040010641329;95.80419921875;29.45655632019043;25016.0;25956.0
;;22.40800106432289;95.80425262451172;29.456626892089844;24998.0;25926.0
;;22.41200106451288;95.80426025390625;29.45667266845703;25005.0;25956.0
;;22.41600106470287;95.80425262451172;29.45667266845703;25016.0;25937.0
;;22.42000106489286;95.80426788330078;29.45670509338379;25007.0;25946.0
;;22.424001065082848;95.80427551269531;29.456745147705078;25004.0;25944.0
;;22.428001065272838;95.8043212890625;29.456787109375;24995.0;25945.0
;;22.432001065462828;95.8042984008789;29.456796646118164;25009.0;25930.0
;;22.436001065652817;95.80428314208984;29.45682716369629;25009.0;25943.0
;;22.440001065842807;95.80428314208984;29.456836700439453;24995.0;25937.0
;;22.444001066032797;95.8042984008789;29.456884384155273;24995.0;25944.0
;;22.448001066222787;95.80427551269531;29.4569034576416;24990.0;25935.0
;;22.452001066412777;95.80429077148438;29.456893920898438;24976.0;25926.0
;;22.456001066602767;95.80426788330078;29.456897735595703;25007.0;25945.0
;;22.460001066792756;95.80427551269531;29.456933975219727;25002.0;25944.0
;;22.464001066982746;95.80423736572266;29.456939697265625;25007.0;25942.0
;;22.468001067172736;95.80423736572266;29.456951141357422;25001.0;25943.0
;;22.472001067362726;95.80422973632812;29.456958770751953;25008.0;25941.0
;;22.476001067552716;95.8042221069336;29.456939697265625;24991.0;25943.0
;;22.480001067742705;95.80418395996094;29.45694923400879;24970.0;25932.0
;;22.484001067932695;95.8041763305664;29.45694923400879;24989.0;25937.0
;;22.488001068122685;95.80411529541016;29.45694923400879;24993.0;25944.0
;;22.492001068312675;95.80412292480469;29.456945419311523;25004.0;25939.0
;;22.496001068502665;95.80410766601562;29.45694923400879;25002.0;25953.0
;;22.500001068692654;95.80409240722656;29.456912994384766;24999.0;25950.0
;;22.504001068882644;95.8040542602539;29.456924438476562;24985.0;25947.0
;;22.508001069072634;95.80406188964844;29.456912994384766;25017.0;25935.0
;;22.512001069262624;95.80400848388672;29.4569034576416;24996.0;25936.0
;;22.516001069452614;95.80399322509766;29.45688819885254;25006.0;25930.0
;;22.520001069642603;95.80400085449219;29.456878662109375;25003.0;25944.0
;;22.524001069832593;95.80397033691406;29.456838607788086;25009.0;25943.0
;;22.528001070022583;95.8039321899414;29.45685386657715;25015.0;25940.0
;;22.532001070212573;95.8039321899414;29.456825256347656;24982.0;25950.0
;;22.536001070402563;95.80393981933594;29.45679473876953;25005.0;25930.0
;;22.540001070592552;95.80392456054688;29.456796646118164;24993.0;25938.0
;;22.544001070782542;95.80387878417969;29.45676612854004;24991.0;25939.0
;;22.548001070972532;95.80387878417969;29.456743240356445;24980.0;25939.0
;;22.552001071162522;95.80388641357422;29.45673370361328;24993.0;25945.0
;;22.55600107135251;95.80388641357422;29.45673370361328;25008.0;25941.0
;;22.5600010715425;95.8038558959961;29.456697463989258;24991.0;25945.0
;;22.56400107173249;95.80387115478516;29.45667839050293;24988.0;25940.0
;;22.56800107192248;95.80390167236328;29.456663131713867;24996.0;25945.0
;;22.57200107211247;95.8038558959961;29.456653594970703;24992.0;25933.0
;;22.57600107230246;95.80390167236328;29.45663833618164;24963.0;25940.0
;;22.58000107249245;95.80390930175781;29.456623077392578;24998.0;25937.0
;;22.58400107268244;95.80390930175781;29.45661163330078;24993.0;25935.0
;;22.58800107287243;95.80390930175781;29.456584930419922;24994.0;25934.0
;;22.59200107306242;95.80391693115234;29.456571578979492;24997.0;25953.0
;;22.59600107325241;95.80391693115234;29.456579208374023;24999.0;25947.0
;;22.6000010734424;95.803955078125;29.45656394958496;24987.0;25931.0
;;22.60400107363239;95.80397033691406;29.45656394958496;24974.0;25934.0
;;22.60800107382238;95.8039779663086;29.456539154052734;24987.0;25932.0
;;22.61200107401237;95.80402374267578;29.456527709960938;25004.0;25935.0
;;22.61600107420236;95.80430603027344;29.456523895263672;24998.0;25946.0
;;22.62000107439235;95.80427551269531;29.45650863647461;24983.0;25929.0
;;22.62400107458234;95.80429077148438;29.45650291442871;24993.0;25948.0
;;22.628001074772328;95.80430603027344;29.456499099731445;25005.0;25937.0
;;22.632001074962318;95.8043212890625;29.456527709960938;25011.0;25930.0
;;22.636001075152308;95.80435943603516;29.456512451171875;24975.0;25937.0
;;22.640001075342298;95.80436706542969;29.456514358520508;24994.0;25932.0
;;22.644001075532287;95.80438995361328;29.456504821777344;24991.0;25944.0
;;22.648001075722277;95.8044204711914;29.45650863647461;24997.0;25945.0
;;22.652001075912267;95.8044204711914;29.456514358520508;24977.0;25936.0
;;22.656001076102257;95.8044204711914;29.456520080566406;24995.0;25955.0
;;22.660001076292247;95.80443572998047;29.456527709960938;25001.0;25926.0
;;22.664001076482236;95.80447387695312;29.45652961730957;24995.0;25939.0
;;22.668001076672226;95.8044662475586;29.4565486907959;24997.0;25942.0
;;22.672001076862216;95.80448150634766;29.456520080566406;24993.0;25923.0
;;22.676001077052206;95.80455017089844;29.45652961730957;24998.0;25934.0
;;22.680001077242196;95.80455780029297;29.456527709960938;24981.0;25938.0
;;22.684001077432185;95.80455780029297;29.456527709960938;24981.0;25930.0
;;22.688001077622175;95.8045654296875;29.456527709960938;24992.0;25940.0
;;22.692001077812165;95.80462646484375;29.45652961730957;24982.0;25934.0
;;22.696001078002155;95.80462646484375;29.456533432006836;24992.0;25941.0
;;22.700001078192145;95.80462646484375;29.45652961730957;24983.0;25916.0
;;22.704001078382134;95.8046646118164;29.45655059814453;24986.0;25948.0
;;22.708001078572124;95.80465698242188;29.45652961730957;25000.0;25938.0
;;22.712001078762114;95.80469512939453;29.456539154052734;24987.0;25929.0
;;22.716001078952104;95.8046875;29.45654296875;24984.0;25957.0
;;22.720001079142094;95.80472564697266;29.45656394958496;24966.0;25942.0
;;22.724001079332083;95.80474853515625;29.45655632019043;24974.0;25926.0
;;22.728001079522073;95.80474853515625;29.456594467163086;24991.0;25938.0
;;22.732001079712063;95.80474853515625;29.456554412841797;24983.0;25935.0
;;22.736001079902053;95.8048095703125;29.456565856933594;24981.0;25933.0
;;22.740001080092043;95.80477142333984;29.456544876098633;24997.0;25940.0
;;22.744001080282032;95.8048095703125;29.456544876098633;24979.0;25929.0
;;22.748001080472022;95.8048095703125;29.45655632019043;24991.0;25933.0
;;22.752001080662012;95.80484008789062;29.456533432006836;24983.0;25944.0
;;22.756001080852002;95.80486297607422;29.456518173217773;25001.0;25940.0
;;22.76000108104199;95.80485534667969;29.45652961730957;24980.0;25924.0
;;22.76400108123198;95.80487060546875;29.456497192382812;24992.0;25933.0
;;22.76800108142197;95.80487823486328;29.45648956298828;24974.0;25934.0
;;22.77200108161196;95.8049087524414;29.456493377685547;24983.0;25945.0
;;22.77600108180195;95.80493927001953;29.45656394958496;24986.0;25950.0
;;22.78000108199194;95.80492401123047;29.45652961730957;24981.0;25945.0
;;22.78400108218193;95.804931640625;29.456445693969727;24985.0;25929.0
;;22.78800108237192;95.80494689941406;29.45644187927246;24990.0;25935.0
;;22.79200108256191;95.80496978759766;29.456499099731445;24990.0;25924.0
;;22.7960010827519;95.80496978759766;29.4564266204834;25002.0;25937.0
;;22.80000108294189;95.80499267578125;29.45639419555664;24978.0;25939.0
;;22.80400108313188;95.80499267578125;29.456363677978516;24998.0;25930.0
;;22.80800108332187;95.80500793457031;29.456363677978516;24993.0;25903.0
;;22.81200108351186;95.80502319335938;29.456335067749023;24995.0;25930.0
;;22.81600108370185;95.8050308227539;29.45633888244629;24985.0;25921.0
;;22.82000108389184;95.8050537109375;29.456308364868164;24983.0;25933.0
;;22.82400108408183;95.80504608154297;29.4564208984375;24989.0;25936.0
;;22.82800108427182;95.8050537109375;29.456642150878906;24984.0;25933.0
;;22.832001084461808;95.80506896972656;29.45663070678711;24983.0;25945.0
;;22.836001084651798;95.8050765991211;29.45653533935547;24980.0;25928.0
;;22.840001084841788;95.8050765991211;29.456594467163086;24975.0;25931.0
;;22.844001085031778;95.80504608154297;29.456451416015625;24979.0;25932.0
;;22.848001085221767;95.80510711669922;29.456661224365234;24975.0;25944.0
;;22.852001085411757;95.80510711669922;29.456626892089844;24985.0;25922.0
;;22.856001085601747;95.80509948730469;29.45663070678711;24974.0;25952.0
;;22.860001085791737;95.8050765991211;29.456571578979492;24993.0;25939.0
;;22.864001085981727;95.80510711669922;29.45656394958496;24999.0;25939.0
;;22.868001086171716;95.80511474609375;29.456518173217773;24976.0;25939.0
;;22.872001086361706;95.80513000488281;29.456523895263672;25000.0;25938.0
;;22.876001086551696;95.80511474609375;29.45647430419922;24977.0;25939.0
;;22.880001086741686;95.80511474609375;29.456457138061523;24963.0;25938.0
;;22.884001086931676;95.80512237548828;29.456430435180664;24975.0;25931.0
;;22.888001087121665;95.80513000488281;29.45640754699707;24984.0;25939.0
;;22.892001087311655;95.80513000488281;29.45638084411621;24968.0;25926.0
;;22.896001087501645;95.80513000488281;29.456348419189453;24972.0;25943.0
;;22.900001087691635;95.80516052246094;29.456327438354492;24984.0;25946.0
;;22.904001087881625;95.80516052246094;29.4563045501709;24970.0;25943.0
;;22.908001088071615;95.80517578125;29.456253051757812;24994.0;25937.0
;;22.912001088261604;95.80516815185547;29.456247329711914;24965.0;25920.0
;;22.916001088451594;95.80518341064453;29.45625114440918;24978.0;25936.0
;;22.920001088641584;95.80518341064453;29.456207275390625;24979.0;25940.0
;;22.924001088831574;95.80519104003906;29.45616340637207;24985.0;25934.0
;;22.928001089021564;95.80517578125;29.456159591674805;24970.0;25934.0
;;22.932001089211553;95.80519104003906;29.456144332885742;24983.0;25935.0
;;22.936001089401543;95.80522918701172;29.456144332885742;24970.0;25936.0
;;22.940001089591533;95.80524444580078;29.456134796142578;24966.0;25938.0
;;22.944001089781523;95.80523681640625;29.456111907958984;24971.0;25937.0
;;22.948001089971513;95.80523681640625;29.45610809326172;24980.0;25934.0
;;22.952001090161502;95.80525207519531;29.456111907958984;24982.0;25939.0
;;22.956001090351492;95.80531311035156;29.456083297729492;24984.0;25915.0
;;22.960001090541482;95.8052978515625;29.456083297729492;24963.0;25930.0
;;22.964001090731472;95.80531311035156;29.456083297729492;24984.0;25930.0
;;22.96800109092146;95.80535125732422;29.45608139038086;24974.0;25928.0
;;22.97200109111145;95.80536651611328;29.456104278564453;24969.0;25926.0
;;22.97600109130144;95.80542755126953;29.456117630004883;24972.0;25939.0
;;22.98000109149143;95.805419921875;29.456132888793945;24978.0;25944.0
;;22.98400109168142;95.80545806884766;29.456132888793945;24969.0;25931.0
;;22.98800109187141;95.80548095703125;29.456138610839844;24980.0;25932.0
;;22.9920010920614;95.80548858642578;29.45619010925293;24985.0;25939.0
;;22.99600109225139;95.80554962158203;29.456199645996094;24984.0;25916.0
;;23.00000109244138;95.80558013916016;29.45621681213379;24979.0;25938.0
;;23.00400109263137;95.80561065673828;29.456268310546875;24987.0;25933.0
;;23.00800109282136;95.80565643310547;29.45625877380371;24988.0;25922.0
;;23.01200109301135;95.80567169189453;29.456314086914062;24990.0;25946.0
;;23.01600109320134;95.80573272705078;29.456323623657227;24979.0;25936.0
;;23.02000109339133;95.80574035644531;29.456390380859375;24968.0;25925.0
;;23.02400109358132;95.8057861328125;29.45638084411621;24979.0;25945.0
;;23.02800109377131;95.80582427978516;29.456445693969727;24970.0;25912.0
;;23.0320010939613;95.80587005615234;29.456512451171875;24969.0;25941.0
;;23.03600109415129;95.80587768554688;29.456520080566406;24968.0;25935.0
;;23.040001094341278;95.80593872070312;29.456565856933594;24963.0;25937.0
;;23.044001094531268;95.80597686767578;29.45661735534668;24971.0;25930.0
;;23.048001094721258;95.80602264404297;29.456632614135742;24992.0;25930.0
;;23.052001094911247;95.8060531616211;29.456697463989258;24975.0;25937.0
;;23.056001095101237;95.8060531616211;29.456729888916016;24965.0;25936.0
;;23.060001095291227;95.80610656738281;29.456785202026367;24972.0;25944.0
;;23.064001095481217;95.80613708496094;29.456796646118164;24979.0;25926.0
;;23.068001095671207;95.8061752319336;29.45686149597168;24978.0;25932.0
;;23.072001095861197;95.80618286132812;29.4569091796875;24955.0;25935.0
;;23.076001096051186;95.80622100830078;29.456928253173828;24984.0;25931.0
;;23.080001096241176;95.80624389648438;29.456979751586914;24967.0;25930.0
;;23.084001096431166;95.8062515258789;29.4570369720459;24955.0;25918.0
;;23.088001096621156;95.80631256103516;29.457048416137695;24963.0;25931.0
;;23.092001096811146;95.80630493164062;29.45709800720215;24953.0;25942.0
;;23.096001097001135;95.80632019042969;29.45711326599121;24968.0;25937.0
;;23.100001097191125;95.80632019042969;29.457149505615234;24970.0;25941.0
;;23.104001097381115;95.80632781982422;29.4571590423584;24961.0;25921.0
;;23.108001097571105;95.80634307861328;29.45720100402832;24984.0;25965.0
;;23.112001097761095;95.80636596679688;29.457197189331055;24965.0;25920.0
;;23.116001097951084;95.80635070800781;29.45720672607422;24974.0;25933.0
;;23.120001098141074;95.80636596679688;29.45724105834961;24963.0;25937.0
;;23.124001098331064;95.80633544921875;29.457273483276367;24970.0;25915.0
;;23.128001098521054;95.80635070800781;29.457298278808594;24971.0;25931.0
;;23.132001098711044;95.80633544921875;29.457304000854492;24985.0;25922.0
;;23.136001098901033;95.80634307861328;29.45728302001953;24941.0;25936.0
;;23.140001099091023;95.80633544921875;29.457298278808594;24968.0;25919.0
;;23.144001099281013;95.80632019042969;29.45730972290039;24986.0;25932.0
;;23.148001099471003;95.80626678466797;29.45731544494629;24982.0;25943.0
;;23.152001099660993;95.80626678466797;29.457294464111328;24959.0;25934.0
;;23.156001099850982;95.8062515258789;29.457279205322266;24964.0;25944.0
;;23.160001100040972;95.80623626708984;29.457307815551758;24960.0;25938.0
;;23.164001100230962;95.80622100830078;29.457294464111328;24948.0;25932.0
;;23.168001100420952;95.80618286132812;29.457304000854492;24960.0;25932.0
;;23.17200110061094;95.80616760253906;29.457277297973633;24971.0;25931.0
;;23.17600110080093;95.80614471435547;29.457277297973633;24966.0;25915.0
;;23.18000110099092;95.80609893798828;29.457273483276367;24946.0;25932.0
;;23.18400110118091;95.80609130859375;29.45724868774414;24971.0;25922.0
;;23.1880011013709;95.80606842041016;29.45724868774414;24973.0;25934.0
;;23.19200110156089;95.80603790283203;29.457202911376953;24968.0;25917.0
;;23.19600110175088;95.80604553222656;29.457197189331055;24967.0;25930.0
;;23.20000110194087;95.80599212646484;29.457185745239258;24951.0;25933.0
;;23.20400110213086;95.80597686767578;29.457176208496094;24962.0;25926.0
;;23.20800110232085;95.80591583251953;29.457143783569336;24951.0;25921.0
;;23.21200110251084;95.8059310913086;29.457120895385742;24961.0;25920.0
;;23.21600110270083;95.8059310913086;29.45711898803711;24958.0;25944.0
;;23.22000110289082;95.80587768554688;29.457061767578125;24949.0;25909.0
;;23.22400110308081;95.80587768554688;29.45707893371582;24956.0;25912.0
;;23.2280011032708;95.80584716796875;29.45709228515625;24952.0;25918.0
;;23.23200110346079;95.80584716796875;29.457033157348633;24962.0;25929.0
;;23.23600110365078;95.80584716796875;29.457040786743164;24964.0;25928.0
;;23.24000110384077;95.8058090209961;29.457033157348633;24973.0;25934.0
;;23.244001104030758;95.8058090209961;29.457000732421875;24965.0;25928.0
;;23.248001104220748;95.80579376220703;29.456981658935547;24962.0;25943.0
;;23.252001104410738;95.80580139160156;29.456966400146484;24961.0;25920.0
;;23.256001104600728;95.8058090209961;29.456974029541016;24959.0;25937.0
;;23.260001104790717;95.80577087402344;29.45694351196289;24960.0;25916.0
;;23.264001104980707;95.80577087402344;29.45693588256836;24961.0;25929.0
;;23.268001105170697;95.80577087402344;29.456918716430664;24963.0;25928.0
;;23.272001105360687;95.80579376220703;29.4569149017334;24962.0;25922.0
;;23.276001105550677;95.80580139160156;29.4569091796875;24956.0;25917.0
;;23.280001105740666;95.80582427978516;29.456905364990234;24965.0;25922.0
;;23.284001105930656;95.80583190917969;29.45688819885254;24984.0;25923.0
;;23.288001106120646;95.80582427978516;29.456867218017578;24967.0;25925.0
;;23.292001106310636;95.80583953857422;29.456892013549805;24968.0;25930.0
;;23.296001106500626;95.8058853149414;29.456872940063477;24959.0;25916.0
;;23.300001106690615;95.80590057373047;29.456867218017578;24963.0;25923.0
;;23.304001106880605;95.80589294433594;29.456863403320312;24959.0;25918.0
;;23.308001107070595;95.805908203125;29.456893920898438;24959.0;25933.0
;;23.312001107260585;95.80596160888672;29.45686149597168;24966.0;25919.0
;;23.316001107450575;95.80596160888672;29.456872940063477;24958.0;25938.0
;;23.320001107640564;95.80597686767578;29.45685386657715;24944.0;25921.0
;;23.324001107830554;95.8060302734375;29.456928253173828;24954.0;25917.0
;;23.328001108020544;95.80602264404297;29.456912994384766;24973.0;25930.0
;;23.332001108210534;95.80609893798828;29.456892013549805;24973.0;25938.0
;;23.336001108400524;95.80608367919922;29.456912994384766;24968.0;25941.0
;;23.340001108590513;95.80611419677734;29.456918716430664;24964.0;25931.0
;;23.344001108780503;95.80615234375;29.4569091796875;24949.0;25916.0
;;23.348001108970493;95.80618286132812;29.456920623779297;24957.0;25938.0
;;23.352001109160483;95.80621337890625;29.45693016052246;24950.0;25924.0
;;23.356001109350473;95.80621337890625;29.456924438476562;24943.0;25921.0
;;23.360001109540462;95.80628204345703;29.45693016052246;24949.0;25921.0
;;23.364001109730452;95.80628967285156;29.456928253173828;24955.0;25925.0
;;23.368001109920442;95.80633544921875;29.456924438476562;24964.0;25916.0
;;23.372001110110432;95.80634307861328;29.45693016052246;24956.0;25914.0
;;23.37600111030042;95.80634307861328;29.456928253173828;24954.0;25913.0
;;23.38000111049041;95.806396484375;29.456933975219727;24949.0;25907.0
;;23.3840011106804;95.80640411376953;29.45693588256836;24930.0;25917.0
;;23.38800111087039;95.80643463134766;29.456951141357422;24964.0;25928.0
;;23.39200111106038;95.80647277832031;29.456945419311523;24962.0;25925.0
;;23.39600111125037;95.8065185546875;29.456974029541016;24949.0;25921.0
;;23.40000111144036;95.80648803710938;29.456985473632812;24969.0;25940.0
;;23.40400111163035;95.80652618408203;29.456987380981445;24957.0;25933.0
;;23.40800111182034;95.80653381347656;29.45699119567871;24951.0;25927.0
;;23.41200111201033;95.80655670166016;29.45699691772461;24943.0;25947.0
;;23.41600111220032;95.80658721923828;29.457002639770508;24946.0;25924.0
;;23.42000111239031;95.80658721923828;29.457006454467773;24961.0;25919.0
;;23.4240011125803;95.80657196044922;29.457048416137695;24952.0;25923.0
;;23.42800111277029;95.80665588378906;29.457048416137695;24958.0;25914.0
;;23.43200111296028;95.80663299560547;29.457040786743164;24952.0;25907.0
;;23.43600111315027;95.8066635131836;29.457033157348633;24949.0;25927.0
;;23.44000111334026;95.80665588378906;29.457040786743164;24962.0;25920.0
;;23.44400111353025;95.80664825439453;29.45705795288086;24949.0;25931.0
;;23.448001113720238;95.80665588378906;29.4570369720459;24948.0;25938.0
;;23.452001113910228;95.80670928955078;29.457061767578125;24956.0;25922.0
;;23.456001114100218;95.80671691894531;29.457063674926758;24955.0;25916.0
;;23.460001114290208;95.80670928955078;29.457073211669922;24959.0;25938.0
;;23.464001114480197;95.80670928955078;29.457063674926758;24961.0;25933.0
;;23.468001114670187;95.80673217773438;29.457088470458984;24953.0;25922.0
;;23.472001114860177;95.8066635131836;29.457063674926758;24964.0;25926.0
;;23.476001115050167;95.80672454833984;29.45703125;24940.0;25924.0
;;23.480001115240157;95.80673217773438;29.45705795288086;24956.0;25932.0
;;23.484001115430146;95.80677795410156;29.457033157348633;24954.0;25935.0
;;23.488001115620136;95.8067398071289;29.457027435302734;24959.0;25922.0
;;23.492001115810126;95.8067855834961;29.45703125;24962.0;25914.0
;;23.496001116000116;95.80677032470703;29.457027435302734;24950.0;25918.0
;;23.500001116190106;95.80677032470703;29.457027435302734;24952.0;25924.0
;;23.504001116380095;95.80677795410156;29.45701026916504;24958.0;25927.0
;;23.508001116570085;95.80677795410156;29.45697593688965;24946.0;25921.0
;;23.512001116760075;95.80677795410156;29.456987380981445;24951.0;25921.0
;;23.516001116950065;95.80677032470703;29.45697021484375;24936.0;25928.0
;;23.520001117140055;95.80677795410156;29.456958770751953;24936.0;25912.0
;;23.524001117330045;95.80680084228516;29.4569091796875;24957.0;25919.0
;;23.528001117520034;95.80682373046875;29.4569149017334;24945.0;25934.0
;;23.532001117710024;95.80681610107422;29.456897735595703;24967.0;25935.0
;;23.536001117900014;95.80683898925781;29.45686149597168;24959.0;25925.0
;;23.540001118090004;95.80683898925781;29.456832885742188;24958.0;25920.0
;;23.544001118279994;95.80683135986328;29.456796646118164;24961.0;25919.0
;;23.548001118469983;95.80683135986328;29.456796646118164;24940.0;25922.0
;;23.552001118659973;95.80326080322266;29.452146530151367;24683.0;25685.0
;;23.556001118849963;95.7656478881836;29.415302276611328;23762.0;24753.0
;;23.560001119039953;95.70718383789062;29.355548858642578;23045.0;24177.0
;;23.564001119229943;95.62643432617188;29.273313522338867;22550.0;23286.0
;;23.568001119419932;95.52685546875;29.172449111938477;21568.0;22333.0
;;23.572001119609922;95.409423828125;29.056129455566406;20646.0;21133.0
;;23.576001119799912;95.27372741699219;28.928136825561523;19500.0;19945.0
;;23.580001119989902;95.13255310058594;28.762691497802734;18376.0;18370.0
;;23.58400112017989;94.9565200805664;28.593904495239258;16456.0;16609.0
;;23.58800112036988;94.77808380126953;28.408817291259766;14507.0;14460.0
;;23.59200112055987;94.59016418457031;28.215805053710938;12210.0;12192.0
;;23.59600112074986;94.39291381835938;28.01133155822754;9513.0;9513.0
;;23.60000112093985;94.19127655029297;27.801015853881836;7094.0;6867.0
;;23.60400112112984;93.98320770263672;27.582040786743164;4108.0;4096.0
;;23.60800112131983;93.77621459960938;27.36224365234375;1630.0;1358.0
;;23.61200112150982;93.57083892822266;27.150590896606445;811.0;-78.0
;;23.61600112169981;93.36824798583984;26.9479923248291;816.0;-70.0
;;23.6200011218898;93.17384338378906;26.754749298095703;882.0;79.0
;;23.62400112207979;92.98516082763672;26.56014633178711;914.0;38.0
;;23.62800112226978;92.7998275756836;26.37360382080078;857.0;74.0
;;23.63200112245977;92.62136840820312;26.189743041992188;-2005.0;146.0
;;23.63600112264976;92.4556655883789;26.0126953125;-2203.0;-17.0
;;23.64000112283975;92.29573059082031;25.839031219482422;-205.0;167.0
;;23.64400112302974;92.14452362060547;25.669055938720703;-988.0;-16.0
;;23.64800112321973;91.9996337890625;25.50511932373047;-696.0;-48.0
;;23.65200112340972;91.86975860595703;25.342403411865234;-1130.0;34.0
;;23.656001123599708;91.73956298828125;25.186500549316406;-717.0;34.0
;;23.660001123789698;91.61453247070312;25.032325744628906;-941.0;-3.0
;;23.664001123979688;91.4963607788086;24.883167266845703;-1142.0;-1.0
;;23.668001124169677;91.38648986816406;24.741455078125;-1154.0;65.0
;;23.672001124359667;91.27645111083984;24.59954833984375;-1004.0;61.0
;;23.676001124549657;91.17955017089844;24.46527099609375;-784.0;30.0
;;23.680001124739647;91.0882797241211;24.334426879882812;-1076.0;77.0
;;23.684001124929637;91.00456237792969;24.205116271972656;-966.0;96.0
;;23.688001125119627;90.92627716064453;24.08129119873047;-1002.0;102.0
;;23.692001125309616;90.85452270507812;23.960765838623047;-1102.0;34.0
;;23.696001125499606;90.79332733154297;23.84149169921875;-1039.0;4.0
;;23.700001125689596;90.72986602783203;23.729324340820312;-1052.0;42.0
;;23.704001125879586;90.67694854736328;23.62026596069336;-1071.0;19.0
;;23.708001126069576;90.6301040649414;23.512474060058594;-980.0;80.0
;;23.712001126259565;90.5886001586914;23.40920639038086;-1084.0;68.0
;;23.716001126449555;90.5523910522461;23.310455322265625;-1006.0;123.0
;;23.720001126639545;90.52144622802734;23.214080810546875;-1075.0;104.0
;;23.724001126829535;90.4970932006836;23.120288848876953;-1010.0;59.0
;;23.728001127019525;90.47498321533203;23.031631469726562;-1085.0;-23.0
;;23.732001127209514;90.4592056274414;22.945632934570312;-998.0;-20.0
;;23.736001127399504;90.44806671142578;22.863296508789062;-1061.0;-29.0
;;23.740001127589494;90.44139099121094;22.783599853515625;-1042.0;28.0
;;23.744001127779484;90.43888854980469;22.70827865600586;-1045.0;15.0
;;23.748001127969474;90.44017028808594;22.63693618774414;-936.0;-17.0
;;23.752001128159463;90.44385528564453;22.568572998046875;-839.0;30.0
;;23.756001128349453;90.44873046875;22.503795623779297;-693.0;54.0
;;23.760001128539443;90.4544677734375;22.44141387939453;-567.0;17.0
;;23.764001128729433;90.46084594726562;22.382537841796875;-459.0;60.0
;;23.768001128919423;90.4677505493164;22.327438354492188;-313.0;71.0
;;23.772001129109412;90.4749526977539;22.275672912597656;-183.0;3.0
;;23.776001129299402;90.48220825195312;22.227554321289062;-121.0;116.0
;;23.780001129489392;90.48828125;22.236454010009766;-61.0;303.0
;;23.784001129679382;90.47472381591797;22.285079956054688;-372.0;532.0
;;23.78800112986937;90.44007873535156;22.32540512084961;-1165.0;547.0
;;23.79200113005936;90.39431762695312;22.38509750366211;-1359.0;587.0
;;23.79600113024935;90.32782745361328;22.470733642578125;-1119.0;611.0
;;23.80000113043934;90.25334930419922;22.566932678222656;-1219.0;643.0
;;23.80400113062933;90.15069580078125;22.67864990234375;-1170.0;692.0
;;23.80800113081932;90.03254699707031;22.809532165527344;-1071.0;669.0
;;23.81200113100931;89.9025650024414;22.954814910888672;-1100.0;732.0
;;23.8160011311993;89.75694274902344;23.110824584960938;-1186.0;779.0
;;23.82000113138929;89.60108184814453;23.291961669921875;-1077.0;732.0
;;23.82400113157928;89.40687561035156;23.488143920898438;-1118.0;790.0
;;23.82800113176927;89.1956787109375;23.698631286621094;-1061.0;826.0
;;23.83200113195926;88.98323059082031;23.914695739746094;-1080.0;872.0
;;23.83600113214925;88.75379943847656;24.160030364990234;-1020.0;708.0
;;23.84000113233924;88.50232696533203;24.431652069091797;-1060.0;643.0
;;23.84400113252923;88.2378921508789;24.69674301147461;-915.0;610.0
;;23.84800113271922;87.96292877197266;24.978866577148438;-999.0;752.0
;;23.85200113290921;87.6871109008789;25.302867889404297;-1087.0;624.0
;;23.8560011330992;87.35210418701172;25.621063232421875;-1015.0;787.0
;;23.860001133289188;87.02310943603516;25.957313537597656;-1000.0;899.0
;;23.864001133479178;86.6811294555664;26.318603515625;-1085.0;777.0
;;23.868001133669168;86.32110595703125;26.67726707458496;-1038.0;861.0
;;23.872001133859158;85.94169616699219;27.080724716186523;-1065.0;718.0
;;23.876001134049147;85.54579162597656;27.4738826751709;-1063.0;729.0
;;23.880001134239137;85.14432525634766;27.89276123046875;-1131.0;755.0
;;23.884001134429127;84.7303695678711;28.298309326171875;-1028.0;960.0
;;23.888001134619117;84.3194808959961;28.708547592163086;-774.0;953.0
;;23.892001134809107;83.94755554199219;29.099340438842773;-965.0;959.0
;;23.896001134999096;83.5141372680664;29.542808532714844;-833.0;771.0
;;23.900001135189086;83.10777282714844;29.940587997436523;-961.0;743.0
;;23.904001135379076;82.70561218261719;30.346946716308594;-753.0;941.0
;;23.908001135569066;82.3065414428711;30.747156143188477;-1047.0;1191.0
;;23.912001135759056;81.89430236816406;31.153818130493164;-731.0;1328.0
;;23.916001135949045;81.50042724609375;31.54525375366211;-1026.0;1103.0
;;23.920001136139035;81.0927505493164;31.953474044799805;-817.0;1108.0
;;23.924001136329025;80.69390106201172;32.3571662902832;-1115.0;950.0
;;23.928001136519015;80.287353515625;32.756134033203125;-914.0;1039.0
;;23.932001136709005;79.89586639404297;33.158966064453125;-1092.0;916.0
;;23.936001136898994;79.48171997070312;33.56169891357422;-972.0;990.0
;;23.940001137088984;79.09158325195312;33.95677185058594;-1026.0;892.0
;;23.944001137278974;78.68510437011719;34.355865478515625;-1167.0;668.0
;;23.948001137468964;78.28752899169922;34.7657470703125;-1015.0;665.0
;;23.952001137658954;77.88056182861328;35.16197967529297;-1130.0;707.0
;;23.956001137848943;77.4915542602539;35.56536102294922;-784.0;708.0
;;23.960001138038933;77.07857513427734;35.96614074707031;-819.0;878.0
;;23.964001138228923;76.70623016357422;36.36444091796875;-538.0;896.0
;;23.968001138418913;76.27974700927734;36.7591438293457;-942.0;880.0
;;23.972001138608903;75.87894439697266;37.16923522949219;-434.0;850.0
;;23.976001138798892;75.47647857666016;37.563758850097656;-895.0;930.0
;;23.980001138988882;75.08250427246094;37.96466827392578;-610.0;1162.0
;;23.984001139178872;74.67849731445312;38.367584228515625;-1023.0;1171.0
;;23.988001139368862;74.27439880371094;38.766197204589844;-483.0;1181.0
;;23.99200113955885;73.88663482666016;39.15834045410156;-911.0;1033.0
;;23.99600113974884;73.47116088867188;39.56719970703125;-543.0;842.0
;;24.00000113993883;73.07462310791016;39.965721130371094;-755.0;690.0
;;24.00400114012882;72.67528533935547;40.36304473876953;-583.0;839.0
;;24.00800114031881;72.28164672851562;40.76758575439453;-849.0;889.0
;;24.0120011405088;71.8685073852539;41.167877197265625;-577.0;796.0
;;24.01600114069879;71.48026275634766;41.56093978881836;-788.0;769.0
;;24.02000114088878;71.0703353881836;41.96534729003906;-702.0;648.0
;;24.02400114107877;70.67633819580078;42.37005615234375;-689.0;696.0
;;24.02800114126876;70.2703857421875;42.76451110839844;-755.0;801.0
;;24.03200114145875;69.88658142089844;43.1689338684082;-680.0;841.0
;;24.03600114164874;69.47050476074219;43.5698356628418;-848.0;817.0
;;24.04000114183873;69.07784271240234;43.964027404785156;-519.0;835.0
;;24.04400114202872;68.66767120361328;44.36292266845703;-839.0;566.0
;;24.04800114221871;68.2740478515625;44.77131652832031;-558.0;768.0
;;24.0520011424087;67.8718032836914;45.16802978515625;-924.0;645.0
;;24.05600114259869;67.48197937011719;45.56791305541992;-509.0;871.0
;;24.06000114278868;67.07425689697266;45.97166061401367;-989.0;768.0
;;24.064001142978668;66.67401123046875;46.365577697753906;-450.0;808.0
;;24.068001143168658;66.27072143554688;46.7622184753418;-1021.0;709.0
;;24.072001143358648;65.87020874023438;47.16999053955078;-538.0;646.0
;;24.076001143548638;65.4681625366211;47.5682487487793;-856.0;704.0
;;24.080001143738627;65.07727813720703;47.965187072753906;-583.0;962.0
;;24.084001143928617;64.67927551269531;48.373695373535156;-923.0;711.0
;;24.088001144118607;64.27135467529297;48.76624298095703;-470.0;996.0
;;24.092001144308597;63.872039794921875;49.16411209106445;-853.0;657.0
;;24.096001144498587;63.466522216796875;49.56732940673828;-639.0;752.0
;;24.100001144688576;63.072669982910156;49.97240447998047;-759.0;757.0
;;24.104001144878566;62.673988342285156;50.36172103881836;-677.0;885.0
;;24.108001145068556;62.28086853027344;50.77274703979492;-751.0;973.0
;;24.112001145258546;61.869224548339844;51.167633056640625;-667.0;909.0
;;24.116001145448536;61.47224426269531;51.55958557128906;-598.0;811.0
;;24.120001145638525;61.069053649902344;51.96630859375;-817.0;879.0
;;24.124001145828515;60.70001983642578;52.37330627441406;-694.0;936.0
;;24.128001146018505;60.26886749267578;52.75925827026367;-798.0;1125.0
;;24.132001146208495;59.87071228027344;53.16246032714844;-656.0;973.0
;;24.136001146398485;59.471031188964844;53.533538818359375;-962.0;1132.0
;;24.140001146588475;59.075775146484375;53.87432861328125;-562.0;1230.0
;;24.144001146778464;58.668304443359375;54.212066650390625;-879.0;803.0
;;24.148001146968454;58.267311096191406;54.5357666015625;-589.0;768.0
;;24.152001147158444;57.874664306640625;54.84446334838867;-954.0;691.0
;;24.156001147348434;57.481597900390625;55.12289047241211;-776.0;774.0
;;24.160001147538424;57.06809997558594;55.38850784301758;-796.0;773.0
;;24.164001147728413;56.66899108886719;55.657073974609375;-637.0;872.0
;;24.168001147918403;56.27198791503906;55.88862228393555;-838.0;759.0
;;24.172001148108393;55.869384765625;56.10438919067383;-649.0;724.0
;;24.176001148298383;55.467918395996094;56.314964294433594;-883.0;696.0
;;24.180001148488373;55.07489013671875;56.50575256347656;-786.0;729.0
;;24.184001148678362;54.670928955078125;56.67099380493164;-745.0;732.0
;;24.188001148868352;54.26946258544922;56.83937454223633;-607.0;680.0
;;24.192001149058342;53.873741149902344;56.98128890991211;-797.0;658.0
;;24.196001149248332;53.47180938720703;57.113895416259766;-707.0;660.0
;;24.20000114943832;53.06633758544922;57.22554397583008;-719.0;771.0
;;24.20400114962831;52.67250061035156;57.31885528564453;-583.0;709.0
;;24.2080011498183;52.27131652832031;57.40155029296875;-690.0;757.0
;;24.21200115000829;51.86724853515625;57.47044372558594;-664.0;836.0
;;24.21600115019828;51.47071075439453;57.52162170410156;-791.0;822.0
;;24.22000115038827;51.07232666015625;57.5557746887207;-757.0;762.0
;;24.22400115057826;50.665069580078125;57.568782806396484;-656.0;781.0
;;24.22800115076825;50.27081298828125;57.574928283691406;-763.0;824.0
;;24.23200115095824;49.87310028076172;57.58393478393555;-826.0;810.0
;;24.23600115114823;49.46930694580078;57.589210510253906;-787.0;816.0
;;24.24000115133822;49.070335388183594;57.58967971801758;-663.0;778.0
;;24.24400115152821;48.675437927246094;57.589439392089844;-651.0;777.0
;;24.2480011517182;48.26628112792969;57.59191131591797;-744.0;788.0
;;24.25200115190819;47.86958312988281;57.59384536743164;-733.0;787.0
;;24.25600115209818;47.47351837158203;57.59433364868164;-906.0;776.0
;;24.26000115228817;47.078277587890625;57.5953483581543;-599.0;785.0
;;24.26400115247816;46.67108917236328;57.59612274169922;-823.0;784.0
;;24.26800115266815;46.26203155517578;57.59663009643555;-581.0;776.0
;;24.272001152858138;45.862449645996094;57.597076416015625;-851.0;785.0
;;24.276001153048128;45.469871520996094;57.597328186035156;-686.0;771.0
;;24.280001153238118;45.07628631591797;57.59745788574219;-880.0;753.0
;;24.284001153428108;44.66832733154297;57.5975341796875;-698.0;748.0
;;24.288001153618097;44.269203186035156;57.597530364990234;-880.0;760.0
;;24.292001153808087;43.87492370605469;57.59763717651367;-701.0;777.0
;;24.296001153998077;43.472023010253906;57.5977897644043;-809.0;767.0
;;24.300001154188067;43.062477111816406;57.597965240478516;-514.0;758.0
;;24.304001154378057;42.674346923828125;57.59815216064453;-749.0;764.0
;;24.308001154568046;42.268341064453125;57.59838104248047;-585.0;762.0
;;24.312001154758036;41.878379821777344;57.59864807128906;-927.0;765.0
;;24.316001154948026;41.463104248046875;57.59891891479492;-631.0;756.0
;;24.320001155138016;41.06511688232422;57.59904861450195;-735.0;781.0
;;24.324001155328006;40.686180114746094;57.59922790527344;-693.0;770.0
;;24.328001155517995;40.27833557128906;57.599517822265625;-779.0;754.0
;;24.332001155707985;39.869041442871094;57.599693298339844;-818.0;764.0
;;24.336001155897975;39.47145080566406;57.59979248046875;-662.0;762.0
;;24.340001156087965;39.066017150878906;57.59977340698242;-866.0;758.0
;;24.344001156277955;38.67835998535156;57.59988784790039;-754.0;758.0
;;24.348001156467944;38.262489318847656;57.599945068359375;-840.0;747.0
;;24.352001156657934;37.871925354003906;57.5999870300293;-557.0;764.0
;;24.356001156847924;37.47071838378906;57.60004425048828;-1005.0;750.0
;;24.360001157037914;37.079559326171875;57.599998474121094;-417.0;746.0
;;24.364001157227904;36.66918182373047;57.60010528564453;-999.0;741.0
;;24.368001157417893;36.26494598388672;57.600074768066406;-536.0;771.0
;;24.372001157607883;35.86077880859375;57.600128173828125;-1180.0;756.0
;;24.376001157797873;35.469749450683594;57.60015869140625;-558.0;746.0
;;24.380001157987863;35.0765266418457;57.60009765625;-1095.0;741.0
;;24.384001158177853;34.66759490966797;57.6002311706543;-445.0;759.0
;;24.388001158367842;34.269798278808594;57.60013961791992;-1013.0;757.0
;;24.392001158557832;33.86976623535156;57.600242614746094;-510.0;757.0
;;24.396001158747822;33.47426986694336;57.6002082824707;-957.0;742.0
;;24.400001158937812;33.060997009277344;57.60014343261719;-402.0;754.0
;;24.4040011591278;32.67612075805664;57.600276947021484;-1029.0;744.0
;;24.40800115931779;32.265350341796875;57.60013198852539;-528.0;745.0
;;24.41200115950778;31.871929168701172;57.600284576416016;-824.0;752.0
;;24.41600115969777;31.463632583618164;57.6002197265625;-673.0;757.0
;;24.42000115988776;31.077028274536133;57.60021209716797;-908.0;749.0
;;24.42400116007775;30.65856170654297;57.6002082824707;-761.0;754.0
;;24.42800116026774;30.275314331054688;57.60017013549805;-831.0;750.0
;;24.43200116045773;29.86575698852539;57.600242614746094;-988.0;731.0
;;24.43600116064772;29.473098754882812;57.60017776489258;-633.0;766.0
;;24.44000116083771;29.063722610473633;57.60017776489258;-785.0;739.0
;;24.4440011610277;28.677940368652344;57.60017013549805;-620.0;745.0
;;24.44800116121769;28.2608585357666;57.60017013549805;-911.0;730.0
;;24.45200116140768;27.871747970581055;57.60016632080078;-552.0;726.0
;;24.45600116159767;27.470943450927734;57.600181579589844;-1087.0;733.0
;;24.46000116178766;27.069652557373047;57.60010528564453;-541.0;757.0
;;24.46400116197765;26.664621353149414;57.60017776489258;-1031.0;755.0
;;24.46800116216764;26.295522689819336;57.60016632080078;-524.0;761.0
;;24.47200116235763;25.86428451538086;57.60018539428711;-1082.0;737.0
;;24.476001162547618;25.464387893676758;57.6002082824707;-554.0;740.0
;;24.480001162737608;25.073240280151367;57.60013198852539;-1168.0;722.0
;;24.484001162927598;24.666854858398438;57.60022735595703;-569.0;771.0
;;24.488001163117588;24.267732620239258;57.60017776489258;-1025.0;745.0
;;24.492001163307577;23.868602752685547;57.60021209716797;-516.0;759.0
;;24.496001163497567;23.470855712890625;57.60020446777344;-987.0;756.0
;;24.500001163687557;23.061166763305664;57.60013961791992;-498.0;749.0
;;24.504001163877547;22.67221450805664;57.60027313232422;-1018.0;749.0
;;24.508001164067537;22.265758514404297;57.60014724731445;-646.0;728.0
;;24.512001164257526;21.866838455200195;57.60024642944336;-922.0;759.0
;;24.516001164447516;21.4649715423584;57.600189208984375;-666.0;764.0
;;24.520001164637506;21.04503631591797;57.60016632080078;-986.0;744.0
;;24.524001164827496;20.636152267456055;57.600276947021484;-692.0;739.0
;;24.528001165017486;20.244312286376953;57.600162506103516;-924.0;763.0
;;24.532001165207475;19.84307861328125;57.60031509399414;-844.0;733.0
;;24.536001165397465;19.440324783325195;57.60016632080078;-664.0;753.0
;;24.540001165587455;19.045154571533203;57.60021209716797;-853.0;740.0
;;24.544001165777445;18.64067840576172;57.60026168823242;-744.0;749.0
;;24.548001165967435;18.23696517944336;57.600162506103516;-698.0;741.0
;;24.552001166157424;17.842670440673828;57.60029602050781;-700.0;761.0
;;24.556001166347414;17.446802139282227;57.600162506103516;-909.0;719.0
;;24.560001166537404;17.042865753173828;57.600242614746094;-714.0;749.0
;;24.564001166727394;16.641258239746094;57.60023880004883;-799.0;731.0
;;24.568001166917384;16.237930297851562;57.60019302368164;-787.0;749.0
;;24.572001167107373;15.837172508239746;57.60030746459961;-824.0;746.0
;;24.576001167297363;15.440383911132812;57.60019302368164;-898.0;759.0
;;24.580001167487353;15.045819282531738;57.60029983520508;-836.0;727.0
;;24.584001167677343;14.644702911376953;57.60020065307617;-895.0;745.0
;;24.588001167867333;14.240966796875;57.60027313232422;-761.0;746.0
;;24.592001168057323;13.840522766113281;57.6002311706543;-883.0;755.0
;;24.596001168247312;13.435988426208496;57.6002197265625;-683.0;732.0
;;24.600001168437302;13.041126251220703;57.600303649902344;-852.0;744.0
;;24.604001168627292;12.642807006835938;57.600135803222656;-642.0;743.0
;;24.60800116881728;12.24842643737793;57.60028076171875;-883.0;748.0
;;24.61200116900727;11.837400436401367;57.60019302368164;-601.0;733.0
;;24.61600116919726;11.441200256347656;57.600257873535156;-902.0;735.0
;;24.62000116938725;11.031403541564941;57.60026168823242;-644.0;745.0
;;24.62400116957724;10.642066955566406;57.60011291503906;-943.0;738.0
;;24.62800116976723;10.239425659179688;57.60026931762695;-779.0;728.0
;;24.63200116995722;9.853446960449219;57.60018539428711;-903.0;729.0
;;24.63600117014721;9.442551612854004;57.60026931762695;-558.0;731.0
;;24.6400011703372;9.079357147216797;57.60022735595703;-561.0;745.0
;;24.64400117052719;8.718371391296387;57.600074768066406;-675.0;730.0
;;24.64800117071718;8.387436866760254;57.60029220581055;-433.0;721.0
;;24.65200117090717;8.071056365966797;57.60018539428711;-838.0;752.0
;;24.65600117109716;7.7624664306640625;57.60018539428711;-433.0;734.0
;;24.66000117128715;7.486886501312256;57.600223541259766;-849.0;724.0
;;24.66400117147714;7.208240985870361;57.60009765625;-578.0;722.0
;;24.66800117166713;6.948573112487793;57.6002311706543;-663.0;739.0
;;24.67200117185712;6.722869396209717;57.60015869140625;-644.0;741.0
;;24.67600117204711;6.497881889343262;57.600189208984375;-808.0;739.0
;;24.680001172237098;6.283407688140869;57.6002082824707;-601.0;752.0
;;24.684001172427088;6.096920013427734;57.60011291503906;-763.0;738.0
;;24.688001172617078;5.928675174713135;57.60023498535156;-759.0;746.0
;;24.692001172807068;5.7650275230407715;57.60020065307617;-776.0;721.0
;;24.696001172997057;5.627346038818359;57.600189208984375;-609.0;719.0
;;24.700001173187047;5.493352890014648;57.600189208984375;-806.0;736.0
;;24.704001173377037;5.381351470947266;57.60011291503906;-731.0;731.0
;;24.708001173567027;5.283481121063232;57.60025405883789;-783.0;757.0
;;24.712001173757017;5.201598167419434;57.60016632080078;-732.0;718.0
;;24.716001173947006;5.13325309753418;57.60021209716797;-772.0;734.0
;;24.720001174136996;5.078619956970215;57.60020065307617;-725.0;751.0
;;24.724001174326986;5.045004844665527;57.600059509277344;-672.0;742.0
;;24.728001174516976;5.033434867858887;57.600284576416016;-754.0;743.0
;;24.732001174706966;5.025888919830322;57.600189208984375;-840.0;744.0
;;24.736001174896955;5.015916347503662;57.60013961791992;-808.0;732.0
;;24.740001175086945;5.011865615844727;57.6002082824707;-763.0;727.0
;;24.744001175276935;5.012491703033447;57.60011291503906;-743.0;722.0
;;24.748001175466925;5.01113748550415;57.6002311706543;-782.0;748.0
;;24.752001175656915;5.007928848266602;57.60017395019531;-789.0;738.0
;;24.756001175846905;5.006731986999512;57.60023880004883;-770.0;734.0
;;24.760001176036894;5.006110191345215;57.60013198852539;-802.0;723.0
;;24.764001176226884;5.005030632019043;57.600128173828125;-792.0;734.0
;;24.768001176416874;5.004766464233398;57.60032272338867;-758.0;733.0
;;24.772001176606864;5.004914283752441;57.60012435913086;-759.0;739.0
;;24.776001176796854;5.004618167877197;57.60018539428711;-759.0;739.0
;;24.780001176986843;5.004594326019287;57.600276947021484;-749.0;728.0
;;24.784001177176833;5.004659652709961;57.600135803222656;-750.0;724.0
;;24.788001177366823;5.004571914672852;57.600135803222656;-759.0;733.0
;;24.792001177556813;5.004504203796387;57.60031509399414;-759.0;735.0
;;24.796001177746803;5.0043439865112305;57.600162506103516;-750.0;740.0
;;24.800001177936792;5.004145622253418;57.600189208984375;-745.0;745.0
;;24.804001178126782;5.0038743019104;57.60032272338867;-754.0;720.0
;;24.808001178316772;5.003603458404541;57.60017395019531;-756.0;721.0
;;24.812001178506762;5.003287315368652;57.59998321533203;-759.0;725.0
;;24.81600117869675;5.002887725830078;57.60036849975586;-770.0;736.0
;;24.82000117888674;5.002538681030273;57.60026931762695;-759.0;739.0
;;24.82400117907673;5.002218246459961;57.599945068359375;-775.0;755.0
;;24.82800117926672;5.001898288726807;57.600318908691406;-767.0;747.0
;;24.83200117945671;5.001550674438477;57.60028076171875;-762.0;740.0
;;24.8360011796467;5.0012922286987305;57.60003662109375;-771.0;732.0
;;24.84000117983669;5.001034736633301;57.59992980957031;-770.0;741.0
;;24.84400118002668;5.000826358795166;57.60009002685547;-773.0;732.0
;;24.84800118021667;5.00058650970459;57.599761962890625;-788.0;728.0
;;24.85200118040666;5.00048828125;57.60004425048828;-764.0;737.0
;;24.85600118059665;5.000365257263184;57.60004425048828;-767.0;734.0
;;24.86000118078664;5.000273704528809;57.59987258911133;-771.0;731.0
;;24.86400118097663;5.000266075134277;57.60005187988281;-764.0;740.0
;;24.86800118116662;5.0002217292785645;57.59987258911133;-763.0;740.0
;;24.87200118135661;5.000146865844727;57.60004806518555;-762.0;755.0
;;24.8760011815466;5.000153064727783;57.5999755859375;-756.0;763.0
;;24.88000118173659;5.000082969665527;57.59988784790039;-764.0;743.0
;;24.88400118192658;5.000099182128906;57.600093841552734;-763.0;739.0
;;24.888001182116568;5.00003719329834;57.599918365478516;-763.0;726.0
;;24.892001182306558;5.000095844268799;57.600128173828125;-742.0;741.0
;;24.896001182496548;5.0000176429748535;57.60011291503906;-762.0;750.0
;;24.900001182686538;5.000051021575928;57.599998474121094;-740.0;749.0
;;24.904001182876527;5.000039577484131;57.60024642944336;-755.0;733.0
;;24.908001183066517;5.000023365020752;57.60010528564453;-764.0;746.0
;;24.912001183256507;5.000034332275391;57.60014724731445;-754.0;742.0
;;24.916001183446497;4.999963760375977;57.600257873535156;-752.0;748.0
;;24.920001183636487;5.000018119812012;57.600040435791016;-756.0;747.0
;;24.924001183826476;4.9999589920043945;57.6002311706543;-755.0;742.0
;;24.928001184016466;4.999990463256836;57.60026550292969;-745.0;731.0
;;24.932001184206456;4.999981880187988;57.60016632080078;-752.0;749.0
;;24.936001184396446;4.999995231628418;57.600303649902344;-747.0;751.0
;;24.940001184586436;4.999992847442627;57.60015106201172;-744.0;725.0
;;24.944001184776425;5.000018119812012;57.600242614746094;-756.0;735.0
;;24.948001184966415;4.999969482421875;57.600318908691406;-756.0;745.0
;;24.952001185156405;5.000024795532227;57.60020065307617;-746.0;732.0
;;24.956001185346395;4.999948501586914;57.60038757324219;-771.0;749.0
;;24.960001185536385;4.999998092651367;57.600223541259766;-741.0;733.0
;;24.964001185726374;4.999993324279785;57.60024642944336;-756.0;729.0
;;24.968001185916364;4.999970436096191;57.60041046142578;-744.0;745.0
;;24.972001186106354;4.99998664855957;57.60015106201172;-752.0;741.0
;;24.976001186296344;4.999987602233887;57.600379943847656;-743.0;746.0
;;24.980001186486334;5.000014781951904;57.60035705566406;-742.0;740.0
;;24.984001186676323;5.000002384185791;57.600120544433594;-738.0;726.0
;;24.988001186866313;4.999988555908203;57.6003303527832;-762.0;720.0
;;24.992001187056303;5.000027656555176;57.60021209716797;-744.0;736.0
;;24.996001187246293;4.999995231628418;57.60024642944336;-756.0;735.0
;;25.000001187436283;5.00001335144043;57.60033416748047;-746.0;738.0
;;25.004001187626272;5.000004291534424;57.60012435913086;-740.0;745.0
;;25.008001187816262;5.000003337860107;57.600303649902344;-751.0;745.0
;;25.012001188006252;4.999990940093994;57.6002082824707;-750.0;735.0
;;25.016001188196242;5.000000953674316;57.600215911865234;-750.0;738.0
;;25.02000118838623;5.000007629394531;57.60028839111328;-745.0;756.0
;;25.02400118857622;5.0000152587890625;57.60013198852539;-739.0;729.0
;;25.02800118876621;4.9999895095825195;57.60028076171875;-745.0;730.0
;;25.0320011889562;4.999992370605469;57.60015869140625;-745.0;740.0
;;25.03600118914619;5.0;57.600196838378906;-739.0;719.0
;;25.04000118933618;4.999966621398926;57.6002082824707;-746.0;728.0
;;25.04400118952617;5.000006675720215;57.600093841552734;-758.0;745.0
;;25.04800118971616;4.999979496002197;57.6002197265625;-763.0;747.0
;;25.05200118990615;4.999979496002197;57.60015869140625;-744.0;740.0
;;25.05600119009614;4.999969959259033;57.60011672973633;-738.0;735.0
;;25.06000119028613;4.999972343444824;57.600181579589844;-732.0;725.0
;;25.06400119047612;4.999971389770508;57.60004425048828;-754.0;733.0
;;25.06800119066611;4.999934196472168;57.60017013549805;-752.0;740.0
;;25.0720011908561;4.999942779541016;57.600120544433594;-740.0;747.0
;;25.07600119104609;4.999931812286377;57.600059509277344;-729.0;739.0
;;25.08000119123608;4.999935626983643;57.600181579589844;-736.0;727.0
;;25.08400119142607;4.999939441680908;57.5999870300293;-732.0;735.0
;;25.08800119161606;4.999908447265625;57.600101470947266;-749.0;733.0
;;25.092001191806048;4.999917030334473;57.600181579589844;-738.0;736.0
;;25.096001191996038;4.999912261962891;57.59995651245117;-722.0;749.0
;;25.100001192186028;4.999889850616455;57.600093841552734;-758.0;744.0
;;25.104001192376018;4.999885559082031;57.600067138671875;-748.0;740.0
;;25.108001192566007;4.999879837036133;57.5999755859375;-749.0;728.0
;;25.112001192755997;4.999881744384766;57.60016632080078;-738.0;740.0
;;25.116001192945987;4.999862194061279;57.5999870300293;-731.0;737.0
